2025-10-22T14:18:20+00:00 WARNING There was an issue trying to sync the COFE connection
Context: {
    "message": "Failed Graphql call. Response: {\"errors\":[{\"message\":\"Exception: Connection sync failed for woocommerce http:\/\/the-peak-beyond-modal.local RequestId: cd1aec1c-ddfd-4d28-96f1-4525932daca3\",\"extensions\":{\"classification\":\"ValidationError\",\"errorType\":\"BAD_REQUEST\"}}],\"data\":{}}",
    "trace": [
        {
            "file": "\/Users\/jeff\/Projects\/tpb-store-modal\/local-site\/app\/public\/wp-content\/plugins\/activecampaign-for-woocommerce\/includes\/repositories\/class-activecampaign-for-woocommerce-product-repository.php",
            "line": 101,
            "function": "sync_mutation",
            "class": "Activecampaign_For_Woocommerce_Api_Client_Graphql",
            "type": "->",
            "args": [
                "syncLegacyConnection",
                "woocommerce",
                "http:\/\/the-peak-beyond-modal.local",
                [
                    "id"
                ]
            ]
        },
        {
            "file": "\/Users\/jeff\/Projects\/tpb-store-modal\/local-site\/app\/public\/wp-content\/plugins\/activecampaign-for-woocommerce\/includes\/products\/class-activecampaign-for-woocommerce-product-sync-job.php",
            "line": 282,
            "function": "sync_connection",
            "class": "Activecampaign_For_Woocommerce_Product_Repository",
            "type": "->",
            "args": []
        },
        {
            "file": "\/Users\/jeff\/Projects\/tpb-store-modal\/local-site\/app\/public\/wp-includes\/class-wp-hook.php",
            "line": 324,
            "function": "run_sync_connection",
            "class": "Activecampaign_For_Woocommerce_Product_Sync_Job",
            "type": "->",
            "args": [
                ""
            ]
        },
        {
            "file": "\/Users\/jeff\/Projects\/tpb-store-modal\/local-site\/app\/public\/wp-includes\/class-wp-hook.php",
            "line": 348,
            "function": "apply_filters",
            "class": "WP_Hook",
            "type": "->",
            "args": [
                "",
                [
                    ""
                ]
            ]
        },
        {
            "file": "\/Users\/jeff\/Projects\/tpb-store-modal\/local-site\/app\/public\/wp-includes\/plugin.php",
            "line": 517,
            "function": "do_action",
            "class": "WP_Hook",
            "type": "->",
            "args": [
                [
                    ""
                ]
            ]
        },
        {
            "file": "\/Users\/jeff\/Projects\/tpb-store-modal\/local-site\/app\/public\/wp-content\/plugins\/activecampaign-for-woocommerce\/includes\/products\/class-activecampaign-for-woocommerce-product-sync-job.php",
            "line": 167,
            "function": "do_action",
            "args": [
                "activecampaign_for_woocommerce_run_sync_connection"
            ]
        },
        {
            "file": "\/Users\/jeff\/Projects\/tpb-store-modal\/local-site\/app\/public\/wp-includes\/class-wp-hook.php",
            "line": 324,
            "function": "save_or_update_product_status",
            "class": "Activecampaign_For_Woocommerce_Product_Sync_Job",
            "type": "->",
            "args": [
                4833,
                "instock",
                {}
            ]
        },
        {
            "file": "\/Users\/jeff\/Projects\/tpb-store-modal\/local-site\/app\/public\/wp-includes\/class-wp-hook.php",
            "line": 348,
            "function": "apply_filters",
            "class": "WP_Hook",
            "type": "->",
            "args": [
                null,
                [
                    4833,
                    "instock",
                    {}
                ]
            ]
        },
        {
            "file": "\/Users\/jeff\/Projects\/tpb-store-modal\/local-site\/app\/public\/wp-includes\/plugin.php",
            "line": 517,
            "function": "do_action",
            "class": "WP_Hook",
            "type": "->",
            "args": [
                [
                    4833,
                    "instock",
                    {}
                ]
            ]
        },
        {
            "file": "\/Users\/jeff\/Projects\/tpb-store-modal\/local-site\/app\/public\/wp-content\/plugins\/woocommerce\/includes\/data-stores\/class-wc-product-data-store-cpt.php",
            "line": 881,
            "function": "do_action",
            "args": [
                "woocommerce_product_set_stock_status",
                4833,
                "instock",
                {}
            ]
        },
        {
            "file": "\/Users\/jeff\/Projects\/tpb-store-modal\/local-site\/app\/public\/wp-content\/plugins\/woocommerce\/includes\/data-stores\/class-wc-product-data-store-cpt.php",
            "line": 383,
            "function": "handle_updated_props",
            "class": "WC_Product_Data_Store_CPT",
            "type": "->",
            "args": [
                {}
            ]
        },
        {
            "file": "\/Users\/jeff\/Projects\/tpb-store-modal\/local-site\/app\/public\/wp-content\/plugins\/woocommerce\/includes\/class-wc-data-store.php",
            "line": 196,
            "function": "update",
            "class": "WC_Product_Data_Store_CPT",
            "type": "->",
            "args": [
                {}
            ]
        },
        {
            "file": "\/Users\/jeff\/Projects\/tpb-store-modal\/local-site\/app\/public\/wp-content\/plugins\/woocommerce\/includes\/abstracts\/abstract-wc-product.php",
            "line": 1479,
            "function": "update",
            "class": "WC_Data_Store",
            "type": "->",
            "args": [
                {}
            ]
        },
        {
            "file": "\/Users\/jeff\/Projects\/tpb-store-modal\/local-site\/app\/public\/wp-content\/plugins\/woocommerce\/includes\/admin\/meta-boxes\/class-wc-meta-box-product-data.php",
            "line": 437,
            "function": "save",
            "class": "WC_Product",
            "type": "->",
            "args": []
        },
        {
            "file": "\/Users\/jeff\/Projects\/tpb-store-modal\/local-site\/app\/public\/wp-includes\/class-wp-hook.php",
            "line": 324,
            "function": "save",
            "class": "WC_Meta_Box_Product_Data",
            "type": "::",
            "args": [
                4833,
                {
                    "ID": 4833,
                    "post_author": "1",
                    "post_date": "2025-10-22 14:18:19",
                    "post_date_gmt": "2025-10-22 14:18:19",
                    "post_content": "",
                    "post_title": "Category Station Configure Now",
                    "post_excerpt": "",
                    "post_status": "publish",
                    "comment_status": "closed",
                    "ping_status": "closed",
                    "post_\":\"*REMOVED*\"
                    "post_name": "category-station-configure-now",
                    "to_ping": "",
                    "pinged": "",
                    "post_modified": "2025-10-22 14:18:19",
                    "post_modified_gmt": "2025-10-22 14:18:19",
                    "post_content_filtered": "",
                    "post_parent": 0,
                    "guid": "http:\/\/the-peak-beyond-modal.local\/?post_type=product&#038;p=4833",
                    "menu_order": 0,
                    "post_type": "product",
                    "post_mime_type": "",
                    "comment_count": "0",
                    "filter": "raw"
                }
            ]
        },
        {
            "file": "\/Users\/jeff\/Projects\/tpb-store-modal\/local-site\/app\/public\/wp-includes\/class-wp-hook.php",
            "line": 348,
            "function": "apply_filters",
            "class": "WP_Hook",
            "type": "->",
            "args": [
                4833,
                [
                    4833,
                    {
                        "ID": 4833,
                        "post_author": "1",
                        "post_date": "2025-10-22 14:18:19",
                        "post_date_gmt": "2025-10-22 14:18:19",
                        "post_content": "",
                        "post_title": "Category Station Configure Now",
                        "post_excerpt": "",
                        "post_status": "publish",
                        "comment_status": "closed",
                        "ping_status": "closed",
                        "post_\":\"*REMOVED*\"
                        "post_name": "category-station-configure-now",
                        "to_ping": "",
                        "pinged": "",
                        "post_modified": "2025-10-22 14:18:19",
                        "post_modified_gmt": "2025-10-22 14:18:19",
                        "post_content_filtered": "",
                        "post_parent": 0,
                        "guid": "http:\/\/the-peak-beyond-modal.local\/?post_type=product&#038;p=4833",
                        "menu_order": 0,
                        "post_type": "product",
                        "post_mime_type": "",
                        "comment_count": "0",
                        "filter": "raw"
                    }
                ]
            ]
        },
        {
            "file": "\/Users\/jeff\/Projects\/tpb-store-modal\/local-site\/app\/public\/wp-includes\/plugin.php",
            "line": 517,
            "function": "do_action",
            "class": "WP_Hook",
            "type": "->",
            "args": [
                [
                    4833,
                    {
                        "ID": 4833,
                        "post_author": "1",
                        "post_date": "2025-10-22 14:18:19",
                        "post_date_gmt": "2025-10-22 14:18:19",
                        "post_content": "",
                        "post_title": "Category Station Configure Now",
                        "post_excerpt": "",
                        "post_status": "publish",
                        "comment_status": "closed",
                        "ping_status": "closed",
                        "post_\":\"*REMOVED*\"
                        "post_name": "category-station-configure-now",
                        "to_ping": "",
                        "pinged": "",
                        "post_modified": "2025-10-22 14:18:19",
                        "post_modified_gmt": "2025-10-22 14:18:19",
                        "post_content_filtered": "",
                        "post_parent": 0,
                        "guid": "http:\/\/the-peak-beyond-modal.local\/?post_type=product&#038;p=4833",
                        "menu_order": 0,
                        "post_type": "product",
                        "post_mime_type": "",
                        "comment_count": "0",
                        "filter": "raw"
                    }
                ]
            ]
        },
        {
            "file": "\/Users\/jeff\/Projects\/tpb-store-modal\/local-site\/app\/public\/wp-content\/plugins\/woocommerce\/includes\/admin\/class-wc-admin-meta-boxes.php",
            "line": 272,
            "function": "do_action",
            "args": [
                "woocommerce_process_product_meta",
                4833,
                {
                    "ID": 4833,
                    "post_author": "1",
                    "post_date": "2025-10-22 14:18:19",
                    "post_date_gmt": "2025-10-22 14:18:19",
                    "post_content": "",
                    "post_title": "Category Station Configure Now",
                    "post_excerpt": "",
                    "post_status": "publish",
                    "comment_status": "closed",
                    "ping_status": "closed",
                    "post_\":\"*REMOVED*\"
                    "post_name": "category-station-configure-now",
                    "to_ping": "",
                    "pinged": "",
                    "post_modified": "2025-10-22 14:18:19",
                    "post_modified_gmt": "2025-10-22 14:18:19",
                    "post_content_filtered": "",
                    "post_parent": 0,
                    "guid": "http:\/\/the-peak-beyond-modal.local\/?post_type=product&#038;p=4833",
                    "menu_order": 0,
                    "post_type": "product",
                    "post_mime_type": "",
                    "comment_count": "0",
                    "filter": "raw"
                }
            ]
        },
        {
            "file": "\/Users\/jeff\/Projects\/tpb-store-modal\/local-site\/app\/public\/wp-includes\/class-wp-hook.php",
            "line": 326,
            "function": "save_meta_boxes",
            "class": "WC_Admin_Meta_Boxes",
            "type": "->",
            "args": [
                4833,
                {
                    "ID": 4833,
                    "post_author": "1",
                    "post_date": "2025-10-22 14:18:19",
                    "post_date_gmt": "2025-10-22 14:18:19",
                    "post_content": "",
                    "post_title": "Category Station Configure Now",
                    "post_excerpt": "",
                    "post_status": "publish",
                    "comment_status": "closed",
                    "ping_status": "closed",
                    "post_\":\"*REMOVED*\"
                    "post_name": "category-station-configure-now",
                    "to_ping": "",
                    "pinged": "",
                    "post_modified": "2025-10-22 14:18:19",
                    "post_modified_gmt": "2025-10-22 14:18:19",
                    "post_content_filtered": "",
                    "post_parent": 0,
                    "guid": "http:\/\/the-peak-beyond-modal.local\/?post_type=product&#038;p=4833",
                    "menu_order": 0,
                    "post_type": "product",
                    "post_mime_type": "",
                    "comment_count": "0",
                    "filter": "raw"
                }
            ]
        },
        {
            "file": "\/Users\/jeff\/Projects\/tpb-store-modal\/local-site\/app\/public\/wp-includes\/class-wp-hook.php",
            "line": 348,
            "function": "apply_filters",
            "class": "WP_Hook",
            "type": "->",
            "args": [
                null,
                [
                    4833,
                    {
                        "ID": 4833,
                        "post_author": "1",
                        "post_date": "2025-10-22 14:18:19",
                        "post_date_gmt": "2025-10-22 14:18:19",
                        "post_content": "",
                        "post_title": "Category Station Configure Now",
                        "post_excerpt": "",
                        "post_status": "publish",
                        "comment_status": "closed",
                        "ping_status": "closed",
                        "post_\":\"*REMOVED*\"
                        "post_name": "category-station-configure-now",
                        "to_ping": "",
                        "pinged": "",
                        "post_modified": "2025-10-22 14:18:19",
                        "post_modified_gmt": "2025-10-22 14:18:19",
                        "post_content_filtered": "",
                        "post_parent": 0,
                        "guid": "http:\/\/the-peak-beyond-modal.local\/?post_type=product&#038;p=4833",
                        "menu_order": 0,
                        "post_type": "product",
                        "post_mime_type": "",
                        "comment_count": "0",
                        "filter": "raw"
                    },
                    true
                ]
            ]
        },
        {
            "file": "\/Users\/jeff\/Projects\/tpb-store-modal\/local-site\/app\/public\/wp-includes\/plugin.php",
            "line": 517,
            "function": "do_action",
            "class": "WP_Hook",
            "type": "->",
            "args": [
                [
                    4833,
                    {
                        "ID": 4833,
                        "post_author": "1",
                        "post_date": "2025-10-22 14:18:19",
                        "post_date_gmt": "2025-10-22 14:18:19",
                        "post_content": "",
                        "post_title": "Category Station Configure Now",
                        "post_excerpt": "",
                        "post_status": "publish",
                        "comment_status": "closed",
                        "ping_status": "closed",
                        "post_\":\"*REMOVED*\"
                        "post_name": "category-station-configure-now",
                        "to_ping": "",
                        "pinged": "",
                        "post_modified": "2025-10-22 14:18:19",
                        "post_modified_gmt": "2025-10-22 14:18:19",
                        "post_content_filtered": "",
                        "post_parent": 0,
                        "guid": "http:\/\/the-peak-beyond-modal.local\/?post_type=product&#038;p=4833",
                        "menu_order": 0,
                        "post_type": "product",
                        "post_mime_type": "",
                        "comment_count": "0",
                        "filter": "raw"
                    },
                    true
                ]
            ]
        },
        {
            "file": "\/Users\/jeff\/Projects\/tpb-store-modal\/local-site\/app\/public\/wp-includes\/post.php",
            "line": 5110,
            "function": "do_action",
            "args": [
                "save_post",
                4833,
                {
                    "ID": 4833,
                    "post_author": "1",
                    "post_date": "2025-10-22 14:18:19",
                    "post_date_gmt": "2025-10-22 14:18:19",
                    "post_content": "",
                    "post_title": "Category Station Configure Now",
                    "post_excerpt": "",
                    "post_status": "publish",
                    "comment_status": "closed",
                    "ping_status": "closed",
                    "post_\":\"*REMOVED*\"
                    "post_name": "category-station-configure-now",
                    "to_ping": "",
                    "pinged": "",
                    "post_modified": "2025-10-22 14:18:19",
                    "post_modified_gmt": "2025-10-22 14:18:19",
                    "post_content_filtered": "",
                    "post_parent": 0,
                    "guid": "http:\/\/the-peak-beyond-modal.local\/?post_type=product&#038;p=4833",
                    "menu_order": 0,
                    "post_type": "product",
                    "post_mime_type": "",
                    "comment_count": "0",
                    "filter": "raw"
                },
                true
            ]
        },
        {
            "file": "\/Users\/jeff\/Projects\/tpb-store-modal\/local-site\/app\/public\/wp-includes\/post.php",
            "line": 5212,
            "function": "wp_insert_post",
            "args": [
                {
                    "post_author": 1,
                    "post_content": "",
                    "post_content_filtered": "",
                    "post_title": "Category Station Configure Now",
                    "post_excerpt": "",
                    "post_status": "publish",
                    "post_type": "product",
                    "comment_status": "closed",
                    "ping_status": "closed",
                    "post_\":\"*REMOVED*\"
                    "to_ping": "",
                    "pinged": "",
                    "post_parent": 0,
                    "menu_order": 0,
                    "guid": "http:\/\/the-peak-beyond-modal.local\/?post_type=product&#038;p=4833",
                    "import_id": 0,
                    "context": "",
                    "post_date": "2025-10-22 14:18:19",
                    "post_date_gmt": "",
                    "ID": 4833,
                    "post_name": "",
                    "post_modified": "2025-10-22 14:17:07",
                    "post_modified_gmt": "2025-10-22 14:17:07",
                    "post_mime_type": "",
                    "comment_count": "0",
                    "ancestors": [],
                    "page_template": "",
                    "post_category": [],
                    "tags_input": [],
                    "_wpnonce": "79bd7db124",
                    "_wp_http_referer": "\/wp-admin\/post-new.php?post_type=product",
                    "user_ID": 1,
                    "action": "editpost",
                    "originalaction": "editpost",
                    "original_post_status": "auto-draft",
                    "referredby": "http:\/\/the-peak-beyond-modal.local\/wp-admin\/edit.php?post_type=product",
                    "_wp_original_http_referer": "http:\/\/the-peak-beyond-modal.local\/wp-admin\/edit.php?post_type=product",
                    "auto_draft": "",
                    "post_ID": "4833",
                    "meta-box-order-nonce": "a2cb635876",
                    "closedpostboxesnonce": "61ffd44ee2",
                    "original_post_title": "",
                    "samplepermalinknonce": "3c9d21b58b",
                    "content": "",
                    "wp-preview": "",
                    "hidden_post_status": "draft",
                    "hidden_post_\":\"*REMOVED*\"
                    "hidden_post_visibility": "public",
                    "visibility": "public",
                    "mm": "10",
                    "jj": "22",
                    "aa": "2025",
                    "hh": "14",
                    "mn": "16",
                    "ss": "56",
                    "hidden_mm": "10",
                    "cur_mm": "10",
                    "hidden_jj": "22",
                    "cur_jj": "22",
                    "hidden_aa": "2025",
                    "cur_aa": "2025",
                    "hidden_hh": "14",
                    "cur_hh": "14",
                    "hidden_mn": "16",
                    "cur_mn": "16",
                    "current_visibility": "visible",
                    "current_featured": "no",
                    "_visibility": "visible",
                    "original_publish": "Publish",
                    "publish": "Publish",
                    "_thumbnail_id": "2055",
                    "woocommerce_meta_nonce": "dc665b1ddb",
                    "product_image_gallery": "",
                    "tax_input": {
                        "product_cat": [
                            0
                        ],
                        "product_tag": [],
                        "product_brand": [
                            0
                        ]
                    },
                    "newproduct_cat": "New category name",
                    "newproduct_cat_parent": "-1",
                    "_ajax_nonce-add-product_cat": "58b328ba56",
                    "newtag": {
                        "product_tag": ""
                    },
                    "newproduct_brand": "New Brand Name",
                    "newproduct_brand_parent": "-1",
                    "_ajax_nonce-add-product_brand": "b4b90d9f48",
                    "yoast_free_metabox_nonce": "260e5e2f40",
                    "yoast_wpseo_focuskw": "",
                    "yoast_wpseo_title": "",
                    "yoast_wpseo_metadesc": "",
                    "yoast_wpseo_linkdex": "-662",
                    "yoast_wpseo_content_score": "90",
                    "yoast_wpseo_inclusive_language_score": "0",
                    "yoast_wpseo_is_cornerstone": "false",
                    "yoast_wpseo_focuskeywords": "",
                    "yoast_wpseo_keywordsynonyms": "",
                    "yoast_wpseo_estimated-reading-time-minutes": "1",
                    "yoast_wpseo_words_for_linking": "",
                    "yoast_wpseo_meta-robots-noindex": "0",
                    "yoast_wpseo_meta-robots-nofollow": "0",
                    "yoast_wpseo_meta-robots-adv": "",
                    "yoast_wpseo_bctitle": "",
                    "yoast_wpseo_canonical": "",
                    "yoast_wpseo_schema_page_type": "",
                    "yoast_wpseo_opengraph-title": "",
                    "yoast_wpseo_opengraph-description": "",
                    "yoast_wpseo_opengraph-image": "",
                    "yoast_wpseo_opengraph-image-id": "",
                    "yoast_wpseo_twitter-title": "",
                    "yoast_wpseo_twitter-description": "",
                    "yoast_wpseo_twitter-image": "",
                    "yoast_wpseo_twitter-image-id": "",
                    "yoast_wpseo_primary_product_brand_term": "",
                    "yoast_wpseo_primary_product_brand_nonce": "91c693122f",
                    "yoast_wpseo_primary_product_cat_term": "",
                    "yoast_wpseo_primary_product_cat_nonce": "91c693122f",
                    "screen": "mobile",
                    "product-type": "simple",
                    "_product_url": "",
                    "_button_text": "",
                    "_regular_price": "",
                    "_sale_price": "",
                    "_sale_price_dates_from": "",
                    "_sale_price_dates_to": "",
                    "_download_limit": "",
                    "_download_expiry": "",
                    "_tax_status": "taxable",
                    "_tax_class": "",
                    "_sku": "",
                    "_global_unique_id": "",
                    "_stock_status": "instock",
                    "_weight": "",
                    "_length": "",
                    "_width": "",
                    "_height": "",
                    "product_shipping_class": "-1",
                    "_purchase_note": "",
                    "metakeyselect": "#NONE#",
                    "metakeyinput": "",
                    "metavalue": "",
                    "_ajax_nonce-add-meta": "3f3c277759",
                    "excerpt": "",
                    "filter": "db"
                },
                false,
                true
            ]
        },
        {
            "file": "\/Users\/jeff\/Projects\/tpb-store-modal\/local-site\/app\/public\/wp-admin\/includes\/post.php",
            "line": 453,
            "function": "wp_update_post",
            "args": [
                {
                    "ID": 4833,
                    "post_author": 1,
                    "post_date": "2025-10-22 14:18:19",
                    "post_date_gmt": "",
                    "post_content": "",
                    "post_title": "Category Station Configure Now",
                    "post_excerpt": "",
                    "post_status": "publish",
                    "comment_status": "closed",
                    "ping_status": "closed",
                    "post_\":\"*REMOVED*\"
                    "post_name": "",
                    "to_ping": "",
                    "pinged": "",
                    "post_modified": "2025-10-22 14:17:07",
                    "post_modified_gmt": "2025-10-22 14:17:07",
                    "post_content_filtered": "",
                    "post_parent": 0,
                    "guid": "http:\/\/the-peak-beyond-modal.local\/?post_type=product&#038;p=4833",
                    "menu_order": "0",
                    "post_type": "product",
                    "post_mime_type": "",
                    "comment_count": "0",
                    "filter": "raw",
                    "ancestors": [],
                    "page_template": "",
                    "post_category": [],
                    "tags_input": [],
                    "_wpnonce": "79bd7db124",
                    "_wp_http_referer": "\/wp-admin\/post-new.php?post_type=product",
                    "user_ID": 1,
                    "action": "editpost",
                    "originalaction": "editpost",
                    "original_post_status": "auto-draft",
                    "referredby": "http:\/\/the-peak-beyond-modal.local\/wp-admin\/edit.php?post_type=product",
                    "_wp_original_http_referer": "http:\/\/the-peak-beyond-modal.local\/wp-admin\/edit.php?post_type=product",
                    "auto_draft": "",
                    "post_ID": "4833",
                    "meta-box-order-nonce": "a2cb635876",
                    "closedpostboxesnonce": "61ffd44ee2",
                    "original_post_title": "",
                    "samplepermalinknonce": "3c9d21b58b",
                    "content": "",
                    "wp-preview": "",
                    "hidden_post_status": "draft",
                    "hidden_post_\":\"*REMOVED*\"
                    "hidden_post_visibility": "public",
                    "visibility": "public",
                    "mm": "10",
                    "jj": "22",
                    "aa": "2025",
                    "hh": "14",
                    "mn": "16",
                    "ss": "56",
                    "hidden_mm": "10",
                    "cur_mm": "10",
                    "hidden_jj": "22",
                    "cur_jj": "22",
                    "hidden_aa": "2025",
                    "cur_aa": "2025",
                    "hidden_hh": "14",
                    "cur_hh": "14",
                    "hidden_mn": "16",
                    "cur_mn": "16",
                    "current_visibility": "visible",
                    "current_featured": "no",
                    "_visibility": "visible",
                    "original_publish": "Publish",
                    "publish": "Publish",
                    "_thumbnail_id": "2055",
                    "woocommerce_meta_nonce": "dc665b1ddb",
                    "product_image_gallery": "",
                    "tax_input": {
                        "product_cat": [
                            0
                        ],
                        "product_tag": [],
                        "product_brand": [
                            0
                        ]
                    },
                    "newproduct_cat": "New category name",
                    "newproduct_cat_parent": "-1",
                    "_ajax_nonce-add-product_cat": "58b328ba56",
                    "newtag": {
                        "product_tag": ""
                    },
                    "newproduct_brand": "New Brand Name",
                    "newproduct_brand_parent": "-1",
                    "_ajax_nonce-add-product_brand": "b4b90d9f48",
                    "yoast_free_metabox_nonce": "260e5e2f40",
                    "yoast_wpseo_focuskw": "",
                    "yoast_wpseo_title": "",
                    "yoast_wpseo_metadesc": "",
                    "yoast_wpseo_linkdex": "-662",
                    "yoast_wpseo_content_score": "90",
                    "yoast_wpseo_inclusive_language_score": "0",
                    "yoast_wpseo_is_cornerstone": "false",
                    "yoast_wpseo_focuskeywords": "",
                    "yoast_wpseo_keywordsynonyms": "",
                    "yoast_wpseo_estimated-reading-time-minutes": "1",
                    "yoast_wpseo_words_for_linking": "",
                    "yoast_wpseo_meta-robots-noindex": "0",
                    "yoast_wpseo_meta-robots-nofollow": "0",
                    "yoast_wpseo_meta-robots-adv": "",
                    "yoast_wpseo_bctitle": "",
                    "yoast_wpseo_canonical": "",
                    "yoast_wpseo_schema_page_type": "",
                    "yoast_wpseo_opengraph-title": "",
                    "yoast_wpseo_opengraph-description": "",
                    "yoast_wpseo_opengraph-image": "",
                    "yoast_wpseo_opengraph-image-id": "",
                    "yoast_wpseo_twitter-title": "",
                    "yoast_wpseo_twitter-description": "",
                    "yoast_wpseo_twitter-image": "",
                    "yoast_wpseo_twitter-image-id": "",
                    "yoast_wpseo_primary_product_brand_term": "",
                    "yoast_wpseo_primary_product_brand_nonce": "91c693122f",
                    "yoast_wpseo_primary_product_cat_term": "",
                    "yoast_wpseo_primary_product_cat_nonce": "91c693122f",
                    "screen": "mobile",
                    "product-type": "simple",
                    "_product_url": "",
                    "_button_text": "",
                    "_regular_price": "",
                    "_sale_price": "",
                    "_sale_price_dates_from": "",
                    "_sale_price_dates_to": "",
                    "_download_limit": "",
                    "_download_expiry": "",
                    "_tax_status": "taxable",
                    "_tax_class": "",
                    "_sku": "",
                    "_global_unique_id": "",
                    "_stock_status": "instock",
                    "_weight": "",
                    "_length": "",
                    "_width": "",
                    "_height": "",
                    "product_shipping_class": "-1",
                    "_purchase_note": "",
                    "metakeyselect": "#NONE#",
                    "metakeyinput": "",
                    "metavalue": "",
                    "_ajax_nonce-add-meta": "3f3c277759",
                    "excerpt": ""
                }
            ]
        },
        {
            "file": "\/Users\/jeff\/Projects\/tpb-store-modal\/local-site\/app\/public\/wp-admin\/post.php",
            "line": 227,
            "function": "edit_post",
            "args": []
        }
    ],
    "source": "activecampaign-for-woocommerce",
    "version": "2.10.1",
    "request_id": "ac_woocommerce_68f8e7ab40faa8.19977986"
} CONTEXT: {"message":"Failed Graphql call. Response: {"errors":[{"message":"Exception: Connection sync failed for woocommerce http://the-peak-beyond-modal.local RequestId: cd1aec1c-ddfd-4d28-96f1-4525932daca3","extensions":{"classification":"ValidationError","errorType":"BAD_REQUEST"}}],"data":{}}","trace":[{"file":"/Users/jeff/Projects/tpb-store-modal/local-site/app/public/wp-content/plugins/activecampaign-for-woocommerce/includes/repositories/class-activecampaign-for-woocommerce-product-repository.php","line":101,"function":"sync_mutation","class":"Activecampaign_For_Woocommerce_Api_Client_Graphql","type":"->","args":["syncLegacyConnection","woocommerce","http://the-peak-beyond-modal.local",["id"]]},{"file":"/Users/jeff/Projects/tpb-store-modal/local-site/app/public/wp-content/plugins/activecampaign-for-woocommerce/includes/products/class-activecampaign-for-woocommerce-product-sync-job.php","line":282,"function":"sync_connection","class":"Activecampaign_For_Woocommerce_Product_Repository","type":"->","args":[]},{"file":"/Users/jeff/Projects/tpb-store-modal/local-site/app/public/wp-includes/class-wp-hook.php","line":324,"function":"run_sync_connection","class":"Activecampaign_For_Woocommerce_Product_Sync_Job","type":"->","args":[""]},{"file":"/Users/jeff/Projects/tpb-store-modal/local-site/app/public/wp-includes/class-wp-hook.php","line":348,"function":"apply_filters","class":"WP_Hook","type":"->","args":["",[""]]},{"file":"/Users/jeff/Projects/tpb-store-modal/local-site/app/public/wp-includes/plugin.php","line":517,"function":"do_action","class":"WP_Hook","type":"->","args":[[""]]},{"file":"/Users/jeff/Projects/tpb-store-modal/local-site/app/public/wp-content/plugins/activecampaign-for-woocommerce/includes/products/class-activecampaign-for-woocommerce-product-sync-job.php","line":167,"function":"do_action","args":["activecampaign_for_woocommerce_run_sync_connection"]},{"file":"/Users/jeff/Projects/tpb-store-modal/local-site/app/public/wp-includes/class-wp-hook.php","line":324,"function":"save_or_update_product_status","class":"Activecampaign_For_Woocommerce_Product_Sync_Job","type":"->","args":[4833,"instock",{}]},{"file":"/Users/jeff/Projects/tpb-store-modal/local-site/app/public/wp-includes/class-wp-hook.php","line":348,"function":"apply_filters","class":"WP_Hook","type":"->","args":[null,[4833,"instock",{}]]},{"file":"/Users/jeff/Projects/tpb-store-modal/local-site/app/public/wp-includes/plugin.php","line":517,"function":"do_action","class":"WP_Hook","type":"->","args":[[4833,"instock",{}]]},{"file":"/Users/jeff/Projects/tpb-store-modal/local-site/app/public/wp-content/plugins/woocommerce/includes/data-stores/class-wc-product-data-store-cpt.php","line":881,"function":"do_action","args":["woocommerce_product_set_stock_status",4833,"instock",{}]},{"file":"/Users/jeff/Projects/tpb-store-modal/local-site/app/public/wp-content/plugins/woocommerce/includes/data-stores/class-wc-product-data-store-cpt.php","line":383,"function":"handle_updated_props","class":"WC_Product_Data_Store_CPT","type":"->","args":[{}]},{"file":"/Users/jeff/Projects/tpb-store-modal/local-site/app/public/wp-content/plugins/woocommerce/includes/class-wc-data-store.php","line":196,"function":"update","class":"WC_Product_Data_Store_CPT","type":"->","args":[{}]},{"file":"/Users/jeff/Projects/tpb-store-modal/local-site/app/public/wp-content/plugins/woocommerce/includes/abstracts/abstract-wc-product.php","line":1479,"function":"update","class":"WC_Data_Store","type":"->","args":[{}]},{"file":"/Users/jeff/Projects/tpb-store-modal/local-site/app/public/wp-content/plugins/woocommerce/includes/admin/meta-boxes/class-wc-meta-box-product-data.php","line":437,"function":"save","class":"WC_Product","type":"->","args":[]},{"file":"/Users/jeff/Projects/tpb-store-modal/local-site/app/public/wp-includes/class-wp-hook.php","line":324,"function":"save","class":"WC_Meta_Box_Product_Data","type":"::","args":[4833,{"ID":4833,"post_author":"1","post_date":"2025-10-22 14:18:19","post_date_gmt":"2025-10-22 14:18:19","post_content":"","post_title":"Category Station Configure Now","post_excerpt":"","post_status":"publish","comment_status":"closed","ping_status":"closed","post_password":"","post_name":"category-station-configure-now","to_ping":"","pinged":"","post_modified":"2025-10-22 14:18:19","post_modified_gmt":"2025-10-22 14:18:19","post_content_filtered":"","post_parent":0,"guid":"http://the-peak-beyond-modal.local/?post_type=product&#038;p=4833","menu_order":0,"post_type":"product","post_mime_type":"","comment_count":"0","filter":"raw"}]},{"file":"/Users/jeff/Projects/tpb-store-modal/local-site/app/public/wp-includes/class-wp-hook.php","line":348,"function":"apply_filters","class":"WP_Hook","type":"->","args":[4833,[4833,{"ID":4833,"post_author":"1","post_date":"2025-10-22 14:18:19","post_date_gmt":"2025-10-22 14:18:19","post_content":"","post_title":"Category Station Configure Now","post_excerpt":"","post_status":"publish","comment_status":"closed","ping_status":"closed","post_password":"","post_name":"category-station-configure-now","to_ping":"","pinged":"","post_modified":"2025-10-22 14:18:19","post_modified_gmt":"2025-10-22 14:18:19","post_content_filtered":"","post_parent":0,"guid":"http://the-peak-beyond-modal.local/?post_type=product&#038;p=4833","menu_order":0,"post_type":"product","post_mime_type":"","comment_count":"0","filter":"raw"}]]},{"file":"/Users/jeff/Projects/tpb-store-modal/local-site/app/public/wp-includes/plugin.php","line":517,"function":"do_action","class":"WP_Hook","type":"->","args":[[4833,{"ID":4833,"post_author":"1","post_date":"2025-10-22 14:18:19","post_date_gmt":"2025-10-22 14:18:19","post_content":"","post_title":"Category Station Configure Now","post_excerpt":"","post_status":"publish","comment_status":"closed","ping_status":"closed","post_password":"","post_name":"category-station-configure-now","to_ping":"","pinged":"","post_modified":"2025-10-22 14:18:19","post_modified_gmt":"2025-10-22 14:18:19","post_content_filtered":"","post_parent":0,"guid":"http://the-peak-beyond-modal.local/?post_type=product&#038;p=4833","menu_order":0,"post_type":"product","post_mime_type":"","comment_count":"0","filter":"raw"}]]},{"file":"/Users/jeff/Projects/tpb-store-modal/local-site/app/public/wp-content/plugins/woocommerce/includes/admin/class-wc-admin-meta-boxes.php","line":272,"function":"do_action","args":["woocommerce_process_product_meta",4833,{"ID":4833,"post_author":"1","post_date":"2025-10-22 14:18:19","post_date_gmt":"2025-10-22 14:18:19","post_content":"","post_title":"Category Station Configure Now","post_excerpt":"","post_status":"publish","comment_status":"closed","ping_status":"closed","post_password":"","post_name":"category-station-configure-now","to_ping":"","pinged":"","post_modified":"2025-10-22 14:18:19","post_modified_gmt":"2025-10-22 14:18:19","post_content_filtered":"","post_parent":0,"guid":"http://the-peak-beyond-modal.local/?post_type=product&#038;p=4833","menu_order":0,"post_type":"product","post_mime_type":"","comment_count":"0","filter":"raw"}]},{"file":"/Users/jeff/Projects/tpb-store-modal/local-site/app/public/wp-includes/class-wp-hook.php","line":326,"function":"save_meta_boxes","class":"WC_Admin_Meta_Boxes","type":"->","args":[4833,{"ID":4833,"post_author":"1","post_date":"2025-10-22 14:18:19","post_date_gmt":"2025-10-22 14:18:19","post_content":"","post_title":"Category Station Configure Now","post_excerpt":"","post_status":"publish","comment_status":"closed","ping_status":"closed","post_password":"","post_name":"category-station-configure-now","to_ping":"","pinged":"","post_modified":"2025-10-22 14:18:19","post_modified_gmt":"2025-10-22 14:18:19","post_content_filtered":"","post_parent":0,"guid":"http://the-peak-beyond-modal.local/?post_type=product&#038;p=4833","menu_order":0,"post_type":"product","post_mime_type":"","comment_count":"0","filter":"raw"}]},{"file":"/Users/jeff/Projects/tpb-store-modal/local-site/app/public/wp-includes/class-wp-hook.php","line":348,"function":"apply_filters","class":"WP_Hook","type":"->","args":[null,[4833,{"ID":4833,"post_author":"1","post_date":"2025-10-22 14:18:19","post_date_gmt":"2025-10-22 14:18:19","post_content":"","post_title":"Category Station Configure Now","post_excerpt":"","post_status":"publish","comment_status":"closed","ping_status":"closed","post_password":"","post_name":"category-station-configure-now","to_ping":"","pinged":"","post_modified":"2025-10-22 14:18:19","post_modified_gmt":"2025-10-22 14:18:19","post_content_filtered":"","post_parent":0,"guid":"http://the-peak-beyond-modal.local/?post_type=product&#038;p=4833","menu_order":0,"post_type":"product","post_mime_type":"","comment_count":"0","filter":"raw"},true]]},{"file":"/Users/jeff/Projects/tpb-store-modal/local-site/app/public/wp-includes/plugin.php","line":517,"function":"do_action","class":"WP_Hook","type":"->","args":[[4833,{"ID":4833,"post_author":"1","post_date":"2025-10-22 14:18:19","post_date_gmt":"2025-10-22 14:18:19","post_content":"","post_title":"Category Station Configure Now","post_excerpt":"","post_status":"publish","comment_status":"closed","ping_status":"closed","post_password":"","post_name":"category-station-configure-now","to_ping":"","pinged":"","post_modified":"2025-10-22 14:18:19","post_modified_gmt":"2025-10-22 14:18:19","post_content_filtered":"","post_parent":0,"guid":"http://the-peak-beyond-modal.local/?post_type=product&#038;p=4833","menu_order":0,"post_type":"product","post_mime_type":"","comment_count":"0","filter":"raw"},true]]},{"file":"/Users/jeff/Projects/tpb-store-modal/local-site/app/public/wp-includes/post.php","line":5110,"function":"do_action","args":["save_post",4833,{"ID":4833,"post_author":"1","post_date":"2025-10-22 14:18:19","post_date_gmt":"2025-10-22 14:18:19","post_content":"","post_title":"Category Station Configure Now","post_excerpt":"","post_status":"publish","comment_status":"closed","ping_status":"closed","post_password":"","post_name":"category-station-configure-now","to_ping":"","pinged":"","post_modified":"2025-10-22 14:18:19","post_modified_gmt":"2025-10-22 14:18:19","post_content_filtered":"","post_parent":0,"guid":"http://the-peak-beyond-modal.local/?post_type=product&#038;p=4833","menu_order":0,"post_type":"product","post_mime_type":"","comment_count":"0","filter":"raw"},true]},{"file":"/Users/jeff/Projects/tpb-store-modal/local-site/app/public/wp-includes/post.php","line":5212,"function":"wp_insert_post","args":[{"post_author":1,"post_content":"","post_content_filtered":"","post_title":"Category Station Configure Now","post_excerpt":"","post_status":"publish","post_type":"product","comment_status":"closed","ping_status":"closed","post_password":"","to_ping":"","pinged":"","post_parent":0,"menu_order":0,"guid":"http://the-peak-beyond-modal.local/?post_type=product&#038;p=4833","import_id":0,"context":"","post_date":"2025-10-22 14:18:19","post_date_gmt":"","ID":4833,"post_name":"","post_modified":"2025-10-22 14:17:07","post_modified_gmt":"2025-10-22 14:17:07","post_mime_type":"","comment_count":"0","ancestors":[],"page_template":"","post_category":[],"tags_input":[],"_wpnonce":"79bd7db124","_wp_http_referer":"/wp-admin/post-new.php?post_type=product","user_ID":1,"action":"editpost","originalaction":"editpost","original_post_status":"auto-draft","referredby":"http://the-peak-beyond-modal.local/wp-admin/edit.php?post_type=product","_wp_original_http_referer":"http://the-peak-beyond-modal.local/wp-admin/edit.php?post_type=product","auto_draft":"","post_ID":"4833","meta-box-order-nonce":"a2cb635876","closedpostboxesnonce":"61ffd44ee2","original_post_title":"","samplepermalinknonce":"3c9d21b58b","content":"","wp-preview":"","hidden_post_status":"draft","hidden_post_password":"","hidden_post_visibility":"public","visibility":"public","mm":"10","jj":"22","aa":"2025","hh":"14","mn":"16","ss":"56","hidden_mm":"10","cur_mm":"10","hidden_jj":"22","cur_jj":"22","hidden_aa":"2025","cur_aa":"2025","hidden_hh":"14","cur_hh":"14","hidden_mn":"16","cur_mn":"16","current_visibility":"visible","current_featured":"no","_visibility":"visible","original_publish":"Publish","publish":"Publish","_thumbnail_id":"2055","woocommerce_meta_nonce":"dc665b1ddb","product_image_gallery":"","tax_input":{"product_cat":[0],"product_tag":[],"product_brand":[0]},"newproduct_cat":"New category name","newproduct_cat_parent":"-1","_ajax_nonce-add-product_cat":"58b328ba56","newtag":{"product_tag":""},"newproduct_brand":"New Brand Name","newproduct_brand_parent":"-1","_ajax_nonce-add-product_brand":"b4b90d9f48","yoast_free_metabox_nonce":"260e5e2f40","yoast_wpseo_focuskw":"","yoast_wpseo_title":"","yoast_wpseo_metadesc":"","yoast_wpseo_linkdex":"-662","yoast_wpseo_content_score":"90","yoast_wpseo_inclusive_language_score":"0","yoast_wpseo_is_cornerstone":"false","yoast_wpseo_focuskeywords":"","yoast_wpseo_keywordsynonyms":"","yoast_wpseo_estimated-reading-time-minutes":"1","yoast_wpseo_words_for_linking":"","yoast_wpseo_meta-robots-noindex":"0","yoast_wpseo_meta-robots-nofollow":"0","yoast_wpseo_meta-robots-adv":"","yoast_wpseo_bctitle":"","yoast_wpseo_canonical":"","yoast_wpseo_schema_page_type":"","yoast_wpseo_opengraph-title":"","yoast_wpseo_opengraph-description":"","yoast_wpseo_opengraph-image":"","yoast_wpseo_opengraph-image-id":"","yoast_wpseo_twitter-title":"","yoast_wpseo_twitter-description":"","yoast_wpseo_twitter-image":"","yoast_wpseo_twitter-image-id":"","yoast_wpseo_primary_product_brand_term":"","yoast_wpseo_primary_product_brand_nonce":"91c693122f","yoast_wpseo_primary_product_cat_term":"","yoast_wpseo_primary_product_cat_nonce":"91c693122f","screen":"mobile","product-type":"simple","_product_url":"","_button_text":"","_regular_price":"","_sale_price":"","_sale_price_dates_from":"","_sale_price_dates_to":"","_download_limit":"","_download_expiry":"","_tax_status":"taxable","_tax_class":"","_sku":"","_global_unique_id":"","_stock_status":"instock","_weight":"","_length":"","_width":"","_height":"","product_shipping_class":"-1","_purchase_note":"","metakeyselect":"#NONE#","metakeyinput":"","metavalue":"","_ajax_nonce-add-meta":"3f3c277759","excerpt":"","filter":"db"},false,true]},{"file":"/Users/jeff/Projects/tpb-store-modal/local-site/app/public/wp-admin/includes/post.php","line":453,"function":"wp_update_post","args":[{"ID":4833,"post_author":1,"post_date":"2025-10-22 14:18:19","post_date_gmt":"","post_content":"","post_title":"Category Station Configure Now","post_excerpt":"","post_status":"publish","comment_status":"closed","ping_status":"closed","post_password":"","post_name":"","to_ping":"","pinged":"","post_modified":"2025-10-22 14:17:07","post_modified_gmt":"2025-10-22 14:17:07","post_content_filtered":"","post_parent":0,"guid":"http://the-peak-beyond-modal.local/?post_type=product&#038;p=4833","menu_order":"0","post_type":"product","post_mime_type":"","comment_count":"0","filter":"raw","ancestors":[],"page_template":"","post_category":[],"tags_input":[],"_wpnonce":"79bd7db124","_wp_http_referer":"/wp-admin/post-new.php?post_type=product","user_ID":1,"action":"editpost","originalaction":"editpost","original_post_status":"auto-draft","referredby":"http://the-peak-beyond-modal.local/wp-admin/edit.php?post_type=product","_wp_original_http_referer":"http://the-peak-beyond-modal.local/wp-admin/edit.php?post_type=product","auto_draft":"","post_ID":"4833","meta-box-order-nonce":"a2cb635876","closedpostboxesnonce":"61ffd44ee2","original_post_title":"","samplepermalinknonce":"3c9d21b58b","content":"","wp-preview":"","hidden_post_status":"draft","hidden_post_password":"","hidden_post_visibility":"public","visibility":"public","mm":"10","jj":"22","aa":"2025","hh":"14","mn":"16","ss":"56","hidden_mm":"10","cur_mm":"10","hidden_jj":"22","cur_jj":"22","hidden_aa":"2025","cur_aa":"2025","hidden_hh":"14","cur_hh":"14","hidden_mn":"16","cur_mn":"16","current_visibility":"visible","current_featured":"no","_visibility":"visible","original_publish":"Publish","publish":"Publish","_thumbnail_id":"2055","woocommerce_meta_nonce":"dc665b1ddb","product_image_gallery":"","tax_input":{"product_cat":[0],"product_tag":[],"product_brand":[0]},"newproduct_cat":"New category name","newproduct_cat_parent":"-1","_ajax_nonce-add-product_cat":"58b328ba56","newtag":{"product_tag":""},"newproduct_brand":"New Brand Name","newproduct_brand_parent":"-1","_ajax_nonce-add-product_brand":"b4b90d9f48","yoast_free_metabox_nonce":"260e5e2f40","yoast_wpseo_focuskw":"","yoast_wpseo_title":"","yoast_wpseo_metadesc":"","yoast_wpseo_linkdex":"-662","yoast_wpseo_content_score":"90","yoast_wpseo_inclusive_language_score":"0","yoast_wpseo_is_cornerstone":"false","yoast_wpseo_focuskeywords":"","yoast_wpseo_keywordsynonyms":"","yoast_wpseo_estimated-reading-time-minutes":"1","yoast_wpseo_words_for_linking":"","yoast_wpseo_meta-robots-noindex":"0","yoast_wpseo_meta-robots-nofollow":"0","yoast_wpseo_meta-robots-adv":"","yoast_wpseo_bctitle":"","yoast_wpseo_canonical":"","yoast_wpseo_schema_page_type":"","yoast_wpseo_opengraph-title":"","yoast_wpseo_opengraph-description":"","yoast_wpseo_opengraph-image":"","yoast_wpseo_opengraph-image-id":"","yoast_wpseo_twitter-title":"","yoast_wpseo_twitter-description":"","yoast_wpseo_twitter-image":"","yoast_wpseo_twitter-image-id":"","yoast_wpseo_primary_product_brand_term":"","yoast_wpseo_primary_product_brand_nonce":"91c693122f","yoast_wpseo_primary_product_cat_term":"","yoast_wpseo_primary_product_cat_nonce":"91c693122f","screen":"mobile","product-type":"simple","_product_url":"","_button_text":"","_regular_price":"","_sale_price":"","_sale_price_dates_from":"","_sale_price_dates_to":"","_download_limit":"","_download_expiry":"","_tax_status":"taxable","_tax_class":"","_sku":"","_global_unique_id":"","_stock_status":"instock","_weight":"","_length":"","_width":"","_height":"","product_shipping_class":"-1","_purchase_note":"","metakeyselect":"#NONE#","metakeyinput":"","metavalue":"","_ajax_nonce-add-meta":"3f3c277759","excerpt":""}]},{"file":"/Users/jeff/Projects/tpb-store-modal/local-site/app/public/wp-admin/post.php","line":227,"function":"edit_post","args":[]}],"version":"2.10.1","request_id":"ac_woocommerce_68f8e7ab40faa8.19977986"}
2025-10-22T21:30:04+00:00 WARNING There was an issue trying to sync the COFE connection
Context: {
    "message": "Failed Graphql call. Response: {\"errors\":[{\"message\":\"Exception: Connection sync failed for woocommerce http:\/\/the-peak-beyond-modal.local RequestId: 52d8d235-6882-4b9b-ba23-fa13b6caf430\",\"extensions\":{\"classification\":\"ValidationError\",\"errorType\":\"BAD_REQUEST\"}}],\"data\":{}}",
    "trace": [
        {
            "file": "\/Users\/jeff\/Projects\/tpb-store-modal\/local-site\/app\/public\/wp-content\/plugins\/activecampaign-for-woocommerce\/includes\/repositories\/class-activecampaign-for-woocommerce-product-repository.php",
            "line": 101,
            "function": "sync_mutation",
            "class": "Activecampaign_For_Woocommerce_Api_Client_Graphql",
            "type": "->",
            "args": [
                "syncLegacyConnection",
                "woocommerce",
                "http:\/\/the-peak-beyond-modal.local",
                [
                    "id"
                ]
            ]
        },
        {
            "file": "\/Users\/jeff\/Projects\/tpb-store-modal\/local-site\/app\/public\/wp-content\/plugins\/activecampaign-for-woocommerce\/includes\/products\/class-activecampaign-for-woocommerce-product-sync-job.php",
            "line": 282,
            "function": "sync_connection",
            "class": "Activecampaign_For_Woocommerce_Product_Repository",
            "type": "->",
            "args": []
        },
        {
            "file": "\/Users\/jeff\/Projects\/tpb-store-modal\/local-site\/app\/public\/wp-includes\/class-wp-hook.php",
            "line": 324,
            "function": "run_sync_connection",
            "class": "Activecampaign_For_Woocommerce_Product_Sync_Job",
            "type": "->",
            "args": [
                ""
            ]
        },
        {
            "file": "\/Users\/jeff\/Projects\/tpb-store-modal\/local-site\/app\/public\/wp-includes\/class-wp-hook.php",
            "line": 348,
            "function": "apply_filters",
            "class": "WP_Hook",
            "type": "->",
            "args": [
                "",
                [
                    ""
                ]
            ]
        },
        {
            "file": "\/Users\/jeff\/Projects\/tpb-store-modal\/local-site\/app\/public\/wp-includes\/plugin.php",
            "line": 517,
            "function": "do_action",
            "class": "WP_Hook",
            "type": "->",
            "args": [
                [
                    ""
                ]
            ]
        },
        {
            "file": "\/Users\/jeff\/Projects\/tpb-store-modal\/local-site\/app\/public\/wp-content\/plugins\/activecampaign-for-woocommerce\/includes\/products\/class-activecampaign-for-woocommerce-product-sync-job.php",
            "line": 167,
            "function": "do_action",
            "args": [
                "activecampaign_for_woocommerce_run_sync_connection"
            ]
        },
        {
            "file": "\/Users\/jeff\/Projects\/tpb-store-modal\/local-site\/app\/public\/wp-includes\/class-wp-hook.php",
            "line": 324,
            "function": "save_or_update_product_status",
            "class": "Activecampaign_For_Woocommerce_Product_Sync_Job",
            "type": "->",
            "args": [
                4842,
                "instock",
                {}
            ]
        },
        {
            "file": "\/Users\/jeff\/Projects\/tpb-store-modal\/local-site\/app\/public\/wp-includes\/class-wp-hook.php",
            "line": 348,
            "function": "apply_filters",
            "class": "WP_Hook",
            "type": "->",
            "args": [
                null,
                [
                    4842,
                    "instock",
                    {}
                ]
            ]
        },
        {
            "file": "\/Users\/jeff\/Projects\/tpb-store-modal\/local-site\/app\/public\/wp-includes\/plugin.php",
            "line": 517,
            "function": "do_action",
            "class": "WP_Hook",
            "type": "->",
            "args": [
                [
                    4842,
                    "instock",
                    {}
                ]
            ]
        },
        {
            "file": "\/Users\/jeff\/Projects\/tpb-store-modal\/local-site\/app\/public\/wp-content\/plugins\/woocommerce\/includes\/data-stores\/class-wc-product-data-store-cpt.php",
            "line": 881,
            "function": "do_action",
            "args": [
                "woocommerce_product_set_stock_status",
                4842,
                "instock",
                {}
            ]
        },
        {
            "file": "\/Users\/jeff\/Projects\/tpb-store-modal\/local-site\/app\/public\/wp-content\/plugins\/woocommerce\/includes\/data-stores\/class-wc-product-data-store-cpt.php",
            "line": 383,
            "function": "handle_updated_props",
            "class": "WC_Product_Data_Store_CPT",
            "type": "->",
            "args": [
                {}
            ]
        },
        {
            "file": "\/Users\/jeff\/Projects\/tpb-store-modal\/local-site\/app\/public\/wp-content\/plugins\/woocommerce\/includes\/class-wc-data-store.php",
            "line": 196,
            "function": "update",
            "class": "WC_Product_Data_Store_CPT",
            "type": "->",
            "args": [
                {}
            ]
        },
        {
            "file": "\/Users\/jeff\/Projects\/tpb-store-modal\/local-site\/app\/public\/wp-content\/plugins\/woocommerce\/includes\/abstracts\/abstract-wc-product.php",
            "line": 1479,
            "function": "update",
            "class": "WC_Data_Store",
            "type": "->",
            "args": [
                {}
            ]
        },
        {
            "file": "\/Users\/jeff\/Projects\/tpb-store-modal\/local-site\/app\/public\/wp-content\/plugins\/woocommerce\/includes\/admin\/meta-boxes\/class-wc-meta-box-product-data.php",
            "line": 437,
            "function": "save",
            "class": "WC_Product",
            "type": "->",
            "args": []
        },
        {
            "file": "\/Users\/jeff\/Projects\/tpb-store-modal\/local-site\/app\/public\/wp-includes\/class-wp-hook.php",
            "line": 324,
            "function": "save",
            "class": "WC_Meta_Box_Product_Data",
            "type": "::",
            "args": [
                4842,
                {
                    "ID": 4842,
                    "post_author": "1",
                    "post_date": "2025-10-22 21:30:03",
                    "post_date_gmt": "2025-10-22 21:30:03",
                    "post_content": "",
                    "post_title": "Quick Checkout Station Configure Now",
                    "post_excerpt": "",
                    "post_status": "publish",
                    "comment_status": "closed",
                    "ping_status": "closed",
                    "post_\":\"*REMOVED*\"
                    "post_name": "quick-checkout-station-configure-now",
                    "to_ping": "",
                    "pinged": "",
                    "post_modified": "2025-10-22 21:30:03",
                    "post_modified_gmt": "2025-10-22 21:30:03",
                    "post_content_filtered": "",
                    "post_parent": 0,
                    "guid": "http:\/\/the-peak-beyond-modal.local\/?post_type=product&#038;p=4842",
                    "menu_order": 0,
                    "post_type": "product",
                    "post_mime_type": "",
                    "comment_count": "0",
                    "filter": "raw"
                }
            ]
        },
        {
            "file": "\/Users\/jeff\/Projects\/tpb-store-modal\/local-site\/app\/public\/wp-includes\/class-wp-hook.php",
            "line": 348,
            "function": "apply_filters",
            "class": "WP_Hook",
            "type": "->",
            "args": [
                4842,
                [
                    4842,
                    {
                        "ID": 4842,
                        "post_author": "1",
                        "post_date": "2025-10-22 21:30:03",
                        "post_date_gmt": "2025-10-22 21:30:03",
                        "post_content": "",
                        "post_title": "Quick Checkout Station Configure Now",
                        "post_excerpt": "",
                        "post_status": "publish",
                        "comment_status": "closed",
                        "ping_status": "closed",
                        "post_\":\"*REMOVED*\"
                        "post_name": "quick-checkout-station-configure-now",
                        "to_ping": "",
                        "pinged": "",
                        "post_modified": "2025-10-22 21:30:03",
                        "post_modified_gmt": "2025-10-22 21:30:03",
                        "post_content_filtered": "",
                        "post_parent": 0,
                        "guid": "http:\/\/the-peak-beyond-modal.local\/?post_type=product&#038;p=4842",
                        "menu_order": 0,
                        "post_type": "product",
                        "post_mime_type": "",
                        "comment_count": "0",
                        "filter": "raw"
                    }
                ]
            ]
        },
        {
            "file": "\/Users\/jeff\/Projects\/tpb-store-modal\/local-site\/app\/public\/wp-includes\/plugin.php",
            "line": 517,
            "function": "do_action",
            "class": "WP_Hook",
            "type": "->",
            "args": [
                [
                    4842,
                    {
                        "ID": 4842,
                        "post_author": "1",
                        "post_date": "2025-10-22 21:30:03",
                        "post_date_gmt": "2025-10-22 21:30:03",
                        "post_content": "",
                        "post_title": "Quick Checkout Station Configure Now",
                        "post_excerpt": "",
                        "post_status": "publish",
                        "comment_status": "closed",
                        "ping_status": "closed",
                        "post_\":\"*REMOVED*\"
                        "post_name": "quick-checkout-station-configure-now",
                        "to_ping": "",
                        "pinged": "",
                        "post_modified": "2025-10-22 21:30:03",
                        "post_modified_gmt": "2025-10-22 21:30:03",
                        "post_content_filtered": "",
                        "post_parent": 0,
                        "guid": "http:\/\/the-peak-beyond-modal.local\/?post_type=product&#038;p=4842",
                        "menu_order": 0,
                        "post_type": "product",
                        "post_mime_type": "",
                        "comment_count": "0",
                        "filter": "raw"
                    }
                ]
            ]
        },
        {
            "file": "\/Users\/jeff\/Projects\/tpb-store-modal\/local-site\/app\/public\/wp-content\/plugins\/woocommerce\/includes\/admin\/class-wc-admin-meta-boxes.php",
            "line": 272,
            "function": "do_action",
            "args": [
                "woocommerce_process_product_meta",
                4842,
                {
                    "ID": 4842,
                    "post_author": "1",
                    "post_date": "2025-10-22 21:30:03",
                    "post_date_gmt": "2025-10-22 21:30:03",
                    "post_content": "",
                    "post_title": "Quick Checkout Station Configure Now",
                    "post_excerpt": "",
                    "post_status": "publish",
                    "comment_status": "closed",
                    "ping_status": "closed",
                    "post_\":\"*REMOVED*\"
                    "post_name": "quick-checkout-station-configure-now",
                    "to_ping": "",
                    "pinged": "",
                    "post_modified": "2025-10-22 21:30:03",
                    "post_modified_gmt": "2025-10-22 21:30:03",
                    "post_content_filtered": "",
                    "post_parent": 0,
                    "guid": "http:\/\/the-peak-beyond-modal.local\/?post_type=product&#038;p=4842",
                    "menu_order": 0,
                    "post_type": "product",
                    "post_mime_type": "",
                    "comment_count": "0",
                    "filter": "raw"
                }
            ]
        },
        {
            "file": "\/Users\/jeff\/Projects\/tpb-store-modal\/local-site\/app\/public\/wp-includes\/class-wp-hook.php",
            "line": 326,
            "function": "save_meta_boxes",
            "class": "WC_Admin_Meta_Boxes",
            "type": "->",
            "args": [
                4842,
                {
                    "ID": 4842,
                    "post_author": "1",
                    "post_date": "2025-10-22 21:30:03",
                    "post_date_gmt": "2025-10-22 21:30:03",
                    "post_content": "",
                    "post_title": "Quick Checkout Station Configure Now",
                    "post_excerpt": "",
                    "post_status": "publish",
                    "comment_status": "closed",
                    "ping_status": "closed",
                    "post_\":\"*REMOVED*\"
                    "post_name": "quick-checkout-station-configure-now",
                    "to_ping": "",
                    "pinged": "",
                    "post_modified": "2025-10-22 21:30:03",
                    "post_modified_gmt": "2025-10-22 21:30:03",
                    "post_content_filtered": "",
                    "post_parent": 0,
                    "guid": "http:\/\/the-peak-beyond-modal.local\/?post_type=product&#038;p=4842",
                    "menu_order": 0,
                    "post_type": "product",
                    "post_mime_type": "",
                    "comment_count": "0",
                    "filter": "raw"
                }
            ]
        },
        {
            "file": "\/Users\/jeff\/Projects\/tpb-store-modal\/local-site\/app\/public\/wp-includes\/class-wp-hook.php",
            "line": 348,
            "function": "apply_filters",
            "class": "WP_Hook",
            "type": "->",
            "args": [
                null,
                [
                    4842,
                    {
                        "ID": 4842,
                        "post_author": "1",
                        "post_date": "2025-10-22 21:30:03",
                        "post_date_gmt": "2025-10-22 21:30:03",
                        "post_content": "",
                        "post_title": "Quick Checkout Station Configure Now",
                        "post_excerpt": "",
                        "post_status": "publish",
                        "comment_status": "closed",
                        "ping_status": "closed",
                        "post_\":\"*REMOVED*\"
                        "post_name": "quick-checkout-station-configure-now",
                        "to_ping": "",
                        "pinged": "",
                        "post_modified": "2025-10-22 21:30:03",
                        "post_modified_gmt": "2025-10-22 21:30:03",
                        "post_content_filtered": "",
                        "post_parent": 0,
                        "guid": "http:\/\/the-peak-beyond-modal.local\/?post_type=product&#038;p=4842",
                        "menu_order": 0,
                        "post_type": "product",
                        "post_mime_type": "",
                        "comment_count": "0",
                        "filter": "raw"
                    },
                    true
                ]
            ]
        },
        {
            "file": "\/Users\/jeff\/Projects\/tpb-store-modal\/local-site\/app\/public\/wp-includes\/plugin.php",
            "line": 517,
            "function": "do_action",
            "class": "WP_Hook",
            "type": "->",
            "args": [
                [
                    4842,
                    {
                        "ID": 4842,
                        "post_author": "1",
                        "post_date": "2025-10-22 21:30:03",
                        "post_date_gmt": "2025-10-22 21:30:03",
                        "post_content": "",
                        "post_title": "Quick Checkout Station Configure Now",
                        "post_excerpt": "",
                        "post_status": "publish",
                        "comment_status": "closed",
                        "ping_status": "closed",
                        "post_\":\"*REMOVED*\"
                        "post_name": "quick-checkout-station-configure-now",
                        "to_ping": "",
                        "pinged": "",
                        "post_modified": "2025-10-22 21:30:03",
                        "post_modified_gmt": "2025-10-22 21:30:03",
                        "post_content_filtered": "",
                        "post_parent": 0,
                        "guid": "http:\/\/the-peak-beyond-modal.local\/?post_type=product&#038;p=4842",
                        "menu_order": 0,
                        "post_type": "product",
                        "post_mime_type": "",
                        "comment_count": "0",
                        "filter": "raw"
                    },
                    true
                ]
            ]
        },
        {
            "file": "\/Users\/jeff\/Projects\/tpb-store-modal\/local-site\/app\/public\/wp-includes\/post.php",
            "line": 5110,
            "function": "do_action",
            "args": [
                "save_post",
                4842,
                {
                    "ID": 4842,
                    "post_author": "1",
                    "post_date": "2025-10-22 21:30:03",
                    "post_date_gmt": "2025-10-22 21:30:03",
                    "post_content": "",
                    "post_title": "Quick Checkout Station Configure Now",
                    "post_excerpt": "",
                    "post_status": "publish",
                    "comment_status": "closed",
                    "ping_status": "closed",
                    "post_\":\"*REMOVED*\"
                    "post_name": "quick-checkout-station-configure-now",
                    "to_ping": "",
                    "pinged": "",
                    "post_modified": "2025-10-22 21:30:03",
                    "post_modified_gmt": "2025-10-22 21:30:03",
                    "post_content_filtered": "",
                    "post_parent": 0,
                    "guid": "http:\/\/the-peak-beyond-modal.local\/?post_type=product&#038;p=4842",
                    "menu_order": 0,
                    "post_type": "product",
                    "post_mime_type": "",
                    "comment_count": "0",
                    "filter": "raw"
                },
                true
            ]
        },
        {
            "file": "\/Users\/jeff\/Projects\/tpb-store-modal\/local-site\/app\/public\/wp-includes\/post.php",
            "line": 5212,
            "function": "wp_insert_post",
            "args": [
                {
                    "post_author": 1,
                    "post_content": "",
                    "post_content_filtered": "",
                    "post_title": "Quick Checkout Station Configure Now",
                    "post_excerpt": "",
                    "post_status": "publish",
                    "post_type": "product",
                    "comment_status": "closed",
                    "ping_status": "closed",
                    "post_\":\"*REMOVED*\"
                    "to_ping": "",
                    "pinged": "",
                    "post_parent": 0,
                    "menu_order": 0,
                    "guid": "http:\/\/the-peak-beyond-modal.local\/?post_type=product&#038;p=4842",
                    "import_id": 0,
                    "context": "",
                    "post_date": "2025-10-22 21:30:03",
                    "post_date_gmt": "",
                    "ID": 4842,
                    "post_name": "",
                    "post_modified": "2025-10-22 21:05:41",
                    "post_modified_gmt": "2025-10-22 21:05:41",
                    "post_mime_type": "",
                    "comment_count": "0",
                    "ancestors": [],
                    "page_template": "",
                    "post_category": [],
                    "tags_input": [],
                    "_wpnonce": "fadf153f6a",
                    "_wp_http_referer": "\/wp-admin\/post-new.php?post_type=product",
                    "user_ID": 1,
                    "action": "editpost",
                    "originalaction": "editpost",
                    "original_post_status": "auto-draft",
                    "referredby": "http:\/\/the-peak-beyond-modal.local\/wp-admin\/post.php?post=4607&action=edit",
                    "_wp_original_http_referer": "http:\/\/the-peak-beyond-modal.local\/wp-admin\/post.php?post=4607&action=edit",
                    "auto_draft": "",
                    "post_ID": "4842",
                    "meta-box-order-nonce": "a2cb635876",
                    "closedpostboxesnonce": "61ffd44ee2",
                    "original_post_title": "",
                    "samplepermalinknonce": "3c9d21b58b",
                    "content": "",
                    "wp-preview": "",
                    "hidden_post_status": "draft",
                    "hidden_post_\":\"*REMOVED*\"
                    "hidden_post_visibility": "public",
                    "visibility": "public",
                    "mm": "10",
                    "jj": "22",
                    "aa": "2025",
                    "hh": "21",
                    "mn": "05",
                    "ss": "27",
                    "hidden_mm": "10",
                    "cur_mm": "10",
                    "hidden_jj": "22",
                    "cur_jj": "22",
                    "hidden_aa": "2025",
                    "cur_aa": "2025",
                    "hidden_hh": "21",
                    "cur_hh": "21",
                    "hidden_mn": "05",
                    "cur_mn": "05",
                    "current_visibility": "visible",
                    "current_featured": "no",
                    "_visibility": "visible",
                    "original_publish": "Publish",
                    "publish": "Publish",
                    "_thumbnail_id": "4843",
                    "woocommerce_meta_nonce": "dc665b1ddb",
                    "product_image_gallery": "",
                    "tax_input": {
                        "product_cat": [
                            0,
                            71,
                            75
                        ],
                        "product_tag": [],
                        "product_brand": [
                            0
                        ]
                    },
                    "newproduct_cat": "New category name",
                    "newproduct_cat_parent": "-1",
                    "_ajax_nonce-add-product_cat": "58b328ba56",
                    "newtag": {
                        "product_tag": ""
                    },
                    "newproduct_brand": "New Brand Name",
                    "newproduct_brand_parent": "-1",
                    "_ajax_nonce-add-product_brand": "b4b90d9f48",
                    "yoast_free_metabox_nonce": "260e5e2f40",
                    "yoast_wpseo_focuskw": "",
                    "yoast_wpseo_title": "",
                    "yoast_wpseo_metadesc": "",
                    "yoast_wpseo_linkdex": "-662",
                    "yoast_wpseo_content_score": "90",
                    "yoast_wpseo_inclusive_language_score": "0",
                    "yoast_wpseo_is_cornerstone": "false",
                    "yoast_wpseo_focuskeywords": "",
                    "yoast_wpseo_keywordsynonyms": "",
                    "yoast_wpseo_estimated-reading-time-minutes": "0",
                    "yoast_wpseo_words_for_linking": "",
                    "yoast_wpseo_meta-robots-noindex": "0",
                    "yoast_wpseo_meta-robots-nofollow": "0",
                    "yoast_wpseo_meta-robots-adv": "",
                    "yoast_wpseo_bctitle": "",
                    "yoast_wpseo_canonical": "",
                    "yoast_wpseo_schema_page_type": "",
                    "yoast_wpseo_opengraph-title": "",
                    "yoast_wpseo_opengraph-description": "",
                    "yoast_wpseo_opengraph-image": "",
                    "yoast_wpseo_opengraph-image-id": "",
                    "yoast_wpseo_twitter-title": "",
                    "yoast_wpseo_twitter-description": "",
                    "yoast_wpseo_twitter-image": "",
                    "yoast_wpseo_twitter-image-id": "",
                    "yoast_wpseo_primary_product_brand_term": "",
                    "yoast_wpseo_primary_product_brand_nonce": "91c693122f",
                    "yoast_wpseo_primary_product_cat_term": "75",
                    "yoast_wpseo_primary_product_cat_nonce": "91c693122f",
                    "screen": "mobile",
                    "product-type": "simple",
                    "_product_url": "",
                    "_button_text": "",
                    "_regular_price": "",
                    "_sale_price": "",
                    "_sale_price_dates_from": "",
                    "_sale_price_dates_to": "",
                    "_download_limit": "",
                    "_download_expiry": "",
                    "_tax_status": "taxable",
                    "_tax_class": "",
                    "_sku": "",
                    "_global_unique_id": "",
                    "_stock_status": "instock",
                    "_weight": "",
                    "_length": "",
                    "_width": "",
                    "_height": "",
                    "product_shipping_class": "-1",
                    "_purchase_note": "",
                    "metakeyselect": "#NONE#",
                    "metakeyinput": "",
                    "metavalue": "",
                    "_ajax_nonce-add-meta": "3f3c277759",
                    "excerpt": "",
                    "filter": "db"
                },
                false,
                true
            ]
        },
        {
            "file": "\/Users\/jeff\/Projects\/tpb-store-modal\/local-site\/app\/public\/wp-admin\/includes\/post.php",
            "line": 453,
            "function": "wp_update_post",
            "args": [
                {
                    "ID": 4842,
                    "post_author": 1,
                    "post_date": "2025-10-22 21:30:03",
                    "post_date_gmt": "",
                    "post_content": "",
                    "post_title": "Quick Checkout Station Configure Now",
                    "post_excerpt": "",
                    "post_status": "publish",
                    "comment_status": "closed",
                    "ping_status": "closed",
                    "post_\":\"*REMOVED*\"
                    "post_name": "",
                    "to_ping": "",
                    "pinged": "",
                    "post_modified": "2025-10-22 21:05:41",
                    "post_modified_gmt": "2025-10-22 21:05:41",
                    "post_content_filtered": "",
                    "post_parent": 0,
                    "guid": "http:\/\/the-peak-beyond-modal.local\/?post_type=product&#038;p=4842",
                    "menu_order": "0",
                    "post_type": "product",
                    "post_mime_type": "",
                    "comment_count": "0",
                    "filter": "raw",
                    "ancestors": [],
                    "page_template": "",
                    "post_category": [],
                    "tags_input": [],
                    "_wpnonce": "fadf153f6a",
                    "_wp_http_referer": "\/wp-admin\/post-new.php?post_type=product",
                    "user_ID": 1,
                    "action": "editpost",
                    "originalaction": "editpost",
                    "original_post_status": "auto-draft",
                    "referredby": "http:\/\/the-peak-beyond-modal.local\/wp-admin\/post.php?post=4607&action=edit",
                    "_wp_original_http_referer": "http:\/\/the-peak-beyond-modal.local\/wp-admin\/post.php?post=4607&action=edit",
                    "auto_draft": "",
                    "post_ID": "4842",
                    "meta-box-order-nonce": "a2cb635876",
                    "closedpostboxesnonce": "61ffd44ee2",
                    "original_post_title": "",
                    "samplepermalinknonce": "3c9d21b58b",
                    "content": "",
                    "wp-preview": "",
                    "hidden_post_status": "draft",
                    "hidden_post_\":\"*REMOVED*\"
                    "hidden_post_visibility": "public",
                    "visibility": "public",
                    "mm": "10",
                    "jj": "22",
                    "aa": "2025",
                    "hh": "21",
                    "mn": "05",
                    "ss": "27",
                    "hidden_mm": "10",
                    "cur_mm": "10",
                    "hidden_jj": "22",
                    "cur_jj": "22",
                    "hidden_aa": "2025",
                    "cur_aa": "2025",
                    "hidden_hh": "21",
                    "cur_hh": "21",
                    "hidden_mn": "05",
                    "cur_mn": "05",
                    "current_visibility": "visible",
                    "current_featured": "no",
                    "_visibility": "visible",
                    "original_publish": "Publish",
                    "publish": "Publish",
                    "_thumbnail_id": "4843",
                    "woocommerce_meta_nonce": "dc665b1ddb",
                    "product_image_gallery": "",
                    "tax_input": {
                        "product_cat": [
                            0,
                            71,
                            75
                        ],
                        "product_tag": [],
                        "product_brand": [
                            0
                        ]
                    },
                    "newproduct_cat": "New category name",
                    "newproduct_cat_parent": "-1",
                    "_ajax_nonce-add-product_cat": "58b328ba56",
                    "newtag": {
                        "product_tag": ""
                    },
                    "newproduct_brand": "New Brand Name",
                    "newproduct_brand_parent": "-1",
                    "_ajax_nonce-add-product_brand": "b4b90d9f48",
                    "yoast_free_metabox_nonce": "260e5e2f40",
                    "yoast_wpseo_focuskw": "",
                    "yoast_wpseo_title": "",
                    "yoast_wpseo_metadesc": "",
                    "yoast_wpseo_linkdex": "-662",
                    "yoast_wpseo_content_score": "90",
                    "yoast_wpseo_inclusive_language_score": "0",
                    "yoast_wpseo_is_cornerstone": "false",
                    "yoast_wpseo_focuskeywords": "",
                    "yoast_wpseo_keywordsynonyms": "",
                    "yoast_wpseo_estimated-reading-time-minutes": "0",
                    "yoast_wpseo_words_for_linking": "",
                    "yoast_wpseo_meta-robots-noindex": "0",
                    "yoast_wpseo_meta-robots-nofollow": "0",
                    "yoast_wpseo_meta-robots-adv": "",
                    "yoast_wpseo_bctitle": "",
                    "yoast_wpseo_canonical": "",
                    "yoast_wpseo_schema_page_type": "",
                    "yoast_wpseo_opengraph-title": "",
                    "yoast_wpseo_opengraph-description": "",
                    "yoast_wpseo_opengraph-image": "",
                    "yoast_wpseo_opengraph-image-id": "",
                    "yoast_wpseo_twitter-title": "",
                    "yoast_wpseo_twitter-description": "",
                    "yoast_wpseo_twitter-image": "",
                    "yoast_wpseo_twitter-image-id": "",
                    "yoast_wpseo_primary_product_brand_term": "",
                    "yoast_wpseo_primary_product_brand_nonce": "91c693122f",
                    "yoast_wpseo_primary_product_cat_term": "75",
                    "yoast_wpseo_primary_product_cat_nonce": "91c693122f",
                    "screen": "mobile",
                    "product-type": "simple",
                    "_product_url": "",
                    "_button_text": "",
                    "_regular_price": "",
                    "_sale_price": "",
                    "_sale_price_dates_from": "",
                    "_sale_price_dates_to": "",
                    "_download_limit": "",
                    "_download_expiry": "",
                    "_tax_status": "taxable",
                    "_tax_class": "",
                    "_sku": "",
                    "_global_unique_id": "",
                    "_stock_status": "instock",
                    "_weight": "",
                    "_length": "",
                    "_width": "",
                    "_height": "",
                    "product_shipping_class": "-1",
                    "_purchase_note": "",
                    "metakeyselect": "#NONE#",
                    "metakeyinput": "",
                    "metavalue": "",
                    "_ajax_nonce-add-meta": "3f3c277759",
                    "excerpt": ""
                }
            ]
        },
        {
            "file": "\/Users\/jeff\/Projects\/tpb-store-modal\/local-site\/app\/public\/wp-admin\/post.php",
            "line": 227,
            "function": "edit_post",
            "args": []
        }
    ],
    "source": "activecampaign-for-woocommerce",
    "version": "2.10.1",
    "request_id": "ac_woocommerce_68f94cdabf76f6.49270056"
} CONTEXT: {"message":"Failed Graphql call. Response: {"errors":[{"message":"Exception: Connection sync failed for woocommerce http://the-peak-beyond-modal.local RequestId: 52d8d235-6882-4b9b-ba23-fa13b6caf430","extensions":{"classification":"ValidationError","errorType":"BAD_REQUEST"}}],"data":{}}","trace":[{"file":"/Users/jeff/Projects/tpb-store-modal/local-site/app/public/wp-content/plugins/activecampaign-for-woocommerce/includes/repositories/class-activecampaign-for-woocommerce-product-repository.php","line":101,"function":"sync_mutation","class":"Activecampaign_For_Woocommerce_Api_Client_Graphql","type":"->","args":["syncLegacyConnection","woocommerce","http://the-peak-beyond-modal.local",["id"]]},{"file":"/Users/jeff/Projects/tpb-store-modal/local-site/app/public/wp-content/plugins/activecampaign-for-woocommerce/includes/products/class-activecampaign-for-woocommerce-product-sync-job.php","line":282,"function":"sync_connection","class":"Activecampaign_For_Woocommerce_Product_Repository","type":"->","args":[]},{"file":"/Users/jeff/Projects/tpb-store-modal/local-site/app/public/wp-includes/class-wp-hook.php","line":324,"function":"run_sync_connection","class":"Activecampaign_For_Woocommerce_Product_Sync_Job","type":"->","args":[""]},{"file":"/Users/jeff/Projects/tpb-store-modal/local-site/app/public/wp-includes/class-wp-hook.php","line":348,"function":"apply_filters","class":"WP_Hook","type":"->","args":["",[""]]},{"file":"/Users/jeff/Projects/tpb-store-modal/local-site/app/public/wp-includes/plugin.php","line":517,"function":"do_action","class":"WP_Hook","type":"->","args":[[""]]},{"file":"/Users/jeff/Projects/tpb-store-modal/local-site/app/public/wp-content/plugins/activecampaign-for-woocommerce/includes/products/class-activecampaign-for-woocommerce-product-sync-job.php","line":167,"function":"do_action","args":["activecampaign_for_woocommerce_run_sync_connection"]},{"file":"/Users/jeff/Projects/tpb-store-modal/local-site/app/public/wp-includes/class-wp-hook.php","line":324,"function":"save_or_update_product_status","class":"Activecampaign_For_Woocommerce_Product_Sync_Job","type":"->","args":[4842,"instock",{}]},{"file":"/Users/jeff/Projects/tpb-store-modal/local-site/app/public/wp-includes/class-wp-hook.php","line":348,"function":"apply_filters","class":"WP_Hook","type":"->","args":[null,[4842,"instock",{}]]},{"file":"/Users/jeff/Projects/tpb-store-modal/local-site/app/public/wp-includes/plugin.php","line":517,"function":"do_action","class":"WP_Hook","type":"->","args":[[4842,"instock",{}]]},{"file":"/Users/jeff/Projects/tpb-store-modal/local-site/app/public/wp-content/plugins/woocommerce/includes/data-stores/class-wc-product-data-store-cpt.php","line":881,"function":"do_action","args":["woocommerce_product_set_stock_status",4842,"instock",{}]},{"file":"/Users/jeff/Projects/tpb-store-modal/local-site/app/public/wp-content/plugins/woocommerce/includes/data-stores/class-wc-product-data-store-cpt.php","line":383,"function":"handle_updated_props","class":"WC_Product_Data_Store_CPT","type":"->","args":[{}]},{"file":"/Users/jeff/Projects/tpb-store-modal/local-site/app/public/wp-content/plugins/woocommerce/includes/class-wc-data-store.php","line":196,"function":"update","class":"WC_Product_Data_Store_CPT","type":"->","args":[{}]},{"file":"/Users/jeff/Projects/tpb-store-modal/local-site/app/public/wp-content/plugins/woocommerce/includes/abstracts/abstract-wc-product.php","line":1479,"function":"update","class":"WC_Data_Store","type":"->","args":[{}]},{"file":"/Users/jeff/Projects/tpb-store-modal/local-site/app/public/wp-content/plugins/woocommerce/includes/admin/meta-boxes/class-wc-meta-box-product-data.php","line":437,"function":"save","class":"WC_Product","type":"->","args":[]},{"file":"/Users/jeff/Projects/tpb-store-modal/local-site/app/public/wp-includes/class-wp-hook.php","line":324,"function":"save","class":"WC_Meta_Box_Product_Data","type":"::","args":[4842,{"ID":4842,"post_author":"1","post_date":"2025-10-22 21:30:03","post_date_gmt":"2025-10-22 21:30:03","post_content":"","post_title":"Quick Checkout Station Configure Now","post_excerpt":"","post_status":"publish","comment_status":"closed","ping_status":"closed","post_password":"","post_name":"quick-checkout-station-configure-now","to_ping":"","pinged":"","post_modified":"2025-10-22 21:30:03","post_modified_gmt":"2025-10-22 21:30:03","post_content_filtered":"","post_parent":0,"guid":"http://the-peak-beyond-modal.local/?post_type=product&#038;p=4842","menu_order":0,"post_type":"product","post_mime_type":"","comment_count":"0","filter":"raw"}]},{"file":"/Users/jeff/Projects/tpb-store-modal/local-site/app/public/wp-includes/class-wp-hook.php","line":348,"function":"apply_filters","class":"WP_Hook","type":"->","args":[4842,[4842,{"ID":4842,"post_author":"1","post_date":"2025-10-22 21:30:03","post_date_gmt":"2025-10-22 21:30:03","post_content":"","post_title":"Quick Checkout Station Configure Now","post_excerpt":"","post_status":"publish","comment_status":"closed","ping_status":"closed","post_password":"","post_name":"quick-checkout-station-configure-now","to_ping":"","pinged":"","post_modified":"2025-10-22 21:30:03","post_modified_gmt":"2025-10-22 21:30:03","post_content_filtered":"","post_parent":0,"guid":"http://the-peak-beyond-modal.local/?post_type=product&#038;p=4842","menu_order":0,"post_type":"product","post_mime_type":"","comment_count":"0","filter":"raw"}]]},{"file":"/Users/jeff/Projects/tpb-store-modal/local-site/app/public/wp-includes/plugin.php","line":517,"function":"do_action","class":"WP_Hook","type":"->","args":[[4842,{"ID":4842,"post_author":"1","post_date":"2025-10-22 21:30:03","post_date_gmt":"2025-10-22 21:30:03","post_content":"","post_title":"Quick Checkout Station Configure Now","post_excerpt":"","post_status":"publish","comment_status":"closed","ping_status":"closed","post_password":"","post_name":"quick-checkout-station-configure-now","to_ping":"","pinged":"","post_modified":"2025-10-22 21:30:03","post_modified_gmt":"2025-10-22 21:30:03","post_content_filtered":"","post_parent":0,"guid":"http://the-peak-beyond-modal.local/?post_type=product&#038;p=4842","menu_order":0,"post_type":"product","post_mime_type":"","comment_count":"0","filter":"raw"}]]},{"file":"/Users/jeff/Projects/tpb-store-modal/local-site/app/public/wp-content/plugins/woocommerce/includes/admin/class-wc-admin-meta-boxes.php","line":272,"function":"do_action","args":["woocommerce_process_product_meta",4842,{"ID":4842,"post_author":"1","post_date":"2025-10-22 21:30:03","post_date_gmt":"2025-10-22 21:30:03","post_content":"","post_title":"Quick Checkout Station Configure Now","post_excerpt":"","post_status":"publish","comment_status":"closed","ping_status":"closed","post_password":"","post_name":"quick-checkout-station-configure-now","to_ping":"","pinged":"","post_modified":"2025-10-22 21:30:03","post_modified_gmt":"2025-10-22 21:30:03","post_content_filtered":"","post_parent":0,"guid":"http://the-peak-beyond-modal.local/?post_type=product&#038;p=4842","menu_order":0,"post_type":"product","post_mime_type":"","comment_count":"0","filter":"raw"}]},{"file":"/Users/jeff/Projects/tpb-store-modal/local-site/app/public/wp-includes/class-wp-hook.php","line":326,"function":"save_meta_boxes","class":"WC_Admin_Meta_Boxes","type":"->","args":[4842,{"ID":4842,"post_author":"1","post_date":"2025-10-22 21:30:03","post_date_gmt":"2025-10-22 21:30:03","post_content":"","post_title":"Quick Checkout Station Configure Now","post_excerpt":"","post_status":"publish","comment_status":"closed","ping_status":"closed","post_password":"","post_name":"quick-checkout-station-configure-now","to_ping":"","pinged":"","post_modified":"2025-10-22 21:30:03","post_modified_gmt":"2025-10-22 21:30:03","post_content_filtered":"","post_parent":0,"guid":"http://the-peak-beyond-modal.local/?post_type=product&#038;p=4842","menu_order":0,"post_type":"product","post_mime_type":"","comment_count":"0","filter":"raw"}]},{"file":"/Users/jeff/Projects/tpb-store-modal/local-site/app/public/wp-includes/class-wp-hook.php","line":348,"function":"apply_filters","class":"WP_Hook","type":"->","args":[null,[4842,{"ID":4842,"post_author":"1","post_date":"2025-10-22 21:30:03","post_date_gmt":"2025-10-22 21:30:03","post_content":"","post_title":"Quick Checkout Station Configure Now","post_excerpt":"","post_status":"publish","comment_status":"closed","ping_status":"closed","post_password":"","post_name":"quick-checkout-station-configure-now","to_ping":"","pinged":"","post_modified":"2025-10-22 21:30:03","post_modified_gmt":"2025-10-22 21:30:03","post_content_filtered":"","post_parent":0,"guid":"http://the-peak-beyond-modal.local/?post_type=product&#038;p=4842","menu_order":0,"post_type":"product","post_mime_type":"","comment_count":"0","filter":"raw"},true]]},{"file":"/Users/jeff/Projects/tpb-store-modal/local-site/app/public/wp-includes/plugin.php","line":517,"function":"do_action","class":"WP_Hook","type":"->","args":[[4842,{"ID":4842,"post_author":"1","post_date":"2025-10-22 21:30:03","post_date_gmt":"2025-10-22 21:30:03","post_content":"","post_title":"Quick Checkout Station Configure Now","post_excerpt":"","post_status":"publish","comment_status":"closed","ping_status":"closed","post_password":"","post_name":"quick-checkout-station-configure-now","to_ping":"","pinged":"","post_modified":"2025-10-22 21:30:03","post_modified_gmt":"2025-10-22 21:30:03","post_content_filtered":"","post_parent":0,"guid":"http://the-peak-beyond-modal.local/?post_type=product&#038;p=4842","menu_order":0,"post_type":"product","post_mime_type":"","comment_count":"0","filter":"raw"},true]]},{"file":"/Users/jeff/Projects/tpb-store-modal/local-site/app/public/wp-includes/post.php","line":5110,"function":"do_action","args":["save_post",4842,{"ID":4842,"post_author":"1","post_date":"2025-10-22 21:30:03","post_date_gmt":"2025-10-22 21:30:03","post_content":"","post_title":"Quick Checkout Station Configure Now","post_excerpt":"","post_status":"publish","comment_status":"closed","ping_status":"closed","post_password":"","post_name":"quick-checkout-station-configure-now","to_ping":"","pinged":"","post_modified":"2025-10-22 21:30:03","post_modified_gmt":"2025-10-22 21:30:03","post_content_filtered":"","post_parent":0,"guid":"http://the-peak-beyond-modal.local/?post_type=product&#038;p=4842","menu_order":0,"post_type":"product","post_mime_type":"","comment_count":"0","filter":"raw"},true]},{"file":"/Users/jeff/Projects/tpb-store-modal/local-site/app/public/wp-includes/post.php","line":5212,"function":"wp_insert_post","args":[{"post_author":1,"post_content":"","post_content_filtered":"","post_title":"Quick Checkout Station Configure Now","post_excerpt":"","post_status":"publish","post_type":"product","comment_status":"closed","ping_status":"closed","post_password":"","to_ping":"","pinged":"","post_parent":0,"menu_order":0,"guid":"http://the-peak-beyond-modal.local/?post_type=product&#038;p=4842","import_id":0,"context":"","post_date":"2025-10-22 21:30:03","post_date_gmt":"","ID":4842,"post_name":"","post_modified":"2025-10-22 21:05:41","post_modified_gmt":"2025-10-22 21:05:41","post_mime_type":"","comment_count":"0","ancestors":[],"page_template":"","post_category":[],"tags_input":[],"_wpnonce":"fadf153f6a","_wp_http_referer":"/wp-admin/post-new.php?post_type=product","user_ID":1,"action":"editpost","originalaction":"editpost","original_post_status":"auto-draft","referredby":"http://the-peak-beyond-modal.local/wp-admin/post.php?post=4607&action=edit","_wp_original_http_referer":"http://the-peak-beyond-modal.local/wp-admin/post.php?post=4607&action=edit","auto_draft":"","post_ID":"4842","meta-box-order-nonce":"a2cb635876","closedpostboxesnonce":"61ffd44ee2","original_post_title":"","samplepermalinknonce":"3c9d21b58b","content":"","wp-preview":"","hidden_post_status":"draft","hidden_post_password":"","hidden_post_visibility":"public","visibility":"public","mm":"10","jj":"22","aa":"2025","hh":"21","mn":"05","ss":"27","hidden_mm":"10","cur_mm":"10","hidden_jj":"22","cur_jj":"22","hidden_aa":"2025","cur_aa":"2025","hidden_hh":"21","cur_hh":"21","hidden_mn":"05","cur_mn":"05","current_visibility":"visible","current_featured":"no","_visibility":"visible","original_publish":"Publish","publish":"Publish","_thumbnail_id":"4843","woocommerce_meta_nonce":"dc665b1ddb","product_image_gallery":"","tax_input":{"product_cat":[0,71,75],"product_tag":[],"product_brand":[0]},"newproduct_cat":"New category name","newproduct_cat_parent":"-1","_ajax_nonce-add-product_cat":"58b328ba56","newtag":{"product_tag":""},"newproduct_brand":"New Brand Name","newproduct_brand_parent":"-1","_ajax_nonce-add-product_brand":"b4b90d9f48","yoast_free_metabox_nonce":"260e5e2f40","yoast_wpseo_focuskw":"","yoast_wpseo_title":"","yoast_wpseo_metadesc":"","yoast_wpseo_linkdex":"-662","yoast_wpseo_content_score":"90","yoast_wpseo_inclusive_language_score":"0","yoast_wpseo_is_cornerstone":"false","yoast_wpseo_focuskeywords":"","yoast_wpseo_keywordsynonyms":"","yoast_wpseo_estimated-reading-time-minutes":"0","yoast_wpseo_words_for_linking":"","yoast_wpseo_meta-robots-noindex":"0","yoast_wpseo_meta-robots-nofollow":"0","yoast_wpseo_meta-robots-adv":"","yoast_wpseo_bctitle":"","yoast_wpseo_canonical":"","yoast_wpseo_schema_page_type":"","yoast_wpseo_opengraph-title":"","yoast_wpseo_opengraph-description":"","yoast_wpseo_opengraph-image":"","yoast_wpseo_opengraph-image-id":"","yoast_wpseo_twitter-title":"","yoast_wpseo_twitter-description":"","yoast_wpseo_twitter-image":"","yoast_wpseo_twitter-image-id":"","yoast_wpseo_primary_product_brand_term":"","yoast_wpseo_primary_product_brand_nonce":"91c693122f","yoast_wpseo_primary_product_cat_term":"75","yoast_wpseo_primary_product_cat_nonce":"91c693122f","screen":"mobile","product-type":"simple","_product_url":"","_button_text":"","_regular_price":"","_sale_price":"","_sale_price_dates_from":"","_sale_price_dates_to":"","_download_limit":"","_download_expiry":"","_tax_status":"taxable","_tax_class":"","_sku":"","_global_unique_id":"","_stock_status":"instock","_weight":"","_length":"","_width":"","_height":"","product_shipping_class":"-1","_purchase_note":"","metakeyselect":"#NONE#","metakeyinput":"","metavalue":"","_ajax_nonce-add-meta":"3f3c277759","excerpt":"","filter":"db"},false,true]},{"file":"/Users/jeff/Projects/tpb-store-modal/local-site/app/public/wp-admin/includes/post.php","line":453,"function":"wp_update_post","args":[{"ID":4842,"post_author":1,"post_date":"2025-10-22 21:30:03","post_date_gmt":"","post_content":"","post_title":"Quick Checkout Station Configure Now","post_excerpt":"","post_status":"publish","comment_status":"closed","ping_status":"closed","post_password":"","post_name":"","to_ping":"","pinged":"","post_modified":"2025-10-22 21:05:41","post_modified_gmt":"2025-10-22 21:05:41","post_content_filtered":"","post_parent":0,"guid":"http://the-peak-beyond-modal.local/?post_type=product&#038;p=4842","menu_order":"0","post_type":"product","post_mime_type":"","comment_count":"0","filter":"raw","ancestors":[],"page_template":"","post_category":[],"tags_input":[],"_wpnonce":"fadf153f6a","_wp_http_referer":"/wp-admin/post-new.php?post_type=product","user_ID":1,"action":"editpost","originalaction":"editpost","original_post_status":"auto-draft","referredby":"http://the-peak-beyond-modal.local/wp-admin/post.php?post=4607&action=edit","_wp_original_http_referer":"http://the-peak-beyond-modal.local/wp-admin/post.php?post=4607&action=edit","auto_draft":"","post_ID":"4842","meta-box-order-nonce":"a2cb635876","closedpostboxesnonce":"61ffd44ee2","original_post_title":"","samplepermalinknonce":"3c9d21b58b","content":"","wp-preview":"","hidden_post_status":"draft","hidden_post_password":"","hidden_post_visibility":"public","visibility":"public","mm":"10","jj":"22","aa":"2025","hh":"21","mn":"05","ss":"27","hidden_mm":"10","cur_mm":"10","hidden_jj":"22","cur_jj":"22","hidden_aa":"2025","cur_aa":"2025","hidden_hh":"21","cur_hh":"21","hidden_mn":"05","cur_mn":"05","current_visibility":"visible","current_featured":"no","_visibility":"visible","original_publish":"Publish","publish":"Publish","_thumbnail_id":"4843","woocommerce_meta_nonce":"dc665b1ddb","product_image_gallery":"","tax_input":{"product_cat":[0,71,75],"product_tag":[],"product_brand":[0]},"newproduct_cat":"New category name","newproduct_cat_parent":"-1","_ajax_nonce-add-product_cat":"58b328ba56","newtag":{"product_tag":""},"newproduct_brand":"New Brand Name","newproduct_brand_parent":"-1","_ajax_nonce-add-product_brand":"b4b90d9f48","yoast_free_metabox_nonce":"260e5e2f40","yoast_wpseo_focuskw":"","yoast_wpseo_title":"","yoast_wpseo_metadesc":"","yoast_wpseo_linkdex":"-662","yoast_wpseo_content_score":"90","yoast_wpseo_inclusive_language_score":"0","yoast_wpseo_is_cornerstone":"false","yoast_wpseo_focuskeywords":"","yoast_wpseo_keywordsynonyms":"","yoast_wpseo_estimated-reading-time-minutes":"0","yoast_wpseo_words_for_linking":"","yoast_wpseo_meta-robots-noindex":"0","yoast_wpseo_meta-robots-nofollow":"0","yoast_wpseo_meta-robots-adv":"","yoast_wpseo_bctitle":"","yoast_wpseo_canonical":"","yoast_wpseo_schema_page_type":"","yoast_wpseo_opengraph-title":"","yoast_wpseo_opengraph-description":"","yoast_wpseo_opengraph-image":"","yoast_wpseo_opengraph-image-id":"","yoast_wpseo_twitter-title":"","yoast_wpseo_twitter-description":"","yoast_wpseo_twitter-image":"","yoast_wpseo_twitter-image-id":"","yoast_wpseo_primary_product_brand_term":"","yoast_wpseo_primary_product_brand_nonce":"91c693122f","yoast_wpseo_primary_product_cat_term":"75","yoast_wpseo_primary_product_cat_nonce":"91c693122f","screen":"mobile","product-type":"simple","_product_url":"","_button_text":"","_regular_price":"","_sale_price":"","_sale_price_dates_from":"","_sale_price_dates_to":"","_download_limit":"","_download_expiry":"","_tax_status":"taxable","_tax_class":"","_sku":"","_global_unique_id":"","_stock_status":"instock","_weight":"","_length":"","_width":"","_height":"","product_shipping_class":"-1","_purchase_note":"","metakeyselect":"#NONE#","metakeyinput":"","metavalue":"","_ajax_nonce-add-meta":"3f3c277759","excerpt":""}]},{"file":"/Users/jeff/Projects/tpb-store-modal/local-site/app/public/wp-admin/post.php","line":227,"function":"edit_post","args":[]}],"version":"2.10.1","request_id":"ac_woocommerce_68f94cdabf76f6.49270056"}
