2025-10-14T01:55:00+00:00 INFO Array
(
    [Webhook Delivery] => Array
        (
            [Delivery ID] => 88d52814b7f3f2065b023f463b3dad52
            [Date] => Oct 14, 2025 @ 1:55
            [URL] => https://webhooks.automizely.com/aftership/woocommerce/order/v1
            [Duration] => 0.70919
            [Request] => Array
                (
                    [Method] => POST
                    [Headers] => Array
                        (
                            [User-Agent] => WooCommerce/10.2.2 Hookshot (WordPress/6.8.2)
                            [Content-Type] => application/json
                            [X-WC-Webhook-Source] => https://cannabis-kiosks.com/
                            [X-WC-Webhook-Topic] => order.updated
                            [X-WC-Webhook-Resource] => order
                            [X-WC-Webhook-Event] => updated
                            [X-WC-Webhook-Signature] => BppoPbDA1pN0lrLRKCkxIm9wUmYty6nkzM+NItE55Ws=
                            [X-WC-Webhook-ID] => 55
                            [X-WC-Webhook-Delivery-ID] => 88d52814b7f3f2065b023f463b3dad52
                        )

                )

            [Body] => {\"id\":3016,\"parent_id\":0,\"status\":\"pending\",\"currency\":\"USD\",\"version\":\"10.2.2\",\"prices_include_tax\":false,\"date_created\":\"2025-05-27T20:42:32\",\"date_modified\":\"2025-05-27T21:19:53\",\"discount_total\":\"716.00\",\"discount_tax\":\"53.70\",\"shipping_total\":\"1806.00\",\"shipping_tax\":\"0.00\",\"cart_tax\":\"653.93\",\"total\":\"11178.93\",\"total_tax\":\"653.93\",\"customer_id\":1,\"order_key\":\"wc_order_XfLuR0hXsGWr2\",\"billing\":{\"first_name\":\"Shivam Patel\",\"last_name\":\"\",\"company\":\"\",\"address_1\":\"\",\"address_2\":\"\",\"city\":\"\",\"state\":\"\",\"postcode\":\"\",\"country\":\"\",\"email\":\"jeff@thepeakbeyond.com\",\"phone\":\"\"},\"shipping\":{\"first_name\":\"\",\"last_name\":\"\",\"company\":\"\",\"address_1\":\"\",\"address_2\":\"\",\"city\":\"\",\"state\":\"\",\"postcode\":\"\",\"country\":\"\",\"phone\":\"\"},\"payment_method\":\"\",\"payment_method_title\":\"\",\"transaction_id\":\"\",\"customer_ip_address\":\"98.56.162.34\",\"customer_user_agent\":\"Mozilla\\/5.0 (Macintosh; Intel Mac OS X 10_15_7) AppleWebKit\\/537.36 (KHTML, like Gecko) Chrome\\/136.0.0.0 Safari\\/537.36\",\"created_via\":\"ywraq\",\"customer_note\":\"\",\"date_completed\":null,\"date_paid\":null,\"cart_hash\":\"\",\"number\":\"3016\",\"meta_data\":[{\"id\":31408,\"key\":\"ywraq_raq\",\"value\":\"yes\"},{\"id\":31410,\"key\":\"_current_user\",\"value\":\"1\"},{\"id\":31411,\"key\":\"ywraq_raq_status\",\"value\":\"accepted\"},{\"id\":31413,\"key\":\"_ywraq_version\",\"value\":\"4.33.0\"},{\"id\":31414,\"key\":\"_ywraq_pdf_crypt\",\"value\":\"yes\"},{\"id\":31415,\"key\":\"ywraq_customer_name\",\"value\":\"Shivam Patel\"},{\"id\":31416,\"key\":\"ywraq_customer_message\",\"value\":\"This is a test quote\"},{\"id\":31417,\"key\":\"ywraq_customer_email\",\"value\":\"jeff@thepeakbeyond.com\"},{\"id\":31418,\"key\":\"_raq_request\",\"value\":{\"first_name\":{\"id\":\"first_name\",\"type\":\"text\",\"label\":\"First Name\",\"connect_to_field\":\"\",\"value\":\"Shivam\"},\"last_name\":{\"id\":\"last_name\",\"type\":\"text\",\"label\":\"Last Name\",\"connect_to_field\":\"\",\"value\":\"Patel\"},\"email\":{\"id\":\"email\",\"type\":\"email\",\"label\":\"Email\",\"connect_to_field\":\"\",\"value\":\"jeff@thepeakbeyond.com\"},\"message\":{\"id\":\"message\",\"type\":\"textarea\",\"label\":\"Message\",\"connect_to_field\":\"\",\"value\":\"This is a test quote\"},\"location_name\":{\"id\":\"location_name\",\"type\":\"text\",\"label\":\"Location Name\",\"connect_to_field\":\"\",\"value\":\"Newburgh\"},\"social_equity\":{\"id\":\"social_equity\",\"type\":\"radio\",\"label\":\"Are you a social equity license holder?\",\"connect_to_field\":\"\",\"value\":\"Yes\"},\"customer_id\":1,\"raq_content\":{\"bc99aa09629bfa56cf9ac3de4b3961d7\":{\"product_id\":\"452\",\"variation_id\":\"871\",\"quantity\":\"4\",\"variations\":{\"attribute_pa_remedy-finish\":\"black-acrylic\"}}},\"sent_from_cart\":false,\"user_name\":\"Shivam Patel\",\"user_email\":\"jeff@thepeakbeyond.com\",\"user_message\":\"This is a test quote\"}},{\"id\":31419,\"key\":\"ywraq_other_email_fields\",\"value\":{\"Location Name\":\"Newburgh\",\"Are you a social equity license holder?\":\"Yes\"}},{\"id\":31420,\"key\":\"ywraq_other_email_content\",\"value\":\"<strong>Location Name<\\/strong>: Newburgh<br><strong>Are you a social equity license holder?<\\/strong>: Yes<br>\"},{\"id\":31425,\"key\":\"ac_order_last_synced_time\",\"value\":\"1748380871\"},{\"id\":31426,\"key\":\"ac_datahash\",\"value\":\"420c55d6ad793db0af249219710eb195\"},{\"id\":31436,\"key\":\"_aftership_migrated\",\"value\":\"ok\"},{\"id\":31437,\"key\":\"_ywraq_enable_custom_text\",\"value\":\"no\"},{\"id\":31438,\"key\":\"_ywcm_request_response\",\"value\":\"\"},{\"id\":31439,\"key\":\"_ywraq_request_response_after\",\"value\":\"\"},{\"id\":31440,\"key\":\"_ywraq_optional_attachment\",\"value\":\"\"},{\"id\":31441,\"key\":\"_ywraq_enable_expiry_date\",\"value\":\"no\"},{\"id\":31442,\"key\":\"_ywraq_request_my_account_admin_message\",\"value\":\"Please review the quote and accept if you are ready to move forward with payment.\"},{\"id\":31443,\"key\":\"_ywraq_override_quote_payment_options\",\"value\":\"no\"},{\"id\":31444,\"key\":\"_ywraq_pay_quote_now\",\"value\":\"no\"},{\"id\":31445,\"key\":\"_ywraq_checkout_info\",\"value\":\"-\"},{\"id\":31446,\"key\":\"_ywraq_disable_shipping_method\",\"value\":\"1\"},{\"id\":31447,\"key\":\"_ywraq_lock_editing\",\"value\":\"no\"},{\"id\":31448,\"key\":\"_ywraq_safe_submit_field\",\"value\":\"send_quote\"},{\"id\":31449,\"key\":\"_ywraq_email_preview\",\"value\":{\"email\":\"jeff@thepeakbeyond.com\"}},{\"id\":31462,\"key\":\"_ywcm_request_expire\",\"value\":\"\"},{\"id\":31464,\"key\":\"_ywraq_author\",\"value\":\"1\"},{\"id\":31465,\"key\":\"ywraq_pending_status_date\",\"value\":\"2025-05-27\"},{\"id\":31466,\"key\":\"ywraq_status\",\"value\":\"pending\"},{\"id\":31484,\"key\":\"ac_last_synced_status\",\"value\":\"pending\"},{\"id\":31485,\"key\":\"activecampaign_for_woocommerce_external_checkout_id\",\"value\":\"f1cabe548c7759e6dcdbd7ec19f37abe\"}],\"line_items\":[{\"id\":70,\"name\":\"Counter-top flower display with 8 featured products - Black Acrylic\",\"product_id\":452,\"variation_id\":871,\"quantity\":4,\"tax_class\":\"\",\"subtotal\":\"8600.00\",\"subtotal_tax\":\"645.00\",\"total\":\"8134.00\",\"total_tax\":\"610.05\",\"taxes\":[{\"id\":1,\"total\":\"610.05\",\"subtotal\":\"645.00\"}],\"meta_data\":[{\"id\":569,\"key\":\"pa_remedy-finish\",\"value\":\"black-acrylic\",\"display_key\":\"pa_remedy-finish\",\"display_value\":\"black-acrylic\"}],\"sku\":\"\",\"global_unique_id\":\"\",\"price\":2033.5,\"image\":{\"id\":865,\"src\":\"https:\\/\\/cannabis-kiosks.com\\/wp-content\\/uploads\\/2025\\/02\\/1400x1400-2.jpg\"},\"parent_name\":\"Counter-top flower display with 8 featured products\"},{\"id\":75,\"name\":\"Service -- Display Installation\",\"product_id\":372,\"variation_id\":0,\"quantity\":4,\"tax_class\":\"\",\"subtotal\":\"600.00\",\"subtotal_tax\":\"45.00\",\"total\":\"350.00\",\"total_tax\":\"26.25\",\"taxes\":[{\"id\":1,\"total\":\"26.25\",\"subtotal\":\"45.00\"}],\"meta_data\":[],\"sku\":\"\",\"global_unique_id\":\"\",\"price\":87.5,\"image\":{\"id\":\"\",\"src\":\"\"},\"parent_name\":null}],\"tax_lines\":[{\"id\":71,\"rate_code\":\"US-CA-US-CA-NEVADA COUNTY-GRASS VALLEY TAX-1\",\"rate_id\":1,\"label\":\"US-CA-NEVADA COUNTY-GRASS VALLEY Tax\",\"compound\":false,\"tax_total\":\"653.93\",\"shipping_tax_total\":\"0.00\",\"rate_percent\":7.5,\"meta_data\":[]}],\"shipping_lines\":[{\"id\":72,\"method_title\":\"Shipping\",\"method_id\":\"\",\"instance_id\":\"0\",\"total\":\"1806.00\",\"total_tax\":\"0.00\",\"taxes\":[],\"tax_status\":\"taxable\",\"meta_data\":[]}],\"fee_lines\":[{\"id\":74,\"name\":\"Monthly software license fee\",\"tax_class\":\"\",\"tax_status\":\"taxable\",\"amount\":\"235\",\"total\":\"235.00\",\"total_tax\":\"17.63\",\"taxes\":[{\"id\":1,\"total\":\"17.63\",\"subtotal\":\"\"}],\"meta_data\":[]}],\"coupon_lines\":[],\"refunds\":[],\"payment_url\":\"https:\\/\\/cannabis-kiosks.com\\/checkout\\/order-pay\\/3016\\/?pay_for_order=true&key=wc_order_XfLuR0hXsGWr2\",\"is_editable\":true,\"needs_payment\":true,\"needs_processing\":true,\"date_created_gmt\":\"2025-05-27T20:42:32\",\"date_modified_gmt\":\"2025-05-27T21:19:53\",\"date_completed_gmt\":null,\"date_paid_gmt\":null,\"currency_symbol\":\"$\",\"_links\":{\"self\":[{\"href\":\"https:\\/\\/cannabis-kiosks.com\\/wp-json\\/wc\\/v3\\/orders\\/3016\",\"targetHints\":{\"allow\":[\"GET\",\"POST\",\"PUT\",\"PATCH\",\"DELETE\"]}}],\"collection\":[{\"href\":\"https:\\/\\/cannabis-kiosks.com\\/wp-json\\/wc\\/v3\\/orders\"}],\"email_templates\":[{\"embeddable\":true,\"href\":\"https:\\/\\/cannabis-kiosks.com\\/wp-json\\/wc\\/v3\\/orders\\/3016\\/actions\\/email_templates\"}],\"customer\":[{\"href\":\"https:\\/\\/cannabis-kiosks.com\\/wp-json\\/wc\\/v3\\/customers\\/1\"}]}}
            [Response] => Array
                (
                    [Code] => 200
                    [Message] => OK
                    [Headers] => WpOrg\Requests\Utility\CaseInsensitiveDictionary Object
                        (
                            [data:protected] => Array
                                (
                                    [date] => Tue, 14 Oct 2025 01:55:00 GMT
                                    [content-length] => 0
                                    [cf-ray] => 98e373b6adc702c3-CDG
                                    [vary] => Origin
                                    [via] => 1.1 google
                                    [cf-cache-status] => DYNAMIC
                                    [strict-transport-security] => max-age=15552000
                                    [server] => cloudflare
                                )

                        )

                    [Body] => 
                )

        )

)
2025-10-14T03:55:00+00:00 INFO Array
(
    [Webhook Delivery] => Array
        (
            [Delivery ID] => e5886ea26efdfbdba7aec9bb8d5a43a5
            [Date] => Oct 14, 2025 @ 3:55
            [URL] => https://webhooks.automizely.com/aftership/woocommerce/order/v1
            [Duration] => 0.66484
            [Request] => Array
                (
                    [Method] => POST
                    [Headers] => Array
                        (
                            [User-Agent] => WooCommerce/10.2.2 Hookshot (WordPress/6.8.2)
                            [Content-Type] => application/json
                            [X-WC-Webhook-Source] => https://cannabis-kiosks.com/
                            [X-WC-Webhook-Topic] => order.updated
                            [X-WC-Webhook-Resource] => order
                            [X-WC-Webhook-Event] => updated
                            [X-WC-Webhook-Signature] => BppoPbDA1pN0lrLRKCkxIm9wUmYty6nkzM+NItE55Ws=
                            [X-WC-Webhook-ID] => 55
                            [X-WC-Webhook-Delivery-ID] => e5886ea26efdfbdba7aec9bb8d5a43a5
                        )

                )

            [Body] => {\"id\":3016,\"parent_id\":0,\"status\":\"pending\",\"currency\":\"USD\",\"version\":\"10.2.2\",\"prices_include_tax\":false,\"date_created\":\"2025-05-27T20:42:32\",\"date_modified\":\"2025-05-27T21:19:53\",\"discount_total\":\"716.00\",\"discount_tax\":\"53.70\",\"shipping_total\":\"1806.00\",\"shipping_tax\":\"0.00\",\"cart_tax\":\"653.93\",\"total\":\"11178.93\",\"total_tax\":\"653.93\",\"customer_id\":1,\"order_key\":\"wc_order_XfLuR0hXsGWr2\",\"billing\":{\"first_name\":\"Shivam Patel\",\"last_name\":\"\",\"company\":\"\",\"address_1\":\"\",\"address_2\":\"\",\"city\":\"\",\"state\":\"\",\"postcode\":\"\",\"country\":\"\",\"email\":\"jeff@thepeakbeyond.com\",\"phone\":\"\"},\"shipping\":{\"first_name\":\"\",\"last_name\":\"\",\"company\":\"\",\"address_1\":\"\",\"address_2\":\"\",\"city\":\"\",\"state\":\"\",\"postcode\":\"\",\"country\":\"\",\"phone\":\"\"},\"payment_method\":\"\",\"payment_method_title\":\"\",\"transaction_id\":\"\",\"customer_ip_address\":\"98.56.162.34\",\"customer_user_agent\":\"Mozilla\\/5.0 (Macintosh; Intel Mac OS X 10_15_7) AppleWebKit\\/537.36 (KHTML, like Gecko) Chrome\\/136.0.0.0 Safari\\/537.36\",\"created_via\":\"ywraq\",\"customer_note\":\"\",\"date_completed\":null,\"date_paid\":null,\"cart_hash\":\"\",\"number\":\"3016\",\"meta_data\":[{\"id\":31408,\"key\":\"ywraq_raq\",\"value\":\"yes\"},{\"id\":31410,\"key\":\"_current_user\",\"value\":\"1\"},{\"id\":31411,\"key\":\"ywraq_raq_status\",\"value\":\"accepted\"},{\"id\":31413,\"key\":\"_ywraq_version\",\"value\":\"4.33.0\"},{\"id\":31414,\"key\":\"_ywraq_pdf_crypt\",\"value\":\"yes\"},{\"id\":31415,\"key\":\"ywraq_customer_name\",\"value\":\"Shivam Patel\"},{\"id\":31416,\"key\":\"ywraq_customer_message\",\"value\":\"This is a test quote\"},{\"id\":31417,\"key\":\"ywraq_customer_email\",\"value\":\"jeff@thepeakbeyond.com\"},{\"id\":31418,\"key\":\"_raq_request\",\"value\":{\"first_name\":{\"id\":\"first_name\",\"type\":\"text\",\"label\":\"First Name\",\"connect_to_field\":\"\",\"value\":\"Shivam\"},\"last_name\":{\"id\":\"last_name\",\"type\":\"text\",\"label\":\"Last Name\",\"connect_to_field\":\"\",\"value\":\"Patel\"},\"email\":{\"id\":\"email\",\"type\":\"email\",\"label\":\"Email\",\"connect_to_field\":\"\",\"value\":\"jeff@thepeakbeyond.com\"},\"message\":{\"id\":\"message\",\"type\":\"textarea\",\"label\":\"Message\",\"connect_to_field\":\"\",\"value\":\"This is a test quote\"},\"location_name\":{\"id\":\"location_name\",\"type\":\"text\",\"label\":\"Location Name\",\"connect_to_field\":\"\",\"value\":\"Newburgh\"},\"social_equity\":{\"id\":\"social_equity\",\"type\":\"radio\",\"label\":\"Are you a social equity license holder?\",\"connect_to_field\":\"\",\"value\":\"Yes\"},\"customer_id\":1,\"raq_content\":{\"bc99aa09629bfa56cf9ac3de4b3961d7\":{\"product_id\":\"452\",\"variation_id\":\"871\",\"quantity\":\"4\",\"variations\":{\"attribute_pa_remedy-finish\":\"black-acrylic\"}}},\"sent_from_cart\":false,\"user_name\":\"Shivam Patel\",\"user_email\":\"jeff@thepeakbeyond.com\",\"user_message\":\"This is a test quote\"}},{\"id\":31419,\"key\":\"ywraq_other_email_fields\",\"value\":{\"Location Name\":\"Newburgh\",\"Are you a social equity license holder?\":\"Yes\"}},{\"id\":31420,\"key\":\"ywraq_other_email_content\",\"value\":\"<strong>Location Name<\\/strong>: Newburgh<br><strong>Are you a social equity license holder?<\\/strong>: Yes<br>\"},{\"id\":31425,\"key\":\"ac_order_last_synced_time\",\"value\":\"1748380871\"},{\"id\":31426,\"key\":\"ac_datahash\",\"value\":\"420c55d6ad793db0af249219710eb195\"},{\"id\":31436,\"key\":\"_aftership_migrated\",\"value\":\"ok\"},{\"id\":31437,\"key\":\"_ywraq_enable_custom_text\",\"value\":\"no\"},{\"id\":31438,\"key\":\"_ywcm_request_response\",\"value\":\"\"},{\"id\":31439,\"key\":\"_ywraq_request_response_after\",\"value\":\"\"},{\"id\":31440,\"key\":\"_ywraq_optional_attachment\",\"value\":\"\"},{\"id\":31441,\"key\":\"_ywraq_enable_expiry_date\",\"value\":\"no\"},{\"id\":31442,\"key\":\"_ywraq_request_my_account_admin_message\",\"value\":\"Please review the quote and accept if you are ready to move forward with payment.\"},{\"id\":31443,\"key\":\"_ywraq_override_quote_payment_options\",\"value\":\"no\"},{\"id\":31444,\"key\":\"_ywraq_pay_quote_now\",\"value\":\"no\"},{\"id\":31445,\"key\":\"_ywraq_checkout_info\",\"value\":\"-\"},{\"id\":31446,\"key\":\"_ywraq_disable_shipping_method\",\"value\":\"1\"},{\"id\":31447,\"key\":\"_ywraq_lock_editing\",\"value\":\"no\"},{\"id\":31448,\"key\":\"_ywraq_safe_submit_field\",\"value\":\"send_quote\"},{\"id\":31449,\"key\":\"_ywraq_email_preview\",\"value\":{\"email\":\"jeff@thepeakbeyond.com\"}},{\"id\":31462,\"key\":\"_ywcm_request_expire\",\"value\":\"\"},{\"id\":31464,\"key\":\"_ywraq_author\",\"value\":\"1\"},{\"id\":31465,\"key\":\"ywraq_pending_status_date\",\"value\":\"2025-05-27\"},{\"id\":31466,\"key\":\"ywraq_status\",\"value\":\"pending\"},{\"id\":31484,\"key\":\"ac_last_synced_status\",\"value\":\"pending\"},{\"id\":31485,\"key\":\"activecampaign_for_woocommerce_external_checkout_id\",\"value\":\"f1cabe548c7759e6dcdbd7ec19f37abe\"}],\"line_items\":[{\"id\":70,\"name\":\"Counter-top flower display with 8 featured products - Black Acrylic\",\"product_id\":452,\"variation_id\":871,\"quantity\":4,\"tax_class\":\"\",\"subtotal\":\"8600.00\",\"subtotal_tax\":\"645.00\",\"total\":\"8134.00\",\"total_tax\":\"610.05\",\"taxes\":[{\"id\":1,\"total\":\"610.05\",\"subtotal\":\"645.00\"}],\"meta_data\":[{\"id\":569,\"key\":\"pa_remedy-finish\",\"value\":\"black-acrylic\",\"display_key\":\"pa_remedy-finish\",\"display_value\":\"black-acrylic\"}],\"sku\":\"\",\"global_unique_id\":\"\",\"price\":2033.5,\"image\":{\"id\":865,\"src\":\"https:\\/\\/cannabis-kiosks.com\\/wp-content\\/uploads\\/2025\\/02\\/1400x1400-2.jpg\"},\"parent_name\":\"Counter-top flower display with 8 featured products\"},{\"id\":75,\"name\":\"Service -- Display Installation\",\"product_id\":372,\"variation_id\":0,\"quantity\":4,\"tax_class\":\"\",\"subtotal\":\"600.00\",\"subtotal_tax\":\"45.00\",\"total\":\"350.00\",\"total_tax\":\"26.25\",\"taxes\":[{\"id\":1,\"total\":\"26.25\",\"subtotal\":\"45.00\"}],\"meta_data\":[],\"sku\":\"\",\"global_unique_id\":\"\",\"price\":87.5,\"image\":{\"id\":\"\",\"src\":\"\"},\"parent_name\":null}],\"tax_lines\":[{\"id\":71,\"rate_code\":\"US-CA-US-CA-NEVADA COUNTY-GRASS VALLEY TAX-1\",\"rate_id\":1,\"label\":\"US-CA-NEVADA COUNTY-GRASS VALLEY Tax\",\"compound\":false,\"tax_total\":\"653.93\",\"shipping_tax_total\":\"0.00\",\"rate_percent\":7.5,\"meta_data\":[]}],\"shipping_lines\":[{\"id\":72,\"method_title\":\"Shipping\",\"method_id\":\"\",\"instance_id\":\"0\",\"total\":\"1806.00\",\"total_tax\":\"0.00\",\"taxes\":[],\"tax_status\":\"taxable\",\"meta_data\":[]}],\"fee_lines\":[{\"id\":74,\"name\":\"Monthly software license fee\",\"tax_class\":\"\",\"tax_status\":\"taxable\",\"amount\":\"235\",\"total\":\"235.00\",\"total_tax\":\"17.63\",\"taxes\":[{\"id\":1,\"total\":\"17.63\",\"subtotal\":\"\"}],\"meta_data\":[]}],\"coupon_lines\":[],\"refunds\":[],\"payment_url\":\"https:\\/\\/cannabis-kiosks.com\\/checkout\\/order-pay\\/3016\\/?pay_for_order=true&key=wc_order_XfLuR0hXsGWr2\",\"is_editable\":true,\"needs_payment\":true,\"needs_processing\":true,\"date_created_gmt\":\"2025-05-27T20:42:32\",\"date_modified_gmt\":\"2025-05-27T21:19:53\",\"date_completed_gmt\":null,\"date_paid_gmt\":null,\"currency_symbol\":\"$\",\"_links\":{\"self\":[{\"href\":\"https:\\/\\/cannabis-kiosks.com\\/wp-json\\/wc\\/v3\\/orders\\/3016\",\"targetHints\":{\"allow\":[\"GET\",\"POST\",\"PUT\",\"PATCH\",\"DELETE\"]}}],\"collection\":[{\"href\":\"https:\\/\\/cannabis-kiosks.com\\/wp-json\\/wc\\/v3\\/orders\"}],\"email_templates\":[{\"embeddable\":true,\"href\":\"https:\\/\\/cannabis-kiosks.com\\/wp-json\\/wc\\/v3\\/orders\\/3016\\/actions\\/email_templates\"}],\"customer\":[{\"href\":\"https:\\/\\/cannabis-kiosks.com\\/wp-json\\/wc\\/v3\\/customers\\/1\"}]}}
            [Response] => Array
                (
                    [Code] => 200
                    [Message] => OK
                    [Headers] => WpOrg\Requests\Utility\CaseInsensitiveDictionary Object
                        (
                            [data:protected] => Array
                                (
                                    [date] => Tue, 14 Oct 2025 03:55:00 GMT
                                    [content-length] => 0
                                    [cf-ray] => 98e423816e804aff-CDG
                                    [vary] => Origin
                                    [via] => 1.1 google
                                    [cf-cache-status] => DYNAMIC
                                    [strict-transport-security] => max-age=15552000
                                    [server] => cloudflare
                                )

                        )

                    [Body] => 
                )

        )

)
2025-10-14T06:55:28+00:00 INFO Array
(
    [Webhook Delivery] => Array
        (
            [Delivery ID] => ef457879e7f24a2372acd62fedb5ce1e
            [Date] => Oct 14, 2025 @ 6:55
            [URL] => https://webhooks.automizely.com/aftership/woocommerce/order/v1
            [Duration] => 0.75246
            [Request] => Array
                (
                    [Method] => POST
                    [Headers] => Array
                        (
                            [User-Agent] => WooCommerce/10.2.2 Hookshot (WordPress/6.8.2)
                            [Content-Type] => application/json
                            [X-WC-Webhook-Source] => https://cannabis-kiosks.com/
                            [X-WC-Webhook-Topic] => order.updated
                            [X-WC-Webhook-Resource] => order
                            [X-WC-Webhook-Event] => updated
                            [X-WC-Webhook-Signature] => BppoPbDA1pN0lrLRKCkxIm9wUmYty6nkzM+NItE55Ws=
                            [X-WC-Webhook-ID] => 55
                            [X-WC-Webhook-Delivery-ID] => ef457879e7f24a2372acd62fedb5ce1e
                        )

                )

            [Body] => {\"id\":3016,\"parent_id\":0,\"status\":\"pending\",\"currency\":\"USD\",\"version\":\"10.2.2\",\"prices_include_tax\":false,\"date_created\":\"2025-05-27T20:42:32\",\"date_modified\":\"2025-05-27T21:19:53\",\"discount_total\":\"716.00\",\"discount_tax\":\"53.70\",\"shipping_total\":\"1806.00\",\"shipping_tax\":\"0.00\",\"cart_tax\":\"653.93\",\"total\":\"11178.93\",\"total_tax\":\"653.93\",\"customer_id\":1,\"order_key\":\"wc_order_XfLuR0hXsGWr2\",\"billing\":{\"first_name\":\"Shivam Patel\",\"last_name\":\"\",\"company\":\"\",\"address_1\":\"\",\"address_2\":\"\",\"city\":\"\",\"state\":\"\",\"postcode\":\"\",\"country\":\"\",\"email\":\"jeff@thepeakbeyond.com\",\"phone\":\"\"},\"shipping\":{\"first_name\":\"\",\"last_name\":\"\",\"company\":\"\",\"address_1\":\"\",\"address_2\":\"\",\"city\":\"\",\"state\":\"\",\"postcode\":\"\",\"country\":\"\",\"phone\":\"\"},\"payment_method\":\"\",\"payment_method_title\":\"\",\"transaction_id\":\"\",\"customer_ip_address\":\"98.56.162.34\",\"customer_user_agent\":\"Mozilla\\/5.0 (Macintosh; Intel Mac OS X 10_15_7) AppleWebKit\\/537.36 (KHTML, like Gecko) Chrome\\/136.0.0.0 Safari\\/537.36\",\"created_via\":\"ywraq\",\"customer_note\":\"\",\"date_completed\":null,\"date_paid\":null,\"cart_hash\":\"\",\"number\":\"3016\",\"meta_data\":[{\"id\":31408,\"key\":\"ywraq_raq\",\"value\":\"yes\"},{\"id\":31410,\"key\":\"_current_user\",\"value\":\"1\"},{\"id\":31411,\"key\":\"ywraq_raq_status\",\"value\":\"accepted\"},{\"id\":31413,\"key\":\"_ywraq_version\",\"value\":\"4.33.0\"},{\"id\":31414,\"key\":\"_ywraq_pdf_crypt\",\"value\":\"yes\"},{\"id\":31415,\"key\":\"ywraq_customer_name\",\"value\":\"Shivam Patel\"},{\"id\":31416,\"key\":\"ywraq_customer_message\",\"value\":\"This is a test quote\"},{\"id\":31417,\"key\":\"ywraq_customer_email\",\"value\":\"jeff@thepeakbeyond.com\"},{\"id\":31418,\"key\":\"_raq_request\",\"value\":{\"first_name\":{\"id\":\"first_name\",\"type\":\"text\",\"label\":\"First Name\",\"connect_to_field\":\"\",\"value\":\"Shivam\"},\"last_name\":{\"id\":\"last_name\",\"type\":\"text\",\"label\":\"Last Name\",\"connect_to_field\":\"\",\"value\":\"Patel\"},\"email\":{\"id\":\"email\",\"type\":\"email\",\"label\":\"Email\",\"connect_to_field\":\"\",\"value\":\"jeff@thepeakbeyond.com\"},\"message\":{\"id\":\"message\",\"type\":\"textarea\",\"label\":\"Message\",\"connect_to_field\":\"\",\"value\":\"This is a test quote\"},\"location_name\":{\"id\":\"location_name\",\"type\":\"text\",\"label\":\"Location Name\",\"connect_to_field\":\"\",\"value\":\"Newburgh\"},\"social_equity\":{\"id\":\"social_equity\",\"type\":\"radio\",\"label\":\"Are you a social equity license holder?\",\"connect_to_field\":\"\",\"value\":\"Yes\"},\"customer_id\":1,\"raq_content\":{\"bc99aa09629bfa56cf9ac3de4b3961d7\":{\"product_id\":\"452\",\"variation_id\":\"871\",\"quantity\":\"4\",\"variations\":{\"attribute_pa_remedy-finish\":\"black-acrylic\"}}},\"sent_from_cart\":false,\"user_name\":\"Shivam Patel\",\"user_email\":\"jeff@thepeakbeyond.com\",\"user_message\":\"This is a test quote\"}},{\"id\":31419,\"key\":\"ywraq_other_email_fields\",\"value\":{\"Location Name\":\"Newburgh\",\"Are you a social equity license holder?\":\"Yes\"}},{\"id\":31420,\"key\":\"ywraq_other_email_content\",\"value\":\"<strong>Location Name<\\/strong>: Newburgh<br><strong>Are you a social equity license holder?<\\/strong>: Yes<br>\"},{\"id\":31425,\"key\":\"ac_order_last_synced_time\",\"value\":\"1748380871\"},{\"id\":31426,\"key\":\"ac_datahash\",\"value\":\"420c55d6ad793db0af249219710eb195\"},{\"id\":31436,\"key\":\"_aftership_migrated\",\"value\":\"ok\"},{\"id\":31437,\"key\":\"_ywraq_enable_custom_text\",\"value\":\"no\"},{\"id\":31438,\"key\":\"_ywcm_request_response\",\"value\":\"\"},{\"id\":31439,\"key\":\"_ywraq_request_response_after\",\"value\":\"\"},{\"id\":31440,\"key\":\"_ywraq_optional_attachment\",\"value\":\"\"},{\"id\":31441,\"key\":\"_ywraq_enable_expiry_date\",\"value\":\"no\"},{\"id\":31442,\"key\":\"_ywraq_request_my_account_admin_message\",\"value\":\"Please review the quote and accept if you are ready to move forward with payment.\"},{\"id\":31443,\"key\":\"_ywraq_override_quote_payment_options\",\"value\":\"no\"},{\"id\":31444,\"key\":\"_ywraq_pay_quote_now\",\"value\":\"no\"},{\"id\":31445,\"key\":\"_ywraq_checkout_info\",\"value\":\"-\"},{\"id\":31446,\"key\":\"_ywraq_disable_shipping_method\",\"value\":\"1\"},{\"id\":31447,\"key\":\"_ywraq_lock_editing\",\"value\":\"no\"},{\"id\":31448,\"key\":\"_ywraq_safe_submit_field\",\"value\":\"send_quote\"},{\"id\":31449,\"key\":\"_ywraq_email_preview\",\"value\":{\"email\":\"jeff@thepeakbeyond.com\"}},{\"id\":31462,\"key\":\"_ywcm_request_expire\",\"value\":\"\"},{\"id\":31464,\"key\":\"_ywraq_author\",\"value\":\"1\"},{\"id\":31465,\"key\":\"ywraq_pending_status_date\",\"value\":\"2025-05-27\"},{\"id\":31466,\"key\":\"ywraq_status\",\"value\":\"pending\"},{\"id\":31484,\"key\":\"ac_last_synced_status\",\"value\":\"pending\"},{\"id\":31485,\"key\":\"activecampaign_for_woocommerce_external_checkout_id\",\"value\":\"f1cabe548c7759e6dcdbd7ec19f37abe\"}],\"line_items\":[{\"id\":70,\"name\":\"Counter-top flower display with 8 featured products - Black Acrylic\",\"product_id\":452,\"variation_id\":871,\"quantity\":4,\"tax_class\":\"\",\"subtotal\":\"8600.00\",\"subtotal_tax\":\"645.00\",\"total\":\"8134.00\",\"total_tax\":\"610.05\",\"taxes\":[{\"id\":1,\"total\":\"610.05\",\"subtotal\":\"645.00\"}],\"meta_data\":[{\"id\":569,\"key\":\"pa_remedy-finish\",\"value\":\"black-acrylic\",\"display_key\":\"pa_remedy-finish\",\"display_value\":\"black-acrylic\"}],\"sku\":\"\",\"global_unique_id\":\"\",\"price\":2033.5,\"image\":{\"id\":865,\"src\":\"https:\\/\\/cannabis-kiosks.com\\/wp-content\\/uploads\\/2025\\/02\\/1400x1400-2.jpg\"},\"parent_name\":\"Counter-top flower display with 8 featured products\"},{\"id\":75,\"name\":\"Service -- Display Installation\",\"product_id\":372,\"variation_id\":0,\"quantity\":4,\"tax_class\":\"\",\"subtotal\":\"600.00\",\"subtotal_tax\":\"45.00\",\"total\":\"350.00\",\"total_tax\":\"26.25\",\"taxes\":[{\"id\":1,\"total\":\"26.25\",\"subtotal\":\"45.00\"}],\"meta_data\":[],\"sku\":\"\",\"global_unique_id\":\"\",\"price\":87.5,\"image\":{\"id\":\"\",\"src\":\"\"},\"parent_name\":null}],\"tax_lines\":[{\"id\":71,\"rate_code\":\"US-CA-US-CA-NEVADA COUNTY-GRASS VALLEY TAX-1\",\"rate_id\":1,\"label\":\"US-CA-NEVADA COUNTY-GRASS VALLEY Tax\",\"compound\":false,\"tax_total\":\"653.93\",\"shipping_tax_total\":\"0.00\",\"rate_percent\":7.5,\"meta_data\":[]}],\"shipping_lines\":[{\"id\":72,\"method_title\":\"Shipping\",\"method_id\":\"\",\"instance_id\":\"0\",\"total\":\"1806.00\",\"total_tax\":\"0.00\",\"taxes\":[],\"tax_status\":\"taxable\",\"meta_data\":[]}],\"fee_lines\":[{\"id\":74,\"name\":\"Monthly software license fee\",\"tax_class\":\"\",\"tax_status\":\"taxable\",\"amount\":\"235\",\"total\":\"235.00\",\"total_tax\":\"17.63\",\"taxes\":[{\"id\":1,\"total\":\"17.63\",\"subtotal\":\"\"}],\"meta_data\":[]}],\"coupon_lines\":[],\"refunds\":[],\"payment_url\":\"https:\\/\\/cannabis-kiosks.com\\/checkout\\/order-pay\\/3016\\/?pay_for_order=true&key=wc_order_XfLuR0hXsGWr2\",\"is_editable\":true,\"needs_payment\":true,\"needs_processing\":true,\"date_created_gmt\":\"2025-05-27T20:42:32\",\"date_modified_gmt\":\"2025-05-27T21:19:53\",\"date_completed_gmt\":null,\"date_paid_gmt\":null,\"currency_symbol\":\"$\",\"_links\":{\"self\":[{\"href\":\"https:\\/\\/cannabis-kiosks.com\\/wp-json\\/wc\\/v3\\/orders\\/3016\",\"targetHints\":{\"allow\":[\"GET\",\"POST\",\"PUT\",\"PATCH\",\"DELETE\"]}}],\"collection\":[{\"href\":\"https:\\/\\/cannabis-kiosks.com\\/wp-json\\/wc\\/v3\\/orders\"}],\"email_templates\":[{\"embeddable\":true,\"href\":\"https:\\/\\/cannabis-kiosks.com\\/wp-json\\/wc\\/v3\\/orders\\/3016\\/actions\\/email_templates\"}],\"customer\":[{\"href\":\"https:\\/\\/cannabis-kiosks.com\\/wp-json\\/wc\\/v3\\/customers\\/1\"}]}}
            [Response] => Array
                (
                    [Code] => 200
                    [Message] => OK
                    [Headers] => WpOrg\Requests\Utility\CaseInsensitiveDictionary Object
                        (
                            [data:protected] => Array
                                (
                                    [date] => Tue, 14 Oct 2025 06:55:28 GMT
                                    [content-length] => 0
                                    [cf-ray] => 98e52bdabc1c4e30-CDG
                                    [vary] => Origin
                                    [via] => 1.1 google
                                    [cf-cache-status] => DYNAMIC
                                    [strict-transport-security] => max-age=15552000
                                    [server] => cloudflare
                                )

                        )

                    [Body] => 
                )

        )

)
2025-10-14T10:02:21+00:00 INFO Array
(
    [Webhook Delivery] => Array
        (
            [Delivery ID] => 8fa54b1b4d2121037f9b9c24d78270eb
            [Date] => Oct 14, 2025 @ 10:02
            [URL] => https://webhooks.automizely.com/aftership/woocommerce/order/v1
            [Duration] => 0.9882
            [Request] => Array
                (
                    [Method] => POST
                    [Headers] => Array
                        (
                            [User-Agent] => WooCommerce/10.2.2 Hookshot (WordPress/6.8.2)
                            [Content-Type] => application/json
                            [X-WC-Webhook-Source] => https://cannabis-kiosks.com/
                            [X-WC-Webhook-Topic] => order.updated
                            [X-WC-Webhook-Resource] => order
                            [X-WC-Webhook-Event] => updated
                            [X-WC-Webhook-Signature] => BppoPbDA1pN0lrLRKCkxIm9wUmYty6nkzM+NItE55Ws=
                            [X-WC-Webhook-ID] => 55
                            [X-WC-Webhook-Delivery-ID] => 8fa54b1b4d2121037f9b9c24d78270eb
                        )

                )

            [Body] => {\"id\":3016,\"parent_id\":0,\"status\":\"pending\",\"currency\":\"USD\",\"version\":\"10.2.2\",\"prices_include_tax\":false,\"date_created\":\"2025-05-27T20:42:32\",\"date_modified\":\"2025-05-27T21:19:53\",\"discount_total\":\"716.00\",\"discount_tax\":\"53.70\",\"shipping_total\":\"1806.00\",\"shipping_tax\":\"0.00\",\"cart_tax\":\"653.93\",\"total\":\"11178.93\",\"total_tax\":\"653.93\",\"customer_id\":1,\"order_key\":\"wc_order_XfLuR0hXsGWr2\",\"billing\":{\"first_name\":\"Shivam Patel\",\"last_name\":\"\",\"company\":\"\",\"address_1\":\"\",\"address_2\":\"\",\"city\":\"\",\"state\":\"\",\"postcode\":\"\",\"country\":\"\",\"email\":\"jeff@thepeakbeyond.com\",\"phone\":\"\"},\"shipping\":{\"first_name\":\"\",\"last_name\":\"\",\"company\":\"\",\"address_1\":\"\",\"address_2\":\"\",\"city\":\"\",\"state\":\"\",\"postcode\":\"\",\"country\":\"\",\"phone\":\"\"},\"payment_method\":\"\",\"payment_method_title\":\"\",\"transaction_id\":\"\",\"customer_ip_address\":\"98.56.162.34\",\"customer_user_agent\":\"Mozilla\\/5.0 (Macintosh; Intel Mac OS X 10_15_7) AppleWebKit\\/537.36 (KHTML, like Gecko) Chrome\\/136.0.0.0 Safari\\/537.36\",\"created_via\":\"ywraq\",\"customer_note\":\"\",\"date_completed\":null,\"date_paid\":null,\"cart_hash\":\"\",\"number\":\"3016\",\"meta_data\":[{\"id\":31408,\"key\":\"ywraq_raq\",\"value\":\"yes\"},{\"id\":31410,\"key\":\"_current_user\",\"value\":\"1\"},{\"id\":31411,\"key\":\"ywraq_raq_status\",\"value\":\"accepted\"},{\"id\":31413,\"key\":\"_ywraq_version\",\"value\":\"4.33.0\"},{\"id\":31414,\"key\":\"_ywraq_pdf_crypt\",\"value\":\"yes\"},{\"id\":31415,\"key\":\"ywraq_customer_name\",\"value\":\"Shivam Patel\"},{\"id\":31416,\"key\":\"ywraq_customer_message\",\"value\":\"This is a test quote\"},{\"id\":31417,\"key\":\"ywraq_customer_email\",\"value\":\"jeff@thepeakbeyond.com\"},{\"id\":31418,\"key\":\"_raq_request\",\"value\":{\"first_name\":{\"id\":\"first_name\",\"type\":\"text\",\"label\":\"First Name\",\"connect_to_field\":\"\",\"value\":\"Shivam\"},\"last_name\":{\"id\":\"last_name\",\"type\":\"text\",\"label\":\"Last Name\",\"connect_to_field\":\"\",\"value\":\"Patel\"},\"email\":{\"id\":\"email\",\"type\":\"email\",\"label\":\"Email\",\"connect_to_field\":\"\",\"value\":\"jeff@thepeakbeyond.com\"},\"message\":{\"id\":\"message\",\"type\":\"textarea\",\"label\":\"Message\",\"connect_to_field\":\"\",\"value\":\"This is a test quote\"},\"location_name\":{\"id\":\"location_name\",\"type\":\"text\",\"label\":\"Location Name\",\"connect_to_field\":\"\",\"value\":\"Newburgh\"},\"social_equity\":{\"id\":\"social_equity\",\"type\":\"radio\",\"label\":\"Are you a social equity license holder?\",\"connect_to_field\":\"\",\"value\":\"Yes\"},\"customer_id\":1,\"raq_content\":{\"bc99aa09629bfa56cf9ac3de4b3961d7\":{\"product_id\":\"452\",\"variation_id\":\"871\",\"quantity\":\"4\",\"variations\":{\"attribute_pa_remedy-finish\":\"black-acrylic\"}}},\"sent_from_cart\":false,\"user_name\":\"Shivam Patel\",\"user_email\":\"jeff@thepeakbeyond.com\",\"user_message\":\"This is a test quote\"}},{\"id\":31419,\"key\":\"ywraq_other_email_fields\",\"value\":{\"Location Name\":\"Newburgh\",\"Are you a social equity license holder?\":\"Yes\"}},{\"id\":31420,\"key\":\"ywraq_other_email_content\",\"value\":\"<strong>Location Name<\\/strong>: Newburgh<br><strong>Are you a social equity license holder?<\\/strong>: Yes<br>\"},{\"id\":31425,\"key\":\"ac_order_last_synced_time\",\"value\":\"1748380871\"},{\"id\":31426,\"key\":\"ac_datahash\",\"value\":\"420c55d6ad793db0af249219710eb195\"},{\"id\":31436,\"key\":\"_aftership_migrated\",\"value\":\"ok\"},{\"id\":31437,\"key\":\"_ywraq_enable_custom_text\",\"value\":\"no\"},{\"id\":31438,\"key\":\"_ywcm_request_response\",\"value\":\"\"},{\"id\":31439,\"key\":\"_ywraq_request_response_after\",\"value\":\"\"},{\"id\":31440,\"key\":\"_ywraq_optional_attachment\",\"value\":\"\"},{\"id\":31441,\"key\":\"_ywraq_enable_expiry_date\",\"value\":\"no\"},{\"id\":31442,\"key\":\"_ywraq_request_my_account_admin_message\",\"value\":\"Please review the quote and accept if you are ready to move forward with payment.\"},{\"id\":31443,\"key\":\"_ywraq_override_quote_payment_options\",\"value\":\"no\"},{\"id\":31444,\"key\":\"_ywraq_pay_quote_now\",\"value\":\"no\"},{\"id\":31445,\"key\":\"_ywraq_checkout_info\",\"value\":\"-\"},{\"id\":31446,\"key\":\"_ywraq_disable_shipping_method\",\"value\":\"1\"},{\"id\":31447,\"key\":\"_ywraq_lock_editing\",\"value\":\"no\"},{\"id\":31448,\"key\":\"_ywraq_safe_submit_field\",\"value\":\"send_quote\"},{\"id\":31449,\"key\":\"_ywraq_email_preview\",\"value\":{\"email\":\"jeff@thepeakbeyond.com\"}},{\"id\":31462,\"key\":\"_ywcm_request_expire\",\"value\":\"\"},{\"id\":31464,\"key\":\"_ywraq_author\",\"value\":\"1\"},{\"id\":31465,\"key\":\"ywraq_pending_status_date\",\"value\":\"2025-05-27\"},{\"id\":31466,\"key\":\"ywraq_status\",\"value\":\"pending\"},{\"id\":31484,\"key\":\"ac_last_synced_status\",\"value\":\"pending\"},{\"id\":31485,\"key\":\"activecampaign_for_woocommerce_external_checkout_id\",\"value\":\"f1cabe548c7759e6dcdbd7ec19f37abe\"}],\"line_items\":[{\"id\":70,\"name\":\"Counter-top flower display with 8 featured products - Black Acrylic\",\"product_id\":452,\"variation_id\":871,\"quantity\":4,\"tax_class\":\"\",\"subtotal\":\"8600.00\",\"subtotal_tax\":\"645.00\",\"total\":\"8134.00\",\"total_tax\":\"610.05\",\"taxes\":[{\"id\":1,\"total\":\"610.05\",\"subtotal\":\"645.00\"}],\"meta_data\":[{\"id\":569,\"key\":\"pa_remedy-finish\",\"value\":\"black-acrylic\",\"display_key\":\"pa_remedy-finish\",\"display_value\":\"black-acrylic\"}],\"sku\":\"\",\"global_unique_id\":\"\",\"price\":2033.5,\"image\":{\"id\":865,\"src\":\"https:\\/\\/cannabis-kiosks.com\\/wp-content\\/uploads\\/2025\\/02\\/1400x1400-2.jpg\"},\"parent_name\":\"Counter-top flower display with 8 featured products\"},{\"id\":75,\"name\":\"Service -- Display Installation\",\"product_id\":372,\"variation_id\":0,\"quantity\":4,\"tax_class\":\"\",\"subtotal\":\"600.00\",\"subtotal_tax\":\"45.00\",\"total\":\"350.00\",\"total_tax\":\"26.25\",\"taxes\":[{\"id\":1,\"total\":\"26.25\",\"subtotal\":\"45.00\"}],\"meta_data\":[],\"sku\":\"\",\"global_unique_id\":\"\",\"price\":87.5,\"image\":{\"id\":\"\",\"src\":\"\"},\"parent_name\":null}],\"tax_lines\":[{\"id\":71,\"rate_code\":\"US-CA-US-CA-NEVADA COUNTY-GRASS VALLEY TAX-1\",\"rate_id\":1,\"label\":\"US-CA-NEVADA COUNTY-GRASS VALLEY Tax\",\"compound\":false,\"tax_total\":\"653.93\",\"shipping_tax_total\":\"0.00\",\"rate_percent\":7.5,\"meta_data\":[]}],\"shipping_lines\":[{\"id\":72,\"method_title\":\"Shipping\",\"method_id\":\"\",\"instance_id\":\"0\",\"total\":\"1806.00\",\"total_tax\":\"0.00\",\"taxes\":[],\"tax_status\":\"taxable\",\"meta_data\":[]}],\"fee_lines\":[{\"id\":74,\"name\":\"Monthly software license fee\",\"tax_class\":\"\",\"tax_status\":\"taxable\",\"amount\":\"235\",\"total\":\"235.00\",\"total_tax\":\"17.63\",\"taxes\":[{\"id\":1,\"total\":\"17.63\",\"subtotal\":\"\"}],\"meta_data\":[]}],\"coupon_lines\":[],\"refunds\":[],\"payment_url\":\"https:\\/\\/cannabis-kiosks.com\\/checkout\\/order-pay\\/3016\\/?pay_for_order=true&key=wc_order_XfLuR0hXsGWr2\",\"is_editable\":true,\"needs_payment\":true,\"needs_processing\":true,\"date_created_gmt\":\"2025-05-27T20:42:32\",\"date_modified_gmt\":\"2025-05-27T21:19:53\",\"date_completed_gmt\":null,\"date_paid_gmt\":null,\"currency_symbol\":\"$\",\"_links\":{\"self\":[{\"href\":\"https:\\/\\/cannabis-kiosks.com\\/wp-json\\/wc\\/v3\\/orders\\/3016\",\"targetHints\":{\"allow\":[\"GET\",\"POST\",\"PUT\",\"PATCH\",\"DELETE\"]}}],\"collection\":[{\"href\":\"https:\\/\\/cannabis-kiosks.com\\/wp-json\\/wc\\/v3\\/orders\"}],\"email_templates\":[{\"embeddable\":true,\"href\":\"https:\\/\\/cannabis-kiosks.com\\/wp-json\\/wc\\/v3\\/orders\\/3016\\/actions\\/email_templates\"}],\"customer\":[{\"href\":\"https:\\/\\/cannabis-kiosks.com\\/wp-json\\/wc\\/v3\\/customers\\/1\"}]}}
            [Response] => Array
                (
                    [Code] => 200
                    [Message] => OK
                    [Headers] => WpOrg\Requests\Utility\CaseInsensitiveDictionary Object
                        (
                            [data:protected] => Array
                                (
                                    [date] => Tue, 14 Oct 2025 10:02:21 GMT
                                    [content-length] => 0
                                    [cf-ray] => 98e63d9ccf37b868-CDG
                                    [vary] => Origin
                                    [via] => 1.1 google
                                    [cf-cache-status] => DYNAMIC
                                    [strict-transport-security] => max-age=15552000
                                    [server] => cloudflare
                                )

                        )

                    [Body] => 
                )

        )

)
2025-10-14T13:19:20+00:00 INFO Array
(
    [Webhook Delivery] => Array
        (
            [Delivery ID] => f9f9c095c91a0de51ae278311dc1df6b
            [Date] => Oct 14, 2025 @ 13:19
            [URL] => https://webhooks.automizely.com/aftership/woocommerce/order/v1
            [Duration] => 0.72443
            [Request] => Array
                (
                    [Method] => POST
                    [Headers] => Array
                        (
                            [User-Agent] => WooCommerce/10.2.2 Hookshot (WordPress/6.8.2)
                            [Content-Type] => application/json
                            [X-WC-Webhook-Source] => https://cannabis-kiosks.com/
                            [X-WC-Webhook-Topic] => order.updated
                            [X-WC-Webhook-Resource] => order
                            [X-WC-Webhook-Event] => updated
                            [X-WC-Webhook-Signature] => BppoPbDA1pN0lrLRKCkxIm9wUmYty6nkzM+NItE55Ws=
                            [X-WC-Webhook-ID] => 55
                            [X-WC-Webhook-Delivery-ID] => f9f9c095c91a0de51ae278311dc1df6b
                        )

                )

            [Body] => {\"id\":3016,\"parent_id\":0,\"status\":\"pending\",\"currency\":\"USD\",\"version\":\"10.2.2\",\"prices_include_tax\":false,\"date_created\":\"2025-05-27T20:42:32\",\"date_modified\":\"2025-05-27T21:19:53\",\"discount_total\":\"716.00\",\"discount_tax\":\"53.70\",\"shipping_total\":\"1806.00\",\"shipping_tax\":\"0.00\",\"cart_tax\":\"653.93\",\"total\":\"11178.93\",\"total_tax\":\"653.93\",\"customer_id\":1,\"order_key\":\"wc_order_XfLuR0hXsGWr2\",\"billing\":{\"first_name\":\"Shivam Patel\",\"last_name\":\"\",\"company\":\"\",\"address_1\":\"\",\"address_2\":\"\",\"city\":\"\",\"state\":\"\",\"postcode\":\"\",\"country\":\"\",\"email\":\"jeff@thepeakbeyond.com\",\"phone\":\"\"},\"shipping\":{\"first_name\":\"\",\"last_name\":\"\",\"company\":\"\",\"address_1\":\"\",\"address_2\":\"\",\"city\":\"\",\"state\":\"\",\"postcode\":\"\",\"country\":\"\",\"phone\":\"\"},\"payment_method\":\"\",\"payment_method_title\":\"\",\"transaction_id\":\"\",\"customer_ip_address\":\"98.56.162.34\",\"customer_user_agent\":\"Mozilla\\/5.0 (Macintosh; Intel Mac OS X 10_15_7) AppleWebKit\\/537.36 (KHTML, like Gecko) Chrome\\/136.0.0.0 Safari\\/537.36\",\"created_via\":\"ywraq\",\"customer_note\":\"\",\"date_completed\":null,\"date_paid\":null,\"cart_hash\":\"\",\"number\":\"3016\",\"meta_data\":[{\"id\":31408,\"key\":\"ywraq_raq\",\"value\":\"yes\"},{\"id\":31410,\"key\":\"_current_user\",\"value\":\"1\"},{\"id\":31411,\"key\":\"ywraq_raq_status\",\"value\":\"accepted\"},{\"id\":31413,\"key\":\"_ywraq_version\",\"value\":\"4.33.0\"},{\"id\":31414,\"key\":\"_ywraq_pdf_crypt\",\"value\":\"yes\"},{\"id\":31415,\"key\":\"ywraq_customer_name\",\"value\":\"Shivam Patel\"},{\"id\":31416,\"key\":\"ywraq_customer_message\",\"value\":\"This is a test quote\"},{\"id\":31417,\"key\":\"ywraq_customer_email\",\"value\":\"jeff@thepeakbeyond.com\"},{\"id\":31418,\"key\":\"_raq_request\",\"value\":{\"first_name\":{\"id\":\"first_name\",\"type\":\"text\",\"label\":\"First Name\",\"connect_to_field\":\"\",\"value\":\"Shivam\"},\"last_name\":{\"id\":\"last_name\",\"type\":\"text\",\"label\":\"Last Name\",\"connect_to_field\":\"\",\"value\":\"Patel\"},\"email\":{\"id\":\"email\",\"type\":\"email\",\"label\":\"Email\",\"connect_to_field\":\"\",\"value\":\"jeff@thepeakbeyond.com\"},\"message\":{\"id\":\"message\",\"type\":\"textarea\",\"label\":\"Message\",\"connect_to_field\":\"\",\"value\":\"This is a test quote\"},\"location_name\":{\"id\":\"location_name\",\"type\":\"text\",\"label\":\"Location Name\",\"connect_to_field\":\"\",\"value\":\"Newburgh\"},\"social_equity\":{\"id\":\"social_equity\",\"type\":\"radio\",\"label\":\"Are you a social equity license holder?\",\"connect_to_field\":\"\",\"value\":\"Yes\"},\"customer_id\":1,\"raq_content\":{\"bc99aa09629bfa56cf9ac3de4b3961d7\":{\"product_id\":\"452\",\"variation_id\":\"871\",\"quantity\":\"4\",\"variations\":{\"attribute_pa_remedy-finish\":\"black-acrylic\"}}},\"sent_from_cart\":false,\"user_name\":\"Shivam Patel\",\"user_email\":\"jeff@thepeakbeyond.com\",\"user_message\":\"This is a test quote\"}},{\"id\":31419,\"key\":\"ywraq_other_email_fields\",\"value\":{\"Location Name\":\"Newburgh\",\"Are you a social equity license holder?\":\"Yes\"}},{\"id\":31420,\"key\":\"ywraq_other_email_content\",\"value\":\"<strong>Location Name<\\/strong>: Newburgh<br><strong>Are you a social equity license holder?<\\/strong>: Yes<br>\"},{\"id\":31425,\"key\":\"ac_order_last_synced_time\",\"value\":\"1748380871\"},{\"id\":31426,\"key\":\"ac_datahash\",\"value\":\"420c55d6ad793db0af249219710eb195\"},{\"id\":31436,\"key\":\"_aftership_migrated\",\"value\":\"ok\"},{\"id\":31437,\"key\":\"_ywraq_enable_custom_text\",\"value\":\"no\"},{\"id\":31438,\"key\":\"_ywcm_request_response\",\"value\":\"\"},{\"id\":31439,\"key\":\"_ywraq_request_response_after\",\"value\":\"\"},{\"id\":31440,\"key\":\"_ywraq_optional_attachment\",\"value\":\"\"},{\"id\":31441,\"key\":\"_ywraq_enable_expiry_date\",\"value\":\"no\"},{\"id\":31442,\"key\":\"_ywraq_request_my_account_admin_message\",\"value\":\"Please review the quote and accept if you are ready to move forward with payment.\"},{\"id\":31443,\"key\":\"_ywraq_override_quote_payment_options\",\"value\":\"no\"},{\"id\":31444,\"key\":\"_ywraq_pay_quote_now\",\"value\":\"no\"},{\"id\":31445,\"key\":\"_ywraq_checkout_info\",\"value\":\"-\"},{\"id\":31446,\"key\":\"_ywraq_disable_shipping_method\",\"value\":\"1\"},{\"id\":31447,\"key\":\"_ywraq_lock_editing\",\"value\":\"no\"},{\"id\":31448,\"key\":\"_ywraq_safe_submit_field\",\"value\":\"send_quote\"},{\"id\":31449,\"key\":\"_ywraq_email_preview\",\"value\":{\"email\":\"jeff@thepeakbeyond.com\"}},{\"id\":31462,\"key\":\"_ywcm_request_expire\",\"value\":\"\"},{\"id\":31464,\"key\":\"_ywraq_author\",\"value\":\"1\"},{\"id\":31465,\"key\":\"ywraq_pending_status_date\",\"value\":\"2025-05-27\"},{\"id\":31466,\"key\":\"ywraq_status\",\"value\":\"pending\"},{\"id\":31484,\"key\":\"ac_last_synced_status\",\"value\":\"pending\"},{\"id\":31485,\"key\":\"activecampaign_for_woocommerce_external_checkout_id\",\"value\":\"f1cabe548c7759e6dcdbd7ec19f37abe\"}],\"line_items\":[{\"id\":70,\"name\":\"Counter-top flower display with 8 featured products - Black Acrylic\",\"product_id\":452,\"variation_id\":871,\"quantity\":4,\"tax_class\":\"\",\"subtotal\":\"8600.00\",\"subtotal_tax\":\"645.00\",\"total\":\"8134.00\",\"total_tax\":\"610.05\",\"taxes\":[{\"id\":1,\"total\":\"610.05\",\"subtotal\":\"645.00\"}],\"meta_data\":[{\"id\":569,\"key\":\"pa_remedy-finish\",\"value\":\"black-acrylic\",\"display_key\":\"pa_remedy-finish\",\"display_value\":\"black-acrylic\"}],\"sku\":\"\",\"global_unique_id\":\"\",\"price\":2033.5,\"image\":{\"id\":865,\"src\":\"https:\\/\\/cannabis-kiosks.com\\/wp-content\\/uploads\\/2025\\/02\\/1400x1400-2.jpg\"},\"parent_name\":\"Counter-top flower display with 8 featured products\"},{\"id\":75,\"name\":\"Service -- Display Installation\",\"product_id\":372,\"variation_id\":0,\"quantity\":4,\"tax_class\":\"\",\"subtotal\":\"600.00\",\"subtotal_tax\":\"45.00\",\"total\":\"350.00\",\"total_tax\":\"26.25\",\"taxes\":[{\"id\":1,\"total\":\"26.25\",\"subtotal\":\"45.00\"}],\"meta_data\":[],\"sku\":\"\",\"global_unique_id\":\"\",\"price\":87.5,\"image\":{\"id\":\"\",\"src\":\"\"},\"parent_name\":null}],\"tax_lines\":[{\"id\":71,\"rate_code\":\"US-CA-US-CA-NEVADA COUNTY-GRASS VALLEY TAX-1\",\"rate_id\":1,\"label\":\"US-CA-NEVADA COUNTY-GRASS VALLEY Tax\",\"compound\":false,\"tax_total\":\"653.93\",\"shipping_tax_total\":\"0.00\",\"rate_percent\":7.5,\"meta_data\":[]}],\"shipping_lines\":[{\"id\":72,\"method_title\":\"Shipping\",\"method_id\":\"\",\"instance_id\":\"0\",\"total\":\"1806.00\",\"total_tax\":\"0.00\",\"taxes\":[],\"tax_status\":\"taxable\",\"meta_data\":[]}],\"fee_lines\":[{\"id\":74,\"name\":\"Monthly software license fee\",\"tax_class\":\"\",\"tax_status\":\"taxable\",\"amount\":\"235\",\"total\":\"235.00\",\"total_tax\":\"17.63\",\"taxes\":[{\"id\":1,\"total\":\"17.63\",\"subtotal\":\"\"}],\"meta_data\":[]}],\"coupon_lines\":[],\"refunds\":[],\"payment_url\":\"https:\\/\\/cannabis-kiosks.com\\/checkout\\/order-pay\\/3016\\/?pay_for_order=true&key=wc_order_XfLuR0hXsGWr2\",\"is_editable\":true,\"needs_payment\":true,\"needs_processing\":true,\"date_created_gmt\":\"2025-05-27T20:42:32\",\"date_modified_gmt\":\"2025-05-27T21:19:53\",\"date_completed_gmt\":null,\"date_paid_gmt\":null,\"currency_symbol\":\"$\",\"_links\":{\"self\":[{\"href\":\"https:\\/\\/cannabis-kiosks.com\\/wp-json\\/wc\\/v3\\/orders\\/3016\",\"targetHints\":{\"allow\":[\"GET\",\"POST\",\"PUT\",\"PATCH\",\"DELETE\"]}}],\"collection\":[{\"href\":\"https:\\/\\/cannabis-kiosks.com\\/wp-json\\/wc\\/v3\\/orders\"}],\"email_templates\":[{\"embeddable\":true,\"href\":\"https:\\/\\/cannabis-kiosks.com\\/wp-json\\/wc\\/v3\\/orders\\/3016\\/actions\\/email_templates\"}],\"customer\":[{\"href\":\"https:\\/\\/cannabis-kiosks.com\\/wp-json\\/wc\\/v3\\/customers\\/1\"}]}}
            [Response] => Array
                (
                    [Code] => 200
                    [Message] => OK
                    [Headers] => WpOrg\Requests\Utility\CaseInsensitiveDictionary Object
                        (
                            [data:protected] => Array
                                (
                                    [date] => Tue, 14 Oct 2025 13:19:20 GMT
                                    [content-length] => 0
                                    [cf-ray] => 98e75e2758f98705-CDG
                                    [vary] => Origin
                                    [via] => 1.1 google
                                    [cf-cache-status] => DYNAMIC
                                    [strict-transport-security] => max-age=15552000
                                    [server] => cloudflare
                                )

                        )

                    [Body] => 
                )

        )

)
2025-10-14T14:47:17+00:00 INFO Array
(
    [Webhook Delivery] => Array
        (
            [Delivery ID] => 3330b20ca01de85f2d4dad1a8fdace76
            [Date] => Oct 14, 2025 @ 14:47
            [URL] => https://webhooks.automizely.com/aftership/woocommerce/order/v1
            [Duration] => 0.77233
            [Request] => Array
                (
                    [Method] => POST
                    [Headers] => Array
                        (
                            [User-Agent] => WooCommerce/10.2.2 Hookshot (WordPress/6.8.2)
                            [Content-Type] => application/json
                            [X-WC-Webhook-Source] => https://cannabis-kiosks.com/
                            [X-WC-Webhook-Topic] => order.updated
                            [X-WC-Webhook-Resource] => order
                            [X-WC-Webhook-Event] => updated
                            [X-WC-Webhook-Signature] => BppoPbDA1pN0lrLRKCkxIm9wUmYty6nkzM+NItE55Ws=
                            [X-WC-Webhook-ID] => 55
                            [X-WC-Webhook-Delivery-ID] => 3330b20ca01de85f2d4dad1a8fdace76
                        )

                )

            [Body] => {\"id\":3016,\"parent_id\":0,\"status\":\"pending\",\"currency\":\"USD\",\"version\":\"10.2.2\",\"prices_include_tax\":false,\"date_created\":\"2025-05-27T20:42:32\",\"date_modified\":\"2025-05-27T21:19:53\",\"discount_total\":\"716.00\",\"discount_tax\":\"53.70\",\"shipping_total\":\"1806.00\",\"shipping_tax\":\"0.00\",\"cart_tax\":\"653.93\",\"total\":\"11178.93\",\"total_tax\":\"653.93\",\"customer_id\":1,\"order_key\":\"wc_order_XfLuR0hXsGWr2\",\"billing\":{\"first_name\":\"Shivam Patel\",\"last_name\":\"\",\"company\":\"\",\"address_1\":\"\",\"address_2\":\"\",\"city\":\"\",\"state\":\"\",\"postcode\":\"\",\"country\":\"\",\"email\":\"jeff@thepeakbeyond.com\",\"phone\":\"\"},\"shipping\":{\"first_name\":\"\",\"last_name\":\"\",\"company\":\"\",\"address_1\":\"\",\"address_2\":\"\",\"city\":\"\",\"state\":\"\",\"postcode\":\"\",\"country\":\"\",\"phone\":\"\"},\"payment_method\":\"\",\"payment_method_title\":\"\",\"transaction_id\":\"\",\"customer_ip_address\":\"98.56.162.34\",\"customer_user_agent\":\"Mozilla\\/5.0 (Macintosh; Intel Mac OS X 10_15_7) AppleWebKit\\/537.36 (KHTML, like Gecko) Chrome\\/136.0.0.0 Safari\\/537.36\",\"created_via\":\"ywraq\",\"customer_note\":\"\",\"date_completed\":null,\"date_paid\":null,\"cart_hash\":\"\",\"number\":\"3016\",\"meta_data\":[{\"id\":31408,\"key\":\"ywraq_raq\",\"value\":\"yes\"},{\"id\":31410,\"key\":\"_current_user\",\"value\":\"1\"},{\"id\":31411,\"key\":\"ywraq_raq_status\",\"value\":\"accepted\"},{\"id\":31413,\"key\":\"_ywraq_version\",\"value\":\"4.33.0\"},{\"id\":31414,\"key\":\"_ywraq_pdf_crypt\",\"value\":\"yes\"},{\"id\":31415,\"key\":\"ywraq_customer_name\",\"value\":\"Shivam Patel\"},{\"id\":31416,\"key\":\"ywraq_customer_message\",\"value\":\"This is a test quote\"},{\"id\":31417,\"key\":\"ywraq_customer_email\",\"value\":\"jeff@thepeakbeyond.com\"},{\"id\":31418,\"key\":\"_raq_request\",\"value\":{\"first_name\":{\"id\":\"first_name\",\"type\":\"text\",\"label\":\"First Name\",\"connect_to_field\":\"\",\"value\":\"Shivam\"},\"last_name\":{\"id\":\"last_name\",\"type\":\"text\",\"label\":\"Last Name\",\"connect_to_field\":\"\",\"value\":\"Patel\"},\"email\":{\"id\":\"email\",\"type\":\"email\",\"label\":\"Email\",\"connect_to_field\":\"\",\"value\":\"jeff@thepeakbeyond.com\"},\"message\":{\"id\":\"message\",\"type\":\"textarea\",\"label\":\"Message\",\"connect_to_field\":\"\",\"value\":\"This is a test quote\"},\"location_name\":{\"id\":\"location_name\",\"type\":\"text\",\"label\":\"Location Name\",\"connect_to_field\":\"\",\"value\":\"Newburgh\"},\"social_equity\":{\"id\":\"social_equity\",\"type\":\"radio\",\"label\":\"Are you a social equity license holder?\",\"connect_to_field\":\"\",\"value\":\"Yes\"},\"customer_id\":1,\"raq_content\":{\"bc99aa09629bfa56cf9ac3de4b3961d7\":{\"product_id\":\"452\",\"variation_id\":\"871\",\"quantity\":\"4\",\"variations\":{\"attribute_pa_remedy-finish\":\"black-acrylic\"}}},\"sent_from_cart\":false,\"user_name\":\"Shivam Patel\",\"user_email\":\"jeff@thepeakbeyond.com\",\"user_message\":\"This is a test quote\"}},{\"id\":31419,\"key\":\"ywraq_other_email_fields\",\"value\":{\"Location Name\":\"Newburgh\",\"Are you a social equity license holder?\":\"Yes\"}},{\"id\":31420,\"key\":\"ywraq_other_email_content\",\"value\":\"<strong>Location Name<\\/strong>: Newburgh<br><strong>Are you a social equity license holder?<\\/strong>: Yes<br>\"},{\"id\":31425,\"key\":\"ac_order_last_synced_time\",\"value\":\"1748380871\"},{\"id\":31426,\"key\":\"ac_datahash\",\"value\":\"420c55d6ad793db0af249219710eb195\"},{\"id\":31436,\"key\":\"_aftership_migrated\",\"value\":\"ok\"},{\"id\":31437,\"key\":\"_ywraq_enable_custom_text\",\"value\":\"no\"},{\"id\":31438,\"key\":\"_ywcm_request_response\",\"value\":\"\"},{\"id\":31439,\"key\":\"_ywraq_request_response_after\",\"value\":\"\"},{\"id\":31440,\"key\":\"_ywraq_optional_attachment\",\"value\":\"\"},{\"id\":31441,\"key\":\"_ywraq_enable_expiry_date\",\"value\":\"no\"},{\"id\":31442,\"key\":\"_ywraq_request_my_account_admin_message\",\"value\":\"Please review the quote and accept if you are ready to move forward with payment.\"},{\"id\":31443,\"key\":\"_ywraq_override_quote_payment_options\",\"value\":\"no\"},{\"id\":31444,\"key\":\"_ywraq_pay_quote_now\",\"value\":\"no\"},{\"id\":31445,\"key\":\"_ywraq_checkout_info\",\"value\":\"-\"},{\"id\":31446,\"key\":\"_ywraq_disable_shipping_method\",\"value\":\"1\"},{\"id\":31447,\"key\":\"_ywraq_lock_editing\",\"value\":\"no\"},{\"id\":31448,\"key\":\"_ywraq_safe_submit_field\",\"value\":\"send_quote\"},{\"id\":31449,\"key\":\"_ywraq_email_preview\",\"value\":{\"email\":\"jeff@thepeakbeyond.com\"}},{\"id\":31462,\"key\":\"_ywcm_request_expire\",\"value\":\"\"},{\"id\":31464,\"key\":\"_ywraq_author\",\"value\":\"1\"},{\"id\":31465,\"key\":\"ywraq_pending_status_date\",\"value\":\"2025-05-27\"},{\"id\":31466,\"key\":\"ywraq_status\",\"value\":\"pending\"},{\"id\":31484,\"key\":\"ac_last_synced_status\",\"value\":\"pending\"},{\"id\":31485,\"key\":\"activecampaign_for_woocommerce_external_checkout_id\",\"value\":\"f1cabe548c7759e6dcdbd7ec19f37abe\"}],\"line_items\":[{\"id\":70,\"name\":\"Counter-top flower display with 8 featured products - Black Acrylic\",\"product_id\":452,\"variation_id\":871,\"quantity\":4,\"tax_class\":\"\",\"subtotal\":\"8600.00\",\"subtotal_tax\":\"645.00\",\"total\":\"8134.00\",\"total_tax\":\"610.05\",\"taxes\":[{\"id\":1,\"total\":\"610.05\",\"subtotal\":\"645.00\"}],\"meta_data\":[{\"id\":569,\"key\":\"pa_remedy-finish\",\"value\":\"black-acrylic\",\"display_key\":\"pa_remedy-finish\",\"display_value\":\"black-acrylic\"}],\"sku\":\"\",\"global_unique_id\":\"\",\"price\":2033.5,\"image\":{\"id\":865,\"src\":\"https:\\/\\/cannabis-kiosks.com\\/wp-content\\/uploads\\/2025\\/02\\/1400x1400-2.jpg\"},\"parent_name\":\"Counter-top flower display with 8 featured products\"},{\"id\":75,\"name\":\"Service -- Display Installation\",\"product_id\":372,\"variation_id\":0,\"quantity\":4,\"tax_class\":\"\",\"subtotal\":\"600.00\",\"subtotal_tax\":\"45.00\",\"total\":\"350.00\",\"total_tax\":\"26.25\",\"taxes\":[{\"id\":1,\"total\":\"26.25\",\"subtotal\":\"45.00\"}],\"meta_data\":[],\"sku\":\"\",\"global_unique_id\":\"\",\"price\":87.5,\"image\":{\"id\":\"\",\"src\":\"\"},\"parent_name\":null}],\"tax_lines\":[{\"id\":71,\"rate_code\":\"US-CA-US-CA-NEVADA COUNTY-GRASS VALLEY TAX-1\",\"rate_id\":1,\"label\":\"US-CA-NEVADA COUNTY-GRASS VALLEY Tax\",\"compound\":false,\"tax_total\":\"653.93\",\"shipping_tax_total\":\"0.00\",\"rate_percent\":7.5,\"meta_data\":[]}],\"shipping_lines\":[{\"id\":72,\"method_title\":\"Shipping\",\"method_id\":\"\",\"instance_id\":\"0\",\"total\":\"1806.00\",\"total_tax\":\"0.00\",\"taxes\":[],\"tax_status\":\"taxable\",\"meta_data\":[]}],\"fee_lines\":[{\"id\":74,\"name\":\"Monthly software license fee\",\"tax_class\":\"\",\"tax_status\":\"taxable\",\"amount\":\"235\",\"total\":\"235.00\",\"total_tax\":\"17.63\",\"taxes\":[{\"id\":1,\"total\":\"17.63\",\"subtotal\":\"\"}],\"meta_data\":[]}],\"coupon_lines\":[],\"refunds\":[],\"payment_url\":\"https:\\/\\/cannabis-kiosks.com\\/checkout\\/order-pay\\/3016\\/?pay_for_order=true&key=wc_order_XfLuR0hXsGWr2\",\"is_editable\":true,\"needs_payment\":true,\"needs_processing\":true,\"date_created_gmt\":\"2025-05-27T20:42:32\",\"date_modified_gmt\":\"2025-05-27T21:19:53\",\"date_completed_gmt\":null,\"date_paid_gmt\":null,\"currency_symbol\":\"$\",\"_links\":{\"self\":[{\"href\":\"https:\\/\\/cannabis-kiosks.com\\/wp-json\\/wc\\/v3\\/orders\\/3016\",\"targetHints\":{\"allow\":[\"GET\",\"POST\",\"PUT\",\"PATCH\",\"DELETE\"]}}],\"collection\":[{\"href\":\"https:\\/\\/cannabis-kiosks.com\\/wp-json\\/wc\\/v3\\/orders\"}],\"email_templates\":[{\"embeddable\":true,\"href\":\"https:\\/\\/cannabis-kiosks.com\\/wp-json\\/wc\\/v3\\/orders\\/3016\\/actions\\/email_templates\"}],\"customer\":[{\"href\":\"https:\\/\\/cannabis-kiosks.com\\/wp-json\\/wc\\/v3\\/customers\\/1\"}]}}
            [Response] => Array
                (
                    [Code] => 200
                    [Message] => OK
                    [Headers] => WpOrg\Requests\Utility\CaseInsensitiveDictionary Object
                        (
                            [data:protected] => Array
                                (
                                    [date] => Tue, 14 Oct 2025 14:47:17 GMT
                                    [content-length] => 0
                                    [cf-ray] => 98e7defaaa575169-CDG
                                    [vary] => Origin
                                    [via] => 1.1 google
                                    [cf-cache-status] => DYNAMIC
                                    [strict-transport-security] => max-age=15552000
                                    [server] => cloudflare
                                )

                        )

                    [Body] => 
                )

        )

)
2025-10-14T18:05:25+00:00 INFO Array
(
    [Webhook Delivery] => Array
        (
            [Delivery ID] => ee0543af8b0c3f90d434e1261b3ae0a3
            [Date] => Oct 14, 2025 @ 18:05
            [URL] => https://webhooks.automizely.com/aftership/woocommerce/order/v1
            [Duration] => 0.76701
            [Request] => Array
                (
                    [Method] => POST
                    [Headers] => Array
                        (
                            [User-Agent] => WooCommerce/10.2.2 Hookshot (WordPress/6.8.2)
                            [Content-Type] => application/json
                            [X-WC-Webhook-Source] => https://cannabis-kiosks.com/
                            [X-WC-Webhook-Topic] => order.updated
                            [X-WC-Webhook-Resource] => order
                            [X-WC-Webhook-Event] => updated
                            [X-WC-Webhook-Signature] => BppoPbDA1pN0lrLRKCkxIm9wUmYty6nkzM+NItE55Ws=
                            [X-WC-Webhook-ID] => 55
                            [X-WC-Webhook-Delivery-ID] => ee0543af8b0c3f90d434e1261b3ae0a3
                        )

                )

            [Body] => {\"id\":3016,\"parent_id\":0,\"status\":\"pending\",\"currency\":\"USD\",\"version\":\"10.2.2\",\"prices_include_tax\":false,\"date_created\":\"2025-05-27T20:42:32\",\"date_modified\":\"2025-05-27T21:19:53\",\"discount_total\":\"716.00\",\"discount_tax\":\"53.70\",\"shipping_total\":\"1806.00\",\"shipping_tax\":\"0.00\",\"cart_tax\":\"653.93\",\"total\":\"11178.93\",\"total_tax\":\"653.93\",\"customer_id\":1,\"order_key\":\"wc_order_XfLuR0hXsGWr2\",\"billing\":{\"first_name\":\"Shivam Patel\",\"last_name\":\"\",\"company\":\"\",\"address_1\":\"\",\"address_2\":\"\",\"city\":\"\",\"state\":\"\",\"postcode\":\"\",\"country\":\"\",\"email\":\"jeff@thepeakbeyond.com\",\"phone\":\"\"},\"shipping\":{\"first_name\":\"\",\"last_name\":\"\",\"company\":\"\",\"address_1\":\"\",\"address_2\":\"\",\"city\":\"\",\"state\":\"\",\"postcode\":\"\",\"country\":\"\",\"phone\":\"\"},\"payment_method\":\"\",\"payment_method_title\":\"\",\"transaction_id\":\"\",\"customer_ip_address\":\"98.56.162.34\",\"customer_user_agent\":\"Mozilla\\/5.0 (Macintosh; Intel Mac OS X 10_15_7) AppleWebKit\\/537.36 (KHTML, like Gecko) Chrome\\/136.0.0.0 Safari\\/537.36\",\"created_via\":\"ywraq\",\"customer_note\":\"\",\"date_completed\":null,\"date_paid\":null,\"cart_hash\":\"\",\"number\":\"3016\",\"meta_data\":[{\"id\":31408,\"key\":\"ywraq_raq\",\"value\":\"yes\"},{\"id\":31410,\"key\":\"_current_user\",\"value\":\"1\"},{\"id\":31411,\"key\":\"ywraq_raq_status\",\"value\":\"accepted\"},{\"id\":31413,\"key\":\"_ywraq_version\",\"value\":\"4.33.0\"},{\"id\":31414,\"key\":\"_ywraq_pdf_crypt\",\"value\":\"yes\"},{\"id\":31415,\"key\":\"ywraq_customer_name\",\"value\":\"Shivam Patel\"},{\"id\":31416,\"key\":\"ywraq_customer_message\",\"value\":\"This is a test quote\"},{\"id\":31417,\"key\":\"ywraq_customer_email\",\"value\":\"jeff@thepeakbeyond.com\"},{\"id\":31418,\"key\":\"_raq_request\",\"value\":{\"first_name\":{\"id\":\"first_name\",\"type\":\"text\",\"label\":\"First Name\",\"connect_to_field\":\"\",\"value\":\"Shivam\"},\"last_name\":{\"id\":\"last_name\",\"type\":\"text\",\"label\":\"Last Name\",\"connect_to_field\":\"\",\"value\":\"Patel\"},\"email\":{\"id\":\"email\",\"type\":\"email\",\"label\":\"Email\",\"connect_to_field\":\"\",\"value\":\"jeff@thepeakbeyond.com\"},\"message\":{\"id\":\"message\",\"type\":\"textarea\",\"label\":\"Message\",\"connect_to_field\":\"\",\"value\":\"This is a test quote\"},\"location_name\":{\"id\":\"location_name\",\"type\":\"text\",\"label\":\"Location Name\",\"connect_to_field\":\"\",\"value\":\"Newburgh\"},\"social_equity\":{\"id\":\"social_equity\",\"type\":\"radio\",\"label\":\"Are you a social equity license holder?\",\"connect_to_field\":\"\",\"value\":\"Yes\"},\"customer_id\":1,\"raq_content\":{\"bc99aa09629bfa56cf9ac3de4b3961d7\":{\"product_id\":\"452\",\"variation_id\":\"871\",\"quantity\":\"4\",\"variations\":{\"attribute_pa_remedy-finish\":\"black-acrylic\"}}},\"sent_from_cart\":false,\"user_name\":\"Shivam Patel\",\"user_email\":\"jeff@thepeakbeyond.com\",\"user_message\":\"This is a test quote\"}},{\"id\":31419,\"key\":\"ywraq_other_email_fields\",\"value\":{\"Location Name\":\"Newburgh\",\"Are you a social equity license holder?\":\"Yes\"}},{\"id\":31420,\"key\":\"ywraq_other_email_content\",\"value\":\"<strong>Location Name<\\/strong>: Newburgh<br><strong>Are you a social equity license holder?<\\/strong>: Yes<br>\"},{\"id\":31425,\"key\":\"ac_order_last_synced_time\",\"value\":\"1748380871\"},{\"id\":31426,\"key\":\"ac_datahash\",\"value\":\"420c55d6ad793db0af249219710eb195\"},{\"id\":31436,\"key\":\"_aftership_migrated\",\"value\":\"ok\"},{\"id\":31437,\"key\":\"_ywraq_enable_custom_text\",\"value\":\"no\"},{\"id\":31438,\"key\":\"_ywcm_request_response\",\"value\":\"\"},{\"id\":31439,\"key\":\"_ywraq_request_response_after\",\"value\":\"\"},{\"id\":31440,\"key\":\"_ywraq_optional_attachment\",\"value\":\"\"},{\"id\":31441,\"key\":\"_ywraq_enable_expiry_date\",\"value\":\"no\"},{\"id\":31442,\"key\":\"_ywraq_request_my_account_admin_message\",\"value\":\"Please review the quote and accept if you are ready to move forward with payment.\"},{\"id\":31443,\"key\":\"_ywraq_override_quote_payment_options\",\"value\":\"no\"},{\"id\":31444,\"key\":\"_ywraq_pay_quote_now\",\"value\":\"no\"},{\"id\":31445,\"key\":\"_ywraq_checkout_info\",\"value\":\"-\"},{\"id\":31446,\"key\":\"_ywraq_disable_shipping_method\",\"value\":\"1\"},{\"id\":31447,\"key\":\"_ywraq_lock_editing\",\"value\":\"no\"},{\"id\":31448,\"key\":\"_ywraq_safe_submit_field\",\"value\":\"send_quote\"},{\"id\":31449,\"key\":\"_ywraq_email_preview\",\"value\":{\"email\":\"jeff@thepeakbeyond.com\"}},{\"id\":31462,\"key\":\"_ywcm_request_expire\",\"value\":\"\"},{\"id\":31464,\"key\":\"_ywraq_author\",\"value\":\"1\"},{\"id\":31465,\"key\":\"ywraq_pending_status_date\",\"value\":\"2025-05-27\"},{\"id\":31466,\"key\":\"ywraq_status\",\"value\":\"pending\"},{\"id\":31484,\"key\":\"ac_last_synced_status\",\"value\":\"pending\"},{\"id\":31485,\"key\":\"activecampaign_for_woocommerce_external_checkout_id\",\"value\":\"f1cabe548c7759e6dcdbd7ec19f37abe\"}],\"line_items\":[{\"id\":70,\"name\":\"Counter-top flower display with 8 featured products - Black Acrylic\",\"product_id\":452,\"variation_id\":871,\"quantity\":4,\"tax_class\":\"\",\"subtotal\":\"8600.00\",\"subtotal_tax\":\"645.00\",\"total\":\"8134.00\",\"total_tax\":\"610.05\",\"taxes\":[{\"id\":1,\"total\":\"610.05\",\"subtotal\":\"645.00\"}],\"meta_data\":[{\"id\":569,\"key\":\"pa_remedy-finish\",\"value\":\"black-acrylic\",\"display_key\":\"pa_remedy-finish\",\"display_value\":\"black-acrylic\"}],\"sku\":\"\",\"global_unique_id\":\"\",\"price\":2033.5,\"image\":{\"id\":865,\"src\":\"https:\\/\\/cannabis-kiosks.com\\/wp-content\\/uploads\\/2025\\/02\\/1400x1400-2.jpg\"},\"parent_name\":\"Counter-top flower display with 8 featured products\"},{\"id\":75,\"name\":\"Service -- Display Installation\",\"product_id\":372,\"variation_id\":0,\"quantity\":4,\"tax_class\":\"\",\"subtotal\":\"600.00\",\"subtotal_tax\":\"45.00\",\"total\":\"350.00\",\"total_tax\":\"26.25\",\"taxes\":[{\"id\":1,\"total\":\"26.25\",\"subtotal\":\"45.00\"}],\"meta_data\":[],\"sku\":\"\",\"global_unique_id\":\"\",\"price\":87.5,\"image\":{\"id\":\"\",\"src\":\"\"},\"parent_name\":null}],\"tax_lines\":[{\"id\":71,\"rate_code\":\"US-CA-US-CA-NEVADA COUNTY-GRASS VALLEY TAX-1\",\"rate_id\":1,\"label\":\"US-CA-NEVADA COUNTY-GRASS VALLEY Tax\",\"compound\":false,\"tax_total\":\"653.93\",\"shipping_tax_total\":\"0.00\",\"rate_percent\":7.5,\"meta_data\":[]}],\"shipping_lines\":[{\"id\":72,\"method_title\":\"Shipping\",\"method_id\":\"\",\"instance_id\":\"0\",\"total\":\"1806.00\",\"total_tax\":\"0.00\",\"taxes\":[],\"tax_status\":\"taxable\",\"meta_data\":[]}],\"fee_lines\":[{\"id\":74,\"name\":\"Monthly software license fee\",\"tax_class\":\"\",\"tax_status\":\"taxable\",\"amount\":\"235\",\"total\":\"235.00\",\"total_tax\":\"17.63\",\"taxes\":[{\"id\":1,\"total\":\"17.63\",\"subtotal\":\"\"}],\"meta_data\":[]}],\"coupon_lines\":[],\"refunds\":[],\"payment_url\":\"https:\\/\\/cannabis-kiosks.com\\/checkout\\/order-pay\\/3016\\/?pay_for_order=true&key=wc_order_XfLuR0hXsGWr2\",\"is_editable\":true,\"needs_payment\":true,\"needs_processing\":true,\"date_created_gmt\":\"2025-05-27T20:42:32\",\"date_modified_gmt\":\"2025-05-27T21:19:53\",\"date_completed_gmt\":null,\"date_paid_gmt\":null,\"currency_symbol\":\"$\",\"_links\":{\"self\":[{\"href\":\"https:\\/\\/cannabis-kiosks.com\\/wp-json\\/wc\\/v3\\/orders\\/3016\",\"targetHints\":{\"allow\":[\"GET\",\"POST\",\"PUT\",\"PATCH\",\"DELETE\"]}}],\"collection\":[{\"href\":\"https:\\/\\/cannabis-kiosks.com\\/wp-json\\/wc\\/v3\\/orders\"}],\"email_templates\":[{\"embeddable\":true,\"href\":\"https:\\/\\/cannabis-kiosks.com\\/wp-json\\/wc\\/v3\\/orders\\/3016\\/actions\\/email_templates\"}],\"customer\":[{\"href\":\"https:\\/\\/cannabis-kiosks.com\\/wp-json\\/wc\\/v3\\/customers\\/1\"}]}}
            [Response] => Array
                (
                    [Code] => 200
                    [Message] => OK
                    [Headers] => WpOrg\Requests\Utility\CaseInsensitiveDictionary Object
                        (
                            [data:protected] => Array
                                (
                                    [date] => Tue, 14 Oct 2025 18:05:25 GMT
                                    [content-length] => 0
                                    [cf-ray] => 98e90138dc5f0286-CDG
                                    [vary] => Origin
                                    [via] => 1.1 google
                                    [cf-cache-status] => DYNAMIC
                                    [strict-transport-security] => max-age=15552000
                                    [server] => cloudflare
                                )

                        )

                    [Body] => 
                )

        )

)
2025-10-14T19:44:31+00:00 INFO Array
(
    [Webhook Delivery] => Array
        (
            [Delivery ID] => 1ae17fb2cc7c75803d8a94bd9b0b0476
            [Date] => Oct 14, 2025 @ 19:44
            [URL] => https://webhooks.automizely.com/aftership/woocommerce/product/v1
            [Duration] => 0.21139
            [Request] => Array
                (
                    [Method] => POST
                    [Headers] => Array
                        (
                            [User-Agent] => WooCommerce/10.2.2 Hookshot (WordPress/6.8.2)
                            [Content-Type] => application/json
                            [X-WC-Webhook-Source] => https://cannabis-kiosks.com/
                            [X-WC-Webhook-Topic] => product.deleted
                            [X-WC-Webhook-Resource] => product
                            [X-WC-Webhook-Event] => deleted
                            [X-WC-Webhook-Signature] => 4Xz6sJ3BMDJ6OaCrX4YHka38gnNVdVU07chqy32Wp6c=
                            [X-WC-Webhook-ID] => 59
                            [X-WC-Webhook-Delivery-ID] => 1ae17fb2cc7c75803d8a94bd9b0b0476
                        )

                )

            [Body] => {\"id\":4823}
            [Response] => Array
                (
                    [Code] => 200
                    [Message] => OK
                    [Headers] => WpOrg\Requests\Utility\CaseInsensitiveDictionary Object
                        (
                            [data:protected] => Array
                                (
                                    [date] => Tue, 14 Oct 2025 19:44:31 GMT
                                    [content-length] => 0
                                    [cf-ray] => 98e992661ca09794-CDG
                                    [vary] => Origin
                                    [via] => 1.1 google
                                    [cf-cache-status] => DYNAMIC
                                    [strict-transport-security] => max-age=15552000
                                    [server] => cloudflare
                                )

                        )

                    [Body] => 
                )

        )

)
2025-10-14T19:58:28+00:00 INFO Array
(
    [Webhook Delivery] => Array
        (
            [Delivery ID] => 2ec496505473deac00444d930e6ed8a1
            [Date] => Oct 14, 2025 @ 19:58
            [URL] => https://webhooks.automizely.com/aftership/woocommerce/product/v1
            [Duration] => 0.46619
            [Request] => Array
                (
                    [Method] => POST
                    [Headers] => Array
                        (
                            [User-Agent] => WooCommerce/10.2.2 Hookshot (WordPress/6.8.2)
                            [Content-Type] => application/json
                            [X-WC-Webhook-Source] => https://cannabis-kiosks.com/
                            [X-WC-Webhook-Topic] => product.updated
                            [X-WC-Webhook-Resource] => product
                            [X-WC-Webhook-Event] => updated
                            [X-WC-Webhook-Signature] => ZJaEXTG5cWaCiCqTjNYm2No8SVQF1z73OrYO2gk3Ed8=
                            [X-WC-Webhook-ID] => 58
                            [X-WC-Webhook-Delivery-ID] => 2ec496505473deac00444d930e6ed8a1
                        )

                )

            [Body] => {\"id\":4607,\"name\":\"Flower Station \\u2013 Configure Now\",\"slug\":\"flower-station-configure-now\",\"permalink\":\"https:\\/\\/cannabis-kiosks.com\\/product\\/flower-station-configure-now\\/\",\"date_created\":\"2025-09-04T19:08:13\",\"date_created_gmt\":\"2025-09-04T19:08:13\",\"date_modified\":\"2025-10-14T19:57:18\",\"date_modified_gmt\":\"2025-10-14T19:57:18\",\"type\":\"af_composite_product\",\"status\":\"publish\",\"featured\":false,\"catalog_visibility\":\"visible\",\"description\":\"<p>Configure your Flower Station hardware to match your store\\u2019s needs. Adjust SKUs, mounting, and finishes.<\\/p>\\n\",\"short_description\":\"<p>This is a test description.<\\/p>\\n\",\"sku\":\"flower-station-base\",\"price\":\"0\",\"regular_price\":\"0\",\"sale_price\":\"\",\"date_on_sale_from\":null,\"date_on_sale_from_gmt\":null,\"date_on_sale_to\":null,\"date_on_sale_to_gmt\":null,\"on_sale\":false,\"purchasable\":true,\"total_sales\":0,\"virtual\":false,\"downloadable\":false,\"downloads\":[],\"download_limit\":-1,\"download_expiry\":-1,\"external_url\":\"\",\"button_text\":\"\",\"tax_status\":\"taxable\",\"tax_class\":\"\",\"manage_stock\":false,\"stock_quantity\":null,\"backorders\":\"no\",\"backorders_allowed\":false,\"backordered\":false,\"low_stock_amount\":null,\"sold_individually\":false,\"weight\":\"\",\"dimensions\":{\"length\":\"\",\"width\":\"\",\"height\":\"\"},\"shipping_required\":true,\"shipping_taxable\":true,\"shipping_class\":\"\",\"shipping_class_id\":0,\"reviews_allowed\":false,\"average_rating\":\"0.00\",\"rating_count\":0,\"upsell_ids\":[],\"cross_sell_ids\":[],\"parent_id\":0,\"purchase_note\":\"\",\"categories\":[{\"id\":20,\"name\":\"All Products\",\"slug\":\"all-products\"}],\"brands\":[],\"tags\":[],\"images\":[{\"id\":3991,\"date_created\":\"2025-08-21T19:41:35\",\"date_created_gmt\":\"2025-08-21T19:41:35\",\"date_modified\":\"2025-08-21T19:41:35\",\"date_modified_gmt\":\"2025-08-21T19:41:35\",\"src\":\"https:\\/\\/cannabis-kiosks.com\\/wp-content\\/uploads\\/2025\\/08\\/16-COUNT-JAR_Comp-fs-1.jpg\",\"name\":\"16-COUNT-JAR_Comp-fs-1\",\"alt\":\"\",\"srcset\":\"https:\\/\\/i0.wp.com\\/cannabis-kiosks.com\\/wp-content\\/uploads\\/2025\\/08\\/16-COUNT-JAR_Comp-fs-1.jpg?w=2000&ssl=1 2000w, https:\\/\\/i0.wp.com\\/cannabis-kiosks.com\\/wp-content\\/uploads\\/2025\\/08\\/16-COUNT-JAR_Comp-fs-1.jpg?resize=300%2C300&ssl=1 300w, https:\\/\\/i0.wp.com\\/cannabis-kiosks.com\\/wp-content\\/uploads\\/2025\\/08\\/16-COUNT-JAR_Comp-fs-1.jpg?resize=1024%2C1024&ssl=1 1024w, https:\\/\\/i0.wp.com\\/cannabis-kiosks.com\\/wp-content\\/uploads\\/2025\\/08\\/16-COUNT-JAR_Comp-fs-1.jpg?resize=150%2C150&ssl=1 150w, https:\\/\\/i0.wp.com\\/cannabis-kiosks.com\\/wp-content\\/uploads\\/2025\\/08\\/16-COUNT-JAR_Comp-fs-1.jpg?resize=768%2C768&ssl=1 768w, https:\\/\\/i0.wp.com\\/cannabis-kiosks.com\\/wp-content\\/uploads\\/2025\\/08\\/16-COUNT-JAR_Comp-fs-1.jpg?resize=1536%2C1536&ssl=1 1536w, https:\\/\\/i0.wp.com\\/cannabis-kiosks.com\\/wp-content\\/uploads\\/2025\\/08\\/16-COUNT-JAR_Comp-fs-1.jpg?resize=200%2C200&ssl=1 200w, https:\\/\\/i0.wp.com\\/cannabis-kiosks.com\\/wp-content\\/uploads\\/2025\\/08\\/16-COUNT-JAR_Comp-fs-1.jpg?resize=100%2C100&ssl=1 100w\",\"sizes\":\"(max-width: 2000px) 100vw, 2000px\",\"thumbnail\":\"https:\\/\\/cannabis-kiosks.com\\/wp-content\\/uploads\\/2025\\/08\\/16-COUNT-JAR_Comp-fs-1-200x200.jpg\"}],\"attributes\":[],\"default_attributes\":[],\"variations\":[],\"grouped_products\":[],\"menu_order\":0,\"price_html\":\"<span class=\\\"woocommerce-Price-amount amount\\\"><bdi><span class=\\\"woocommerce-Price-currencySymbol\\\">&#36;<\\/span>0.00<\\/bdi><\\/span>\",\"related_ids\":[306,300,444,472,440],\"meta_data\":[{\"id\":56943,\"key\":\"af_comp_product_layout\",\"value\":\"vertical\"},{\"id\":56944,\"key\":\"af_comp_product_adj_min_qty\",\"value\":\"1\"},{\"id\":56945,\"key\":\"af_comp_product_adj_step_qty\",\"value\":\"1\"},{\"id\":56948,\"key\":\"af_comp_product_price_type\",\"value\":\"calculated_price\"},{\"id\":56949,\"key\":\"af_cp_form_location\",\"value\":\"after_sum\"},{\"id\":56950,\"key\":\"af_comp_product_price_adjustment\",\"value\":\"ignore\"},{\"id\":56951,\"key\":\"af_comp_product_adj_value\",\"value\":\"\"},{\"id\":56952,\"key\":\"af_comp_product_adj_max_qty\",\"value\":\"\"},{\"id\":56953,\"key\":\"af_comp_product_text\",\"value\":\"Choose SKUs, Mount, and Finish.\"},{\"id\":56954,\"key\":\"af_cp_allow_edit_in_cart\",\"value\":\"no\"},{\"id\":56955,\"key\":\"af_comp_product_component_name\",\"value\":{\"1\":\"Number of SKUs\",\"2\":\"Build Strategy\",\"4\":\"Choose Your Complete Bundle\"}},{\"id\":56956,\"key\":\"af_comp_product_component_image\",\"value\":{\"1\":\"\",\"2\":\"\",\"4\":\"\"}},{\"id\":56957,\"key\":\"af_comp_product_component_desc\",\"value\":{\"1\":\"How many flower strains would you like to physically feature via jars in front of the display?\",\"2\":\"Choose your build approach - Custom Build for hardware-only or Pre-designed for complete bundles.\",\"4\":\"Select your preferred flower station configuration with hardware and furniture included.\"}},{\"id\":56958,\"key\":\"af_composite_product_all_products\",\"value\":{\"1\":[\"474\",\"499\",\"3800\",\"473\",\"477\"],\"2\":[\"4646\",\"4647\"],\"4\":[\"3867\",\"3868\",\"3866\",\"3865\",\"3864\",\"3863\",\"2936\",\"2915\",\"2913\"]}},{\"id\":56959,\"key\":\"af_composite_product_categories\",\"value\":[]},{\"id\":56960,\"key\":\"af_composite_product_tags\",\"value\":[]},{\"id\":56961,\"key\":\"af_composite_product_default_product\",\"value\":{\"1\":\"474\",\"2\":\"4647\",\"4\":\"3867\"}},{\"id\":56962,\"key\":\"af_composite_product_required_component\",\"value\":{\"1\":\"yes\",\"2\":\"yes\"}},{\"id\":56963,\"key\":\"af_composite_product_quantity_op\",\"value\":{\"1\":\"fixed\",\"2\":\"fixed\",\"4\":\"fixed\"}},{\"id\":56964,\"key\":\"af_composite_product_fixed_qty\",\"value\":{\"1\":\"1\",\"2\":\"1\",\"4\":\"1\"}},{\"id\":56965,\"key\":\"af_composite_product_min_qty\",\"value\":{\"1\":\"1\",\"2\":\"1\",\"4\":\"1\"}},{\"id\":56966,\"key\":\"af_composite_product_max_qty\",\"value\":{\"1\":\"\",\"2\":\"\",\"4\":\"\"}},{\"id\":56967,\"key\":\"af_composite_product_component_style\",\"value\":{\"1\":\"simple\",\"2\":\"radio\",\"4\":\"radio\"}},{\"id\":56968,\"key\":\"af_composite_product_price_style\",\"value\":{\"1\":\"hide\",\"2\":\"hide\",\"4\":\"hide\"}},{\"id\":56969,\"key\":\"af_composite_product_stock_cb\",\"value\":{\"1\":\"hide\",\"2\":\"hide\",\"4\":\"hide\"}},{\"id\":56970,\"key\":\"af_composite_product_order\",\"value\":{\"1\":\"price\",\"2\":\"name\",\"4\":\"name\"}},{\"id\":56971,\"key\":\"af_composite_product_type\",\"value\":{\"1\":\"asc\",\"2\":\"asc\",\"4\":\"asc\"}},{\"id\":56972,\"key\":\"af_composite_product_exclusive_cb\",\"value\":[]},{\"id\":56973,\"key\":\"af_comp_product_scenario_name\",\"value\":{\"4\":\"Custom Build Flow\",\"5\":\"8 SKU Pre-designed Flow\",\"6\":\"16 SKU Pre-designed Flow\",\"7\":\"10 SKU Pre-designed Flow\",\"8\":\"12 SKU Pre-designed Flow\",\"9\":\"20 SKU Pre-designed Flow\"}},{\"id\":56974,\"key\":\"af_comp_product_scenario_desc\",\"value\":{\"4\":\"\\t\\t\\t\\t\\t\\t\\t\\t\\t\\t\\t\\t\\t\\t\\t\\t\\t\\t\\t\\t\\t\\t\\t\\t\\t\\t\\t\\t\\t\\t\\t\\t\\t\\t\\t\\t\\t\\t\\t\\t\\t\\t\\t\\t\\t\\t\\t\\t\\t\\t\\t\\t\\t\\t\\t\\t\\t\\t\\t\\t\\t\\t\\t\\t\\t\\t\\t\\t\\t\\t\\t\\t\\t\\t\\t\\t\\t\\t\\t\\t\\t\\t\\t\\t\\t\\t\\t\\t\\t\\t\\t\\t\\t\\t\\t\\t\\t\\t\\t\\t\\t\\t\\t\\t\\t\\t\\t\\t\\t\\t\\t\\t\\t\\t\\t\\t\\t\\t\\t\\t\\t\\t\\t\\t\\t\\t\\t\\t\\t\\t\\t\\t\\t\\t\\t\\t\\t\\t\\t\\t\\t\\t\\t\\t\\t\\t\\t\\t\\t\\t\\t\\t\\t\\t\\t\\t\\t\\t\\t\\t\\t\\t\\t\\t\\t\\t\\t\\t\\t\\t\\t\\t\\t\\t\\t\\t\\t\\t\\t\\t\\t\\t\\t\\t\\t\\t\\t\\t\\t\\t\\t\\t\\t\\t\\t\\t\\t\\t\\t\\t\\t\\t\\t\\t\\t\\t\\t\\t\\t\\t\\t\\t\\t\\t\\t\\t\\t\\t\\t\\t\\t\\t\\t\\t\\t\\t\\t\\t\\t\\t\\t\\t\\t\\t\\t\\t\\t\\t\\t\\t\\t\\t\\t\\t\\t\\t\\t\\t\\t\\t\\t\\t\\t\\t\\t\\t\\t\\t\\t\\t\\t\\t\\t\\t\\t\\t\\t\\t\\t\\t\\t\\t\\t\\t\\t\\t\\t\\t\\t\\t\\t\\t\\t\\t\\t\\t\\t\\t\\t\\t\\t\\t\\t\\t\\t\\t\\t\\t\\t\\t\\t\\t\\t\\t\\t\\t\\t\\t\\t\\t\\t\\t\\t\\t\\t\\t\\t\\t\\t\\t\\t\\t\\t\\t\\t\\t\\t\\t\\t\\t\\t\\t\\t\\t\\t\\t\\t\\t\\t\\t\\t\\t\\t\\t\\t\\t\\t\\t\\t\\t\\t\\t\\t\\t\\t\\t\\t\\t\\t\\t\\t\\t\\t\\t\\t\\t\\t\\t\\t\\t\\t\\t\\t\\t\\t\\t\\t\\t\\t\\t\\t\\t\\t\\t\\t\\t\\t\\t\\t\\t\\t\\t\\t\\t\\t\\t\\t\\t\\t\\t\\t\\t\\t\\t\\t\\t\\t\\t\\t\\t\\t\\t\\t\\t\\t\\t\\t\\t\\t\\t\\t\\t\\t\\t\\t\\t\\t\\t\\t\\t\\t\\t\\t\\t\\t\\t\\t\\t\\t\\t\\t\\t\\t\\t\\t\\t\\t\\t\\t\\t\\t\\t\\t\\t\\t\\t\\t\\t\\t\\t\\t\\t\\t\\t\\t\\t\\t\\t\\t\\t\\t\\t\\t\\t\\t\\t\\t\\t\\t\\t\\t\\t\\t\\t\\t\\t\\t\\t\\t\\t\\t\\t\\t\\t\\t\\t\\t\\t\\t\\t\\t\\t\\t\\t\\t\\t\\t\\t\\t\\t\\t\\t\\t\\t\\t\\t\\t\\t\\t\\t\\t\\t\\t\\t\\t\\t\\t\\t\\t\\t\\t\\t\\t\\t\\t\\t\\t\\t\\t\\t\\t\\t\\t\\t\\t\\t\\t\\t\\t\\t\\t\\t\\t\\t\\t\\t\\t\\t\\t\\t\\t\\t\\t\\t\\t\\t\\t\\t\\t\\t\\t\\t\\t\\t\\t\\t\\t\\t\\t\\t\\t\\t\\t\\t\\t\\t\\t\\t\\t\\t\\t\\t\\t\\t\\t\\t\\t\\t\\t\\t\\t\\t\\t\\t\\t\\t\\t\\t\\t\\t\\t\\t\\t\\t\\t\\t\\t\\t\\t\\t\\t\\t\\t\\t\\t\\t\\t\\t\\t\\t\\t\\t\\t\\t\\t\\t\\t\\t\\t\\t\\t\\t\\t\\t\\t\\t\\t\\t\\t\\t\\t\\t\\t\\t\\t\\t\\t\\t\\t\\t\\t\\t\\t\\t\\t\\t\\t\\t\\t\\t\\t\\t\\t\\t\\t\\t\\t\\t\\t\\t\\t\\t\\t\\t\\t\\t\\t\\t\\t\\t\\t\\t\\t\\t\\t\\t\\t\\t\\t\\t\\t\\t\\t\\t\\t\\t\\t\\t\\t\\t\\t\\t\\t\\t\\t\\t\\t\\t\\t\\t\\t\\t\\t\\t\\t\\t\\t\\t\\t\\t\\t\\t\\t\\t\\t\\t\\t\\t\\t\\t\\t\\t\\t\\t\\t\\t\\t\\t\\t\\t\\t\\t\\t\\t\\t\\t\\t\\t\\t\\t\\t\\t\\t\\t\\t\\t\\t\\t\\t\\t\\t\\t\\t\\t\\t\\t\\t\\t\\t\\t\\t\\t\\t\\t\\t\\t\\t\\t\\t\\t\\t\\t\\t\\t\\t\\t\\t\\t\\t\\t\\t\\t\\t\\t\\t\\t\\t\\t\\t\\t\\t\\t\\t\\t\\t\\t\\t\\t\\t\\t\\t\\t\\t\\t\\t\\t\\t\\t\\t\\t\\t\\t\\t\\t\\t\\t\\t\\t\\t\\t\\t\\t\\t\\t\\t\\t\\t\\t\\t\\t\\t\\t\\t\\t\\t\\t\\t\\t\\t\\t\\t\\t\\t\\t\\t\\t\\t\\t\\t\\t\\t\\t\\t\\t\\t\\t\\t\\t\\t\\t\\t\\t\\t\\t\\t\\t\\t\\t\\t\\t\\t\\t\\t\\t\\t\\t\\t\\t\\t\\t\\t\\t\\t\\t\\t\\t\\t\\t\\t\\t\\t\\t\\t\\t\\t\\t\\t\\t\\t\\t\\t\\t\\t\\t\\t\\t\\t\\t\\t\\t\\t\\t\\t\\t\\t\\t\\t\\t\\t\\t\\t\\t\\t\\t\\t\\t\\t\\t\\t\\t\\t\\t\\t\\t\\t\\t\\t\\t\\t\\t\\t\\t\\t\\t\\t\\t\\t\\t\\t\\t\\t\\t\\t\\t\\t\\t\\t\\t\\t\\t\\t\\t\\t\\t\\t\\t\\t\\t\\t\\t\\t\\t\\t\\t\\t\\t\\t\\t\\t\\t\\t\\t\\t\\t\\t\\t\\t\\t\\t\\t\\t\\t\\t\\t\\t\\t\\t\\t\\t\\t\\t\\t\\t\\t\\t\\t\\t\\t\\t\\t\\t\\t\\t\\t\\t\\t\\t\\t\\t\\t\\t\\t\\t\\t\\t\\t\\t\\t\\t\\t\\t\\t\\t\\t\\t\\t\\t\\t\\t\\t\\t\\t\\t\\t\\t\\t\\t\\t\\t\\t\\t\\t\\t\\t\\t\\t\\t\\t\\t\\t\\t\\t\\t\\t\\t\\t\\t\\t\\t\\t\\t\\t\\t\\t\\t\\t\\t\\t\\t\\t\\t\\t\\t\\t\\t\\t\\t\\t\\t\\t\\t\\t\\t\\t\\t\\t\\t\\t\\t\\t\\t\\t\\t\\t\\t\\t\\t\\t\\t\\t\\t\\t\\t\\t\\t\\t\\t\\t\\t\\t\\tHide complete bundle selection when Custom Build is chosen\\t\\t\\t\\t\\t\\t\\t\\t\\t\\t\\t\\t\\t\\t\\t\\t\\t\\t\\t\\t\\t\\t\\t\\t\\t\\t\\t\\t\\t\\t\\t\\t\\t\\t\\t\\t\\t\\t\\t\\t\\t\\t\\t\\t\\t\\t\\t\\t\\t\\t\\t\\t\\t\\t\\t\\t\\t\\t\\t\\t\\t\\t\\t\\t\\t\\t\\t\\t\\t\\t\\t\\t\\t\\t\\t\\t\\t\\t\\t\\t\\t\\t\\t\\t\\t\\t\\t\\t\\t\\t\\t\\t\\t\\t\\t\\t\\t\\t\\t\\t\\t\\t\\t\\t\\t\\t\\t\\t\\t\\t\\t\\t\\t\\t\\t\\t\\t\\t\\t\\t\\t\\t\\t\\t\\t\\t\\t\\t\\t\\t\\t\\t\\t\\t\\t\\t\\t\\t\\t\\t\\t\\t\\t\\t\\t\\t\\t\\t\\t\\t\\t\\t\\t\\t\\t\\t\\t\\t\\t\\t\\t\\t\\t\\t\\t\\t\\t\\t\\t\\t\\t\\t\\t\\t\\t\\t\\t\\t\\t\\t\\t\\t\\t\\t\\t\\t\\t\\t\\t\\t\\t\\t\\t\\t\\t\\t\\t\\t\\t\\t\\t\\t\\t\\t\\t\\t\\t\\t\\t\\t\\t\\t\\t\\t\\t\\t\\t\\t\\t\\t\\t\\t\\t\\t\\t\\t\\t\\t\\t\\t\\t\\t\\t\\t\\t\\t\\t\\t\\t\\t\\t\\t\\t\\t\\t\\t\\t\\t\\t\\t\\t\\t\\t\\t\\t\\t\\t\\t\\t\\t\\t\\t\\t\\t\\t\\t\\t\\t\\t\\t\\t\\t\\t\\t\\t\\t\\t\\t\\t\\t\\t\\t\\t\\t\\t\\t\\t\\t\\t\\t\\t\\t\\t\\t\\t\\t\\t\\t\\t\\t\\t\\t\\t\\t\\t\\t\\t\\t\\t\\t\\t\\t\\t\\t\\t\\t\\t\\t\\t\\t\\t\\t\\t\\t\\t\\t\\t\\t\\t\\t\\t\\t\\t\\t\\t\\t\\t\\t\\t\\t\\t\\t\\t\\t\\t\\t\\t\\t\\t\\t\\t\\t\\t\\t\\t\\t\\t\\t\\t\\t\\t\\t\\t\\t\\t\\t\\t\\t\\t\\t\\t\\t\\t\\t\\t\\t\\t\\t\\t\\t\",\"5\":\"\\t\\t\\t\\t\\t\\t\\t\\t\\t\\t\\t\\t\\t\\t\\t\\t\\t\\t\\t\\t\\t\\t\\t\\t\\t\\t\\t\\t\\t\\t\\t\\t\\t\\t\\t\\t\\t\\t\\t\\t\\t\\t\\t\\t\\t\\t\\t\\t\\t\\t\\t\\t\\t\\t\\t\\t\\t\\t\\t\\t\\t\\t\\t\\t\\t\\t\\t\\t\\t\\t\\t\\t\\t\\t\\t\\t\\t\\t\\t\\t\\t\\t\\t\\t\\t\\t\\t\\t\\t\\t\\t\\t\\t\\t\\t\\t\\t\\t\\t\\t\\t\\t\\t\\t\\t\\t\\t\\t\\t\\t\\t\\t\\t\\t\\t\\t\\t\\t\\t\\t\\t\\t\\t\\t\\t\\t\\t\\t\\t\\t\\t\\t\\t\\t\\t\\t\\t\\t\\t\\t\\t\\t\\t\\t\\t\\t\\t\\t\\t\\t\\t\\t\\t\\t\\t\\t\\t\\t\\t\\t\\t\\t\\t\\t\\t\\t\\t\\t\\t\\t\\t\\t\\t\\t\\t\\t\\t\\t\\t\\t\\t\\t\\t\\t\\t\\t\\t\\t\\t\\t\\t\\t\\t\\t\\t\\t\\t\\t\\t\\t\\t\\t\\t\\t\\t\\t\\t\\t\\t\\t\\t\\t\\t\\t\\t\\t\\t\\t\\t\\t\\t\\t\\t\\t\\t\\t\\t\\t\\t\\t\\t\\t\\t\\t\\t\\t\\t\\t\\t\\t\\t\\t\\t\\t\\t\\t\\t\\t\\t\\t\\t\\t\\t\\t\\t\\t\\t\\t\\t\\t\\t\\t\\t\\t\\t\\t\\t\\t\\t\\t\\t\\t\\t\\t\\t\\t\\t\\t\\t\\t\\t\\t\\t\\t\\t\\t\\t\\t\\t\\t\\t\\t\\t\\t\\t\\t\\t\\t\\t\\t\\t\\t\\t\\t\\t\\t\\t\\t\\t\\t\\t\\t\\t\\t\\t\\t\\t\\t\\t\\t\\t\\t\\t\\t\\t\\t\\t\\t\\t\\t\\t\\t\\t\\t\\t\\t\\t\\t\\t\\t\\t\\t\\t\\t\\t\\t\\t\\t\\t\\t\\t\\t\\t\\t\\t\\t\\t\\t\\t\\t\\t\\t\\t\\t\\t\\t\\t\\t\\t\\t\\t\\t\\t\\t\\t\\t\\t\\t\\tShow only 8 SKU bundles when 8 SKU + Pre-designed is selected\\t\\t\\t\\t\\t\\t\\t\\t\\t\\t\\t\\t\\t\\t\\t\\t\\t\\t\\t\\t\\t\\t\\t\\t\\t\\t\\t\\t\\t\\t\\t\\t\\t\\t\\t\\t\\t\\t\\t\\t\\t\\t\\t\\t\\t\\t\\t\\t\\t\\t\\t\\t\\t\\t\\t\\t\\t\\t\\t\\t\\t\\t\\t\\t\\t\\t\\t\\t\\t\\t\\t\\t\\t\\t\\t\\t\\t\\t\\t\\t\\t\\t\\t\\t\\t\\t\\t\\t\\t\\t\\t\\t\\t\\t\\t\\t\\t\\t\\t\\t\\t\\t\\t\\t\\t\\t\\t\\t\\t\\t\\t\\t\\t\\t\\t\\t\\t\\t\\t\\t\\t\\t\\t\\t\\t\\t\\t\\t\\t\\t\\t\\t\\t\\t\\t\\t\\t\\t\\t\\t\\t\\t\\t\\t\\t\\t\\t\\t\\t\\t\\t\\t\\t\\t\\t\\t\\t\\t\\t\\t\\t\\t\\t\\t\\t\\t\\t\\t\\t\\t\\t\\t\\t\\t\\t\\t\\t\\t\\t\\t\\t\\t\\t\\t\\t\\t\\t\\t\\t\\t\\t\\t\\t\\t\\t\\t\\t\\t\\t\\t\\t\\t\\t\\t\\t\\t\\t\\t\\t\\t\\t\\t\\t\\t\\t\\t\\t\\t\\t\\t\\t\\t\\t\\t\\t\\t\\t\\t\\t\\t\\t\\t\\t\\t\\t\\t\\t\\t\\t\\t\\t\\t\\t\\t\\t\\t\\t\\t\\t\\t\\t\\t\\t\\t\\t\\t\\t\\t\\t\\t\\t\\t\\t\\t\\t\\t\\t\\t\\t\\t\\t\\t\\t\\t\\t\\t\\t\\t\\t\\t\\t\\t\\t\\t\\t\\t\\t\\t\\t\\t\\t\\t\\t\\t\\t\\t\\t\\t\\t\\t\\t\\t\\t\\t\\t\\t\\t\\t\\t\\t\\t\\t\\t\\t\\t\\t\\t\\t\\t\\t\\t\\t\\t\\t\\t\\t\\t\\t\\t\\t\\t\\t\\t\\t\\t\\t\\t\\t\\t\\t\\t\\t\\t\\t\\t\\t\\t\\t\\t\\t\\t\\t\\t\\t\\t\\t\\t\\t\\t\\t\",\"6\":\"\\t\\t\\t\\t\\t\\t\\t\\t\\t\\t\\t\\t\\t\\t\\t\\t\\t\\t\\t\\t\\t\\t\\t\\t\\t\\t\\t\\t\\t\\t\\t\\t\\t\\t\\t\\t\\t\\t\\t\\t\\t\\t\\t\\t\\t\\t\\t\\t\\t\\t\\t\\t\\t\\t\\t\\t\\t\\t\\t\\t\\t\\t\\t\\t\\t\\t\\t\\t\\t\\t\\t\\t\\t\\t\\t\\t\\t\\t\\t\\t\\t\\t\\t\\t\\t\\t\\t\\t\\t\\t\\t\\t\\t\\t\\t\\t\\t\\t\\t\\t\\t\\t\\t\\t\\t\\t\\t\\t\\t\\t\\t\\t\\t\\t\\t\\t\\t\\t\\t\\t\\t\\t\\t\\t\\t\\t\\t\\t\\t\\t\\t\\t\\t\\t\\t\\t\\t\\t\\t\\t\\t\\t\\t\\t\\t\\t\\t\\t\\t\\t\\t\\t\\t\\t\\t\\t\\t\\t\\t\\t\\t\\t\\t\\t\\t\\t\\t\\t\\t\\t\\t\\t\\t\\t\\t\\t\\t\\t\\t\\t\\t\\t\\t\\t\\t\\t\\t\\t\\t\\t\\t\\t\\t\\t\\t\\t\\t\\t\\t\\t\\t\\t\\t\\t\\t\\t\\t\\t\\t\\t\\t\\t\\t\\t\\t\\t\\t\\t\\t\\t\\t\\t\\t\\t\\t\\t\\t\\t\\t\\t\\t\\t\\t\\t\\t\\t\\t\\t\\t\\t\\t\\t\\t\\t\\t\\t\\t\\t\\t\\t\\t\\t\\t\\t\\t\\t\\t\\t\\t\\t\\t\\t\\t\\t\\t\\t\\t\\t\\t\\t\\t\\t\\t\\t\\t\\t\\t\\t\\t\\t\\t\\t\\t\\t\\t\\t\\t\\t\\t\\t\\t\\t\\t\\t\\t\\t\\t\\t\\t\\t\\t\\t\\t\\t\\t\\t\\t\\t\\t\\t\\t\\t\\t\\t\\t\\t\\t\\t\\t\\t\\t\\t\\t\\t\\t\\t\\t\\t\\t\\t\\t\\t\\t\\t\\t\\t\\t\\t\\t\\t\\t\\t\\tShow only 16 SKU bundles when 16 SKU + Pre-designed is selected\\t\\t\\t\\t\\t\\t\\t\\t\\t\\t\\t\\t\\t\\t\\t\\t\\t\\t\\t\\t\\t\\t\\t\\t\\t\\t\\t\\t\\t\\t\\t\\t\\t\\t\\t\\t\\t\\t\\t\\t\\t\\t\\t\\t\\t\\t\\t\\t\\t\\t\\t\\t\\t\\t\\t\\t\\t\\t\\t\\t\\t\\t\\t\\t\\t\\t\\t\\t\\t\\t\\t\\t\\t\\t\\t\\t\\t\\t\\t\\t\\t\\t\\t\\t\\t\\t\\t\\t\\t\\t\\t\\t\\t\\t\\t\\t\\t\\t\\t\\t\\t\\t\\t\\t\\t\\t\\t\\t\\t\\t\\t\\t\\t\\t\\t\\t\\t\\t\\t\\t\\t\\t\\t\\t\\t\\t\\t\\t\\t\\t\\t\\t\\t\\t\\t\\t\\t\\t\\t\\t\\t\\t\\t\\t\\t\\t\\t\\t\\t\\t\\t\\t\\t\\t\\t\\t\\t\\t\\t\\t\\t\\t\\t\\t\\t\\t\\t\\t\\t\\t\\t\\t\\t\\t\\t\\t\\t\\t\\t\\t\\t\\t\\t\\t\\t\\t\\t\\t\\t\\t\\t\\t\\t\\t\\t\\t\\t\\t\\t\\t\\t\\t\\t\\t\\t\\t\\t\\t\\t\\t\\t\\t\\t\\t\\t\\t\\t\\t\\t\\t\\t\\t\\t\\t\\t\\t\\t\\t\\t\\t\\t\\t\\t\\t\\t\\t\\t\\t\\t\\t\\t\\t\\t\\t\\t\\t\\t\\t\\t\\t\\t\\t\\t\\t\\t\\t\\t\\t\\t\\t\\t\\t\\t\\t\\t\\t\\t\\t\\t\\t\\t\\t\\t\\t\\t\\t\\t\\t\\t\\t\\t\\t\\t\\t\\t\\t\\t\\t\\t\\t\\t\\t\\t\\t\\t\\t\\t\\t\\t\\t\\t\\t\\t\\t\\t\\t\\t\\t\\t\\t\\t\\t\\t\\t\\t\\t\\t\\t\\t\\t\",\"7\":\"\\t\\t\\t\\t\\t\\t\\t\\t\\t\\t\\t\\t\\t\\t\\t\\t\\t\\t\\t\\t\\t\\t\\t\\t\\t\\t\\t\\t\\t\\t\\t\\t\\t\\t\\t\\t\\t\\t\\t\\t\\t\\t\\t\\t\\t\\t\\t\\t\\t\\t\\t\\t\\t\\t\\t\\t\\t\\t\\t\\t\\t\\t\\t\\t\\t\\t\\t\\t\\t\\t\\t\\t\\t\\t\\t\\t\\t\\t\\t\\t\\t\\t\\t\\t\\t\\t\\t\\t\\t\\t\\t\\t\\t\\t\\t\\t\\t\\t\\t\\t\\t\\t\\t\\t\\t\\t\\t\\t\\t\\t\\t\\t\\t\\t\\t\\t\\t\\t\\t\\t\\t\\t\\t\\t\\t\\t\\t\\t\\t\\t\\t\\t\\t\\t\\t\\t\\t\\t\\t\\t\\t\\t\\t\\t\\t\\t\\t\\t\\t\\t\\t\\t\\t\\t\\t\\t\\t\\t\\t\\t\\t\\t\\t\\t\\t\\t\\t\\t\\t\\t\\t\\t\\t\\t\\t\\t\\t\\t\\t\\t\\t\\t\\t\\t\\t\\t\\t\\t\\t\\t\\t\\t\\t\\t\\t\\t\\t\\t\\t\\t\\t\\t\\t\\t\\t\\t\\t\\t\\t\\t\\t\\t\\t\\t\\t\\t\\t\\t\\t\\t\\t\\t\\t\\t\\t\\t\\t\\t\\t\\t\\t\\t\\t\\t\\t\\t\\t\\t\\t\\t\\t\\t\\t\\t\\t\\t\\t\\t\\t\\t\\t\\t\\t\\t\\t\\t\\t\\t\\t\\t\\t\\t\\t\\t\\t\\t\\t\\t\\t\\t\\t\\t\\t\\t\\t\\t\\t\\t\\t\\t\\t\\t\\t\\t\\t\\t\\t\\t\\t\\t\\t\\t\\t\\t\\t\\t\\t\\t\\t\\t\\t\\t\\t\\t\\t\\t\\t\\t\\t\\t\\t\\t\\t\\t\\t\\t\\t\\t\\t\\t\\t\\t\\t\\t\\t\\t\\t\\t\\t\\t\\t\\t\\t\\t\\t\\t\\t\\t\\t\\t\\t\\t\\t\\t\\t\\t\\t\\t\\t\\t\\t\\t\\t\\t\\t\\t\\t\\t\\t\\t\\t\\t\\t\\t\\t\\t\\t\\t\\t\\t\\t\\t\\t\\t\\t\\t\\t\\t\\t\\t\\t\\t\\t\\t\\t\\t\\t\\t\\t\\t\\t\\t\\t\\t\\t\\t\\t\\t\\t\\t\\t\\t\\t\\t\\t\\t\\t\\t\\t\\t\\t\\t\\t\\t\\t\\t\\t\\tShow only 10 SKU bundles when 8 SKU + Pre-designed is selected\\t\\t\\t\\t\\t\\t\\t\\t\\t\\t\\t\\t\\t\\t\\t\\t\\t\\t\\t\\t\\t\\t\\t\\t\\t\\t\\t\\t\\t\\t\\t\\t\\t\\t\\t\\t\\t\\t\\t\\t\\t\\t\\t\\t\\t\\t\\t\\t\\t\\t\\t\\t\\t\\t\\t\\t\\t\\t\\t\\t\\t\\t\\t\\t\\t\\t\\t\\t\\t\\t\\t\\t\\t\\t\\t\\t\\t\\t\\t\\t\\t\\t\\t\\t\\t\\t\\t\\t\\t\\t\\t\\t\\t\\t\\t\\t\\t\\t\\t\\t\\t\\t\\t\\t\\t\\t\\t\\t\\t\\t\\t\\t\\t\\t\\t\\t\\t\\t\\t\\t\\t\\t\\t\\t\\t\\t\\t\\t\\t\\t\\t\\t\\t\\t\\t\\t\\t\\t\\t\\t\\t\\t\\t\\t\\t\\t\\t\\t\\t\\t\\t\\t\\t\\t\\t\\t\\t\\t\\t\\t\\t\\t\\t\\t\\t\\t\\t\\t\\t\\t\\t\\t\\t\\t\\t\\t\\t\\t\\t\\t\\t\\t\\t\\t\\t\\t\\t\\t\\t\\t\\t\\t\\t\\t\\t\\t\\t\\t\\t\\t\\t\\t\\t\\t\\t\\t\\t\\t\\t\\t\\t\\t\\t\\t\\t\\t\\t\\t\\t\\t\\t\\t\\t\\t\\t\\t\\t\\t\\t\\t\\t\\t\\t\\t\\t\\t\\t\\t\\t\\t\\t\\t\\t\\t\\t\\t\\t\\t\\t\\t\\t\\t\\t\\t\\t\\t\\t\\t\\t\\t\\t\\t\\t\\t\\t\\t\\t\\t\\t\\t\\t\\t\\t\\t\\t\\t\\t\\t\\t\\t\\t\\t\\t\\t\\t\\t\\t\\t\\t\\t\\t\\t\\t\\t\\t\\t\\t\\t\\t\\t\\t\\t\\t\\t\\t\\t\\t\\t\\t\\t\\t\\t\\t\\t\\t\\t\\t\\t\\t\\t\\t\\t\\t\\t\\t\\t\\t\\t\\t\\t\\t\\t\\t\\t\\t\\t\\t\\t\\t\\t\\t\\t\\t\\t\\t\\t\\t\\t\\t\\t\\t\\t\\t\\t\\t\\t\\t\\t\\t\\t\",\"8\":\"\\t\\t\\t\\t\\t\\t\\t\\t\\t\\t\\t\\t\\t\\t\\t\\t\\t\\t\\t\\t\\t\\t\\t\\t\\t\\t\\t\\t\\t\\t\\t\\t\\t\\t\\t\\t\\t\\t\\t\\t\\t\\t\\t\\t\\t\\t\\t\\t\\t\\t\\t\\t\\t\\t\\t\\t\\t\\t\\t\\t\\t\\t\\t\\t\\t\\t\\t\\t\\t\\t\\t\\t\\t\\t\\t\\t\\t\\t\\t\\t\\t\\t\\t\\t\\t\\t\\t\\t\\t\\t\\t\\t\\t\\t\\t\\t\\t\\t\\t\\t\\t\\t\\t\\t\\t\\t\\t\\t\\t\\t\\t\\t\\t\\t\\t\\t\\t\\t\\t\\t\\t\\t\\t\\t\\t\\t\\t\\t\\t\\t\\t\\t\\t\\t\\t\\t\\t\\t\\t\\t\\t\\t\\t\\t\\t\\t\\t\\t\\t\\t\\t\\t\\t\\t\\t\\t\\t\\t\\t\\t\\t\\t\\t\\t\\t\\t\\t\\t\\t\\t\\t\\t\\t\\t\\t\\t\\t\\t\\t\\t\\t\\t\\t\\t\\t\\t\\t\\t\\t\\t\\t\\t\\t\\t\\t\\t\\t\\t\\t\\t\\t\\t\\t\\t\\t\\t\\t\\t\\t\\t\\t\\t\\t\\t\\t\\t\\t\\t\\t\\t\\t\\t\\t\\t\\t\\t\\t\\t\\t\\t\\t\\t\\t\\t\\t\\t\\t\\t\\t\\t\\t\\t\\t\\t\\t\\t\\t\\t\\t\\t\\t\\t\\t\\t\\t\\t\\t\\t\\t\\t\\t\\t\\t\\t\\t\\t\\t\\t\\t\\t\\t\\t\\t\\t\\t\\t\\t\\t\\t\\t\\t\\t\\t\\t\\t\\t\\t\\t\\t\\t\\t\\t\\t\\t\\t\\t\\t\\t\\t\\t\\t\\t\\t\\t\\t\\t\\t\\t\\t\\t\\t\\t\\t\\t\\t\\t\\t\\t\\t\\t\\t\\t\\t\\t\\t\\t\\t\\t\\t\\t\\t\\t\\t\\t\\t\\t\\t\\t\\t\\t\\t\\t\\t\\t\\t\\t\\t\\t\\t\\t\\t\\t\\t\\t\\t\\t\\t\\t\\t\\t\\t\\t\\t\\t\\t\\t\\t\\t\\t\\t\\t\\t\\t\\t\\t\\t\\t\\t\\t\\t\\t\\t\\t\\t\\t\\t\\t\\t\\t\\t\\t\\t\\t\\t\\t\\t\\t\\t\\t\\t\\t\\t\\t\\t\\t\\t\\t\\t\\t\\t\\t\\t\\t\\t\\t\\t\\t\\t\\t\\t\\t\\t\\t\\t\\t\\t\\t\\t\\t\\t\\t\\t\\t\\t\\t\\t\\t\\t\\t\\t\\t\\t\\t\\t\\t\\t\\t\\t\\t\\t\\t\\t\\t\\t\\t\\t\\tShow only 12 SKU bundles when 8 SKU + Pre-designed is selected\\t\\t\\t\\t\\t\\t\\t\\t\\t\\t\\t\\t\\t\\t\\t\\t\\t\\t\\t\\t\\t\\t\\t\\t\\t\\t\\t\\t\\t\\t\\t\\t\\t\\t\\t\\t\\t\\t\\t\\t\\t\\t\\t\\t\\t\\t\\t\\t\\t\\t\\t\\t\\t\\t\\t\\t\\t\\t\\t\\t\\t\\t\\t\\t\\t\\t\\t\\t\\t\\t\\t\\t\\t\\t\\t\\t\\t\\t\\t\\t\\t\\t\\t\\t\\t\\t\\t\\t\\t\\t\\t\\t\\t\\t\\t\\t\\t\\t\\t\\t\\t\\t\\t\\t\\t\\t\\t\\t\\t\\t\\t\\t\\t\\t\\t\\t\\t\\t\\t\\t\\t\\t\\t\\t\\t\\t\\t\\t\\t\\t\\t\\t\\t\\t\\t\\t\\t\\t\\t\\t\\t\\t\\t\\t\\t\\t\\t\\t\\t\\t\\t\\t\\t\\t\\t\\t\\t\\t\\t\\t\\t\\t\\t\\t\\t\\t\\t\\t\\t\\t\\t\\t\\t\\t\\t\\t\\t\\t\\t\\t\\t\\t\\t\\t\\t\\t\\t\\t\\t\\t\\t\\t\\t\\t\\t\\t\\t\\t\\t\\t\\t\\t\\t\\t\\t\\t\\t\\t\\t\\t\\t\\t\\t\\t\\t\\t\\t\\t\\t\\t\\t\\t\\t\\t\\t\\t\\t\\t\\t\\t\\t\\t\\t\\t\\t\\t\\t\\t\\t\\t\\t\\t\\t\\t\\t\\t\\t\\t\\t\\t\\t\\t\\t\\t\\t\\t\\t\\t\\t\\t\\t\\t\\t\\t\\t\\t\\t\\t\\t\\t\\t\\t\\t\\t\\t\\t\\t\\t\\t\\t\\t\\t\\t\\t\\t\\t\\t\\t\\t\\t\\t\\t\\t\\t\\t\\t\\t\\t\\t\\t\\t\\t\\t\\t\\t\\t\\t\\t\\t\\t\\t\\t\\t\\t\\t\\t\\t\\t\\t\\t\\t\\t\\t\\t\\t\\t\\t\\t\\t\\t\\t\\t\\t\\t\\t\\t\\t\\t\\t\\t\\t\\t\\t\\t\\t\\t\\t\\t\\t\\t\\t\\t\\t\\t\\t\\t\\t\\t\\t\\t\",\"9\":\"\\t\\t\\t\\t\\t\\t\\t\\t\\t\\t\\t\\t\\t\\t\\t\\t\\t\\t\\t\\t\\t\\t\\t\\t\\t\\t\\t\\t\\t\\t\\t\\t\\t\\t\\t\\t\\t\\t\\t\\t\\t\\t\\t\\t\\t\\t\\t\\t\\t\\t\\t\\t\\t\\t\\t\\t\\t\\t\\t\\t\\t\\t\\t\\t\\t\\t\\t\\t\\t\\t\\t\\t\\t\\t\\t\\t\\t\\t\\t\\t\\t\\t\\t\\t\\t\\t\\t\\t\\t\\t\\t\\t\\t\\t\\t\\t\\t\\t\\t\\t\\t\\t\\t\\t\\t\\t\\t\\t\\t\\t\\t\\t\\t\\t\\t\\t\\t\\t\\t\\t\\t\\t\\t\\t\\t\\t\\t\\t\\t\\t\\t\\t\\t\\t\\t\\t\\t\\t\\t\\t\\t\\t\\t\\t\\t\\t\\t\\t\\t\\t\\t\\t\\t\\t\\t\\t\\t\\t\\t\\t\\t\\t\\t\\t\\t\\t\\t\\t\\t\\t\\t\\t\\t\\t\\t\\t\\t\\t\\t\\t\\t\\t\\t\\t\\t\\t\\t\\t\\t\\t\\t\\t\\t\\t\\t\\t\\t\\t\\t\\t\\t\\t\\t\\t\\t\\t\\t\\t\\t\\t\\t\\t\\t\\t\\t\\t\\t\\t\\t\\t\\t\\t\\t\\t\\t\\t\\t\\t\\t\\t\\t\\t\\t\\t\\t\\t\\t\\t\\t\\t\\t\\t\\t\\t\\t\\t\\t\\t\\t\\t\\t\\t\\t\\t\\t\\t\\t\\t\\t\\t\\t\\t\\t\\t\\t\\t\\t\\t\\t\\t\\t\\t\\t\\t\\t\\t\\t\\t\\t\\t\\t\\t\\t\\t\\t\\t\\t\\t\\t\\t\\t\\t\\t\\t\\t\\t\\t\\t\\t\\t\\t\\t\\t\\t\\t\\t\\t\\t\\t\\t\\t\\t\\t\\t\\t\\t\\t\\t\\t\\t\\t\\t\\t\\t\\t\\t\\t\\t\\t\\t\\t\\t\\t\\t\\t\\t\\t\\t\\t\\t\\t\\t\\t\\t\\t\\t\\t\\t\\t\\t\\t\\t\\t\\t\\t\\t\\t\\t\\t\\t\\t\\t\\t\\t\\t\\t\\t\\t\\t\\t\\t\\t\\t\\t\\t\\t\\t\\t\\t\\t\\t\\t\\t\\t\\t\\t\\t\\t\\t\\t\\t\\t\\t\\t\\t\\t\\t\\t\\t\\t\\t\\t\\t\\t\\t\\t\\t\\t\\t\\t\\t\\t\\t\\t\\t\\t\\t\\t\\t\\t\\t\\t\\t\\t\\t\\t\\t\\t\\t\\t\\t\\t\\t\\t\\t\\t\\t\\t\\t\\t\\t\\t\\t\\t\\t\\t\\t\\t\\t\\t\\t\\t\\t\\t\\t\\t\\t\\t\\t\\t\\t\\t\\t\\t\\t\\t\\t\\t\\t\\t\\t\\t\\t\\t\\t\\t\\t\\t\\t\\t\\t\\t\\t\\t\\t\\t\\t\\t\\t\\t\\t\\t\\t\\t\\t\\tShow only 20 SKU bundles when 8 SKU + Pre-designed is selected\\t\\t\\t\\t\\t\\t\\t\\t\\t\\t\\t\\t\\t\\t\\t\\t\\t\\t\\t\\t\\t\\t\\t\\t\\t\\t\\t\\t\\t\\t\\t\\t\\t\\t\\t\\t\\t\\t\\t\\t\\t\\t\\t\\t\\t\\t\\t\\t\\t\\t\\t\\t\\t\\t\\t\\t\\t\\t\\t\\t\\t\\t\\t\\t\\t\\t\\t\\t\\t\\t\\t\\t\\t\\t\\t\\t\\t\\t\\t\\t\\t\\t\\t\\t\\t\\t\\t\\t\\t\\t\\t\\t\\t\\t\\t\\t\\t\\t\\t\\t\\t\\t\\t\\t\\t\\t\\t\\t\\t\\t\\t\\t\\t\\t\\t\\t\\t\\t\\t\\t\\t\\t\\t\\t\\t\\t\\t\\t\\t\\t\\t\\t\\t\\t\\t\\t\\t\\t\\t\\t\\t\\t\\t\\t\\t\\t\\t\\t\\t\\t\\t\\t\\t\\t\\t\\t\\t\\t\\t\\t\\t\\t\\t\\t\\t\\t\\t\\t\\t\\t\\t\\t\\t\\t\\t\\t\\t\\t\\t\\t\\t\\t\\t\\t\\t\\t\\t\\t\\t\\t\\t\\t\\t\\t\\t\\t\\t\\t\\t\\t\\t\\t\\t\\t\\t\\t\\t\\t\\t\\t\\t\\t\\t\\t\\t\\t\\t\\t\\t\\t\\t\\t\\t\\t\\t\\t\\t\\t\\t\\t\\t\\t\\t\\t\\t\\t\\t\\t\\t\\t\\t\\t\\t\\t\\t\\t\\t\\t\\t\\t\\t\\t\\t\\t\\t\\t\\t\\t\\t\\t\\t\\t\\t\\t\\t\\t\\t\\t\\t\\t\\t\\t\\t\\t\\t\\t\\t\\t\\t\\t\\t\\t\\t\\t\\t\\t\\t\\t\\t\\t\\t\\t\\t\\t\\t\\t\\t\\t\\t\\t\\t\\t\\t\\t\\t\\t\\t\\t\\t\\t\\t\\t\\t\\t\\t\\t\\t\\t\\t\\t\\t\\t\\t\\t\\t\\t\\t\\t\\t\\t\\t\\t\\t\\t\\t\\t\\t\\t\\t\\t\\t\\t\\t\\t\\t\\t\\t\\t\\t\\t\\t\\t\\t\\t\\t\\t\\t\\t\\t\\t\"}},{\"id\":56975,\"key\":\"af_comp_product_sc_hide_comp_cb\",\"value\":{\"4\":\"yes\"}},{\"id\":56976,\"key\":\"af_comp_product_sc_hide_options_cb\",\"value\":{\"5\":\"yes\",\"6\":\"yes\",\"7\":\"yes\",\"8\":\"yes\",\"9\":\"yes\"}},{\"id\":56977,\"key\":\"af_cp_scenario_condition_comp\",\"value\":{\"4\":{\"1\":\"2\"},\"5\":{\"1\":\"1\",\"2\":\"2\"},\"6\":{\"1\":\"1\",\"2\":\"2\"},\"7\":{\"1\":\"1\"},\"8\":{\"1\":\"1\"},\"9\":{\"1\":\"1\"}}},{\"id\":56978,\"key\":\"af_cp_scenario_action_comp\",\"value\":{\"5\":{\"1\":\"4\"},\"6\":{\"1\":\"4\"},\"7\":{\"1\":\"1\"},\"8\":{\"1\":\"1\"},\"9\":{\"1\":\"1\"}}},{\"id\":56979,\"key\":\"af_cp_action_type\",\"value\":[]},{\"id\":56980,\"key\":\"af_cp_sc_type_selection\",\"value\":[]},{\"id\":56981,\"key\":\"af_cp_scenario_condition_type\",\"value\":{\"4\":{\"1\":\"is\"},\"5\":{\"1\":\"is\",\"2\":\"is\"},\"6\":{\"1\":\"is\",\"2\":\"is\"},\"7\":{\"1\":\"is\"},\"8\":{\"1\":\"is\"},\"9\":{\"1\":\"is\"}}},{\"id\":56982,\"key\":\"af_cp_scenario_condition_products\",\"value\":{\"4\":{\"1\":[\"4646\"]},\"5\":{\"1\":[\"474\"],\"2\":[\"4647\"]},\"6\":{\"1\":[\"473\"],\"2\":[\"4647\"]},\"7\":{\"1\":[\"499\"]},\"8\":{\"1\":[\"3800\"]},\"9\":{\"1\":[\"477\"]}}},{\"id\":56983,\"key\":\"af_cp_scenario_action_type\",\"value\":{\"5\":{\"1\":\"hide\"},\"6\":{\"1\":\"hide\"},\"7\":{\"1\":\"hide\"},\"8\":{\"1\":\"hide\"},\"9\":{\"1\":\"hide\"}}},{\"id\":56984,\"key\":\"af_cp_scenario_action_products\",\"value\":{\"5\":{\"1\":[\"3866\",\"3865\",\"3864\",\"2936\",\"2915\",\"2913\"]},\"6\":{\"1\":[\"3867\",\"3868\",\"3863\",\"2936\"]},\"7\":{\"1\":[\"474\",\"3800\",\"473\",\"477\"]},\"8\":{\"1\":[\"474\",\"499\",\"473\",\"477\"]},\"9\":{\"1\":[\"474\",\"499\",\"3800\",\"473\"]}}},{\"id\":56985,\"key\":\"af_cp_sc_action_type_selection\",\"value\":[]},{\"id\":56986,\"key\":\"af_cp_selection_title_cb\",\"value\":{\"1\":\"yes\",\"2\":\"yes\",\"4\":\"yes\"}},{\"id\":56987,\"key\":\"af_cp_selection_desc_cb\",\"value\":{\"4\":\"yes\"}},{\"id\":56988,\"key\":\"af_cp_selection_thumbnail_cb\",\"value\":{\"4\":\"yes\"}},{\"id\":56989,\"key\":\"af_cp_selection_price_cb\",\"value\":{\"4\":\"yes\"}},{\"id\":56990,\"key\":\"af_cp_selection_stock_cb\",\"value\":{\"1\":\"yes\"}},{\"id\":56991,\"key\":\"af_cp_comp_adj_type\",\"value\":{\"1\":\"same_price\",\"2\":\"fixed_increase\",\"4\":\"fixed_increase\"}},{\"id\":56992,\"key\":\"af_cp_comp_adj_price_value\",\"value\":{\"1\":\"0\",\"2\":\"0\",\"4\":\"0\"}},{\"id\":56993,\"key\":\"af_composite_product_sorting_cb\",\"value\":[]},{\"id\":56994,\"key\":\"af_cp_enable_scenario_cb\",\"value\":{\"4\":\"yes\",\"5\":\"yes\",\"6\":\"yes\",\"7\":\"yes\",\"8\":\"yes\",\"9\":\"yes\"}},{\"id\":56995,\"key\":\"af_cp_sc_hide_comps\",\"value\":{\"4\":[\"4\"]}},{\"id\":57014,\"key\":\"_yoast_wpseo_primary_product_brand\",\"value\":\"\"},{\"id\":57015,\"key\":\"_yoast_wpseo_primary_product_cat\",\"value\":\"\"},{\"id\":57016,\"key\":\"_yoast_wpseo_content_score\",\"value\":\"90\"},{\"id\":57017,\"key\":\"_yoast_wpseo_focuskeywords\",\"value\":\"\"},{\"id\":57018,\"key\":\"_yoast_wpseo_keywordsynonyms\",\"value\":\"\"},{\"id\":57019,\"key\":\"_yoast_wpseo_estimated-reading-time-minutes\",\"value\":\"1\"},{\"id\":57322,\"key\":\"af_cp_shipping_page_type\",\"value\":\"composite\"},{\"id\":59003,\"key\":\"_yoast_indexnow_last_ping\",\"value\":\"1760471838\"},{\"id\":59004,\"key\":\"_wp_old_date\",\"value\":\"2025-09-03\"},{\"id\":70281,\"key\":\"_afcpb_components\",\"value\":{\"1\":{\"title\":\"Number of SKUs\",\"desc\":\"How many flower strains would you like to physically feature via jars in front of the display?\",\"required\":\"yes\",\"type\":\"simple\",\"products\":[\"474\",\"499\",\"3800\",\"473\",\"477\"],\"default_product\":\"474\",\"min_qty\":\"1\",\"max_qty\":\"1\"},\"2\":{\"title\":\"Build Strategy\",\"desc\":\"Choose your build approach - Custom Build for hardware-only or Pre-designed for complete bundles.\",\"required\":\"yes\",\"type\":\"simple\",\"products\":[\"4646\",\"4647\"],\"default_product\":\"4647\",\"min_qty\":\"1\",\"max_qty\":\"1\"},\"4\":{\"title\":\"Choose Your Complete Bundle\",\"desc\":\"Select your preferred flower station configuration with hardware and furniture included.\",\"required\":\"no\",\"type\":\"simple\",\"products\":[\"0\",\"3864\",\"3865\",\"3866\",\"3863\",\"3868\",\"3867\",\"2936\",\"2913\",\"2915\"],\"default_product\":\"3867\",\"min_qty\":\"1\",\"max_qty\":\"1\"}}},{\"id\":70282,\"key\":\"_afcpb_enable\",\"value\":\"yes\"},{\"id\":70283,\"key\":\"_afcpb_price_display\",\"value\":\"yes\"},{\"id\":70284,\"key\":\"_afcpb_total_price\",\"value\":\"0\"},{\"id\":70285,\"key\":\"_afcpb_min_price\",\"value\":\"0\"},{\"id\":70286,\"key\":\"_afcpb_max_price\",\"value\":\"0\"},{\"id\":70724,\"key\":\"_elementor_page_assets\",\"value\":[]}],\"stock_status\":\"instock\",\"has_options\":false,\"post_password\":\"\",\"global_unique_id\":\"\",\"yoast_head\":\"<!-- This site is optimized with the Yoast SEO Premium plugin v26.1 (Yoast SEO v26.1.1) - https:\\/\\/yoast.com\\/wordpress\\/plugins\\/seo\\/ -->\\n<!-- Admin only notice: this page does not show a meta description because it does not have one, either write it for this page specifically or go into the [Yoast SEO - Settings] menu and set up a template. -->\\n<meta name=\\\"robots\\\" content=\\\"index, follow, max-snippet:-1, max-image-preview:large, max-video-preview:-1\\\" \\/>\\n<link rel=\\\"canonical\\\" href=\\\"https:\\/\\/cannabis-kiosks.com\\/product\\/flower-station-configure-now\\/\\\" \\/>\\n<meta property=\\\"og:locale\\\" content=\\\"en_US\\\" \\/>\\n<meta property=\\\"og:type\\\" content=\\\"article\\\" \\/>\\n<meta property=\\\"og:title\\\" content=\\\"Flower Station \\u2013 Configure Now\\\" \\/>\\n<meta property=\\\"og:description\\\" content=\\\"This is a test description.\\\" \\/>\\n<meta property=\\\"og:url\\\" content=\\\"https:\\/\\/cannabis-kiosks.com\\/product\\/flower-station-configure-now\\/\\\" \\/>\\n<meta property=\\\"og:site_name\\\" content=\\\"The Peak Beyond\\\" \\/>\\n<meta property=\\\"article:publisher\\\" content=\\\"https:\\/\\/www.facebook.com\\/thepeakbeyond\\/\\\" \\/>\\n<meta property=\\\"article:modified_time\\\" content=\\\"2025-10-14T19:57:18+00:00\\\" \\/>\\n<meta property=\\\"og:image\\\" content=\\\"https:\\/\\/cannabis-kiosks.com\\/wp-content\\/uploads\\/2025\\/08\\/16-COUNT-JAR_Comp-fs-1.jpg\\\" \\/>\\n\\t<meta property=\\\"og:image:width\\\" content=\\\"2000\\\" \\/>\\n\\t<meta property=\\\"og:image:height\\\" content=\\\"2000\\\" \\/>\\n\\t<meta property=\\\"og:image:type\\\" content=\\\"image\\/jpeg\\\" \\/>\\n<meta name=\\\"twitter:card\\\" content=\\\"summary_large_image\\\" \\/>\\n<meta name=\\\"twitter:label1\\\" content=\\\"Est. reading time\\\" \\/>\\n\\t<meta name=\\\"twitter:data1\\\" content=\\\"1 minute\\\" \\/>\\n<script type=\\\"application\\/ld+json\\\" class=\\\"yoast-schema-graph\\\">{\\\"@context\\\":\\\"https:\\/\\/schema.org\\\",\\\"@graph\\\":[{\\\"@type\\\":\\\"WebPage\\\",\\\"@id\\\":\\\"https:\\/\\/cannabis-kiosks.com\\/product\\/flower-station-configure-now\\/\\\",\\\"url\\\":\\\"https:\\/\\/cannabis-kiosks.com\\/product\\/flower-station-configure-now\\/\\\",\\\"name\\\":\\\"Flower Station \\u2013 Configure Now | The Peak Beyond\\\",\\\"isPartOf\\\":{\\\"@id\\\":\\\"https:\\/\\/cannabis-kiosks.com\\/#website\\\"},\\\"datePublished\\\":\\\"2025-09-04T19:08:13+00:00\\\",\\\"dateModified\\\":\\\"2025-10-14T19:57:18+00:00\\\",\\\"breadcrumb\\\":{\\\"@id\\\":\\\"https:\\/\\/cannabis-kiosks.com\\/product\\/flower-station-configure-now\\/#breadcrumb\\\"},\\\"inLanguage\\\":\\\"en-US\\\",\\\"potentialAction\\\":[{\\\"@type\\\":\\\"ReadAction\\\",\\\"target\\\":[\\\"https:\\/\\/cannabis-kiosks.com\\/product\\/flower-station-configure-now\\/\\\"]}]},{\\\"@type\\\":\\\"BreadcrumbList\\\",\\\"@id\\\":\\\"https:\\/\\/cannabis-kiosks.com\\/product\\/flower-station-configure-now\\/#breadcrumb\\\",\\\"itemListElement\\\":[{\\\"@type\\\":\\\"ListItem\\\",\\\"position\\\":1,\\\"name\\\":\\\"Home\\\",\\\"item\\\":\\\"https:\\/\\/cannabis-kiosks.com\\/\\\"},{\\\"@type\\\":\\\"ListItem\\\",\\\"position\\\":2,\\\"name\\\":\\\"Flower Station \\u2013 Configure Now\\\"}]},{\\\"@type\\\":\\\"WebSite\\\",\\\"@id\\\":\\\"https:\\/\\/cannabis-kiosks.com\\/#website\\\",\\\"url\\\":\\\"https:\\/\\/cannabis-kiosks.com\\/\\\",\\\"name\\\":\\\"The Peak Beyond \\/ Cannabis Kiosks\\\",\\\"description\\\":\\\"Interactive shopping kiosks for cannabis retail\\\",\\\"publisher\\\":{\\\"@id\\\":\\\"https:\\/\\/cannabis-kiosks.com\\/#organization\\\"},\\\"potentialAction\\\":[{\\\"@type\\\":\\\"SearchAction\\\",\\\"target\\\":{\\\"@type\\\":\\\"EntryPoint\\\",\\\"urlTemplate\\\":\\\"https:\\/\\/cannabis-kiosks.com\\/?s={search_term_string}\\\"},\\\"query-input\\\":{\\\"@type\\\":\\\"PropertyValueSpecification\\\",\\\"valueRequired\\\":true,\\\"valueName\\\":\\\"search_term_string\\\"}}],\\\"inLanguage\\\":\\\"en-US\\\"},{\\\"@type\\\":\\\"Organization\\\",\\\"@id\\\":\\\"https:\\/\\/cannabis-kiosks.com\\/#organization\\\",\\\"name\\\":\\\"The Peak Beyond \\/ Cannabis Kiosks\\\",\\\"url\\\":\\\"https:\\/\\/cannabis-kiosks.com\\/\\\",\\\"logo\\\":{\\\"@type\\\":\\\"ImageObject\\\",\\\"inLanguage\\\":\\\"en-US\\\",\\\"@id\\\":\\\"https:\\/\\/cannabis-kiosks.com\\/#\\/schema\\/logo\\/image\\/\\\",\\\"url\\\":\\\"https:\\/\\/cannabis-kiosks.com\\/wp-content\\/uploads\\/2025\\/02\\/the-peak-beyond-logo-teal-and-black-icon-small.webp\\\",\\\"contentUrl\\\":\\\"https:\\/\\/cannabis-kiosks.com\\/wp-content\\/uploads\\/2025\\/02\\/the-peak-beyond-logo-teal-and-black-icon-small.webp\\\",\\\"width\\\":350,\\\"height\\\":342,\\\"caption\\\":\\\"The Peak Beyond \\/ Cannabis Kiosks\\\"},\\\"image\\\":{\\\"@id\\\":\\\"https:\\/\\/cannabis-kiosks.com\\/#\\/schema\\/logo\\/image\\/\\\"},\\\"sameAs\\\":[\\\"https:\\/\\/www.facebook.com\\/thepeakbeyond\\/\\\",\\\"https:\\/\\/www.instagram.com\\/thepeakbeyond\\/#\\\",\\\"https:\\/\\/www.linkedin.com\\/company\\/the-peak-beyond\\\"]}]}<\\/script>\\n<!-- \\/ Yoast SEO Premium plugin. -->\",\"yoast_head_json\":{\"robots\":{\"index\":\"index\",\"follow\":\"follow\",\"max-snippet\":\"max-snippet:-1\",\"max-image-preview\":\"max-image-preview:large\",\"max-video-preview\":\"max-video-preview:-1\"},\"canonical\":\"https:\\/\\/cannabis-kiosks.com\\/product\\/flower-station-configure-now\\/\",\"og_locale\":\"en_US\",\"og_type\":\"article\",\"og_title\":\"Flower Station \\u2013 Configure Now\",\"og_description\":\"This is a test description.\",\"og_url\":\"https:\\/\\/cannabis-kiosks.com\\/product\\/flower-station-configure-now\\/\",\"og_site_name\":\"The Peak Beyond\",\"article_publisher\":\"https:\\/\\/www.facebook.com\\/thepeakbeyond\\/\",\"article_modified_time\":\"2025-10-14T19:57:18+00:00\",\"og_image\":[{\"width\":2000,\"height\":2000,\"url\":\"https:\\/\\/cannabis-kiosks.com\\/wp-content\\/uploads\\/2025\\/08\\/16-COUNT-JAR_Comp-fs-1.jpg\",\"type\":\"image\\/jpeg\"}],\"twitter_card\":\"summary_large_image\",\"twitter_misc\":{\"Est. reading time\":\"1 minute\"},\"schema\":{\"@context\":\"https:\\/\\/schema.org\",\"@graph\":[{\"@type\":\"WebPage\",\"@id\":\"https:\\/\\/cannabis-kiosks.com\\/product\\/flower-station-configure-now\\/\",\"url\":\"https:\\/\\/cannabis-kiosks.com\\/product\\/flower-station-configure-now\\/\",\"name\":\"Flower Station \\u2013 Configure Now | The Peak Beyond\",\"isPartOf\":{\"@id\":\"https:\\/\\/cannabis-kiosks.com\\/#website\"},\"datePublished\":\"2025-09-04T19:08:13+00:00\",\"dateModified\":\"2025-10-14T19:57:18+00:00\",\"breadcrumb\":{\"@id\":\"https:\\/\\/cannabis-kiosks.com\\/product\\/flower-station-configure-now\\/#breadcrumb\"},\"inLanguage\":\"en-US\",\"potentialAction\":[{\"@type\":\"ReadAction\",\"target\":[\"https:\\/\\/cannabis-kiosks.com\\/product\\/flower-station-configure-now\\/\"]}]},{\"@type\":\"BreadcrumbList\",\"@id\":\"https:\\/\\/cannabis-kiosks.com\\/product\\/flower-station-configure-now\\/#breadcrumb\",\"itemListElement\":[{\"@type\":\"ListItem\",\"position\":1,\"name\":\"Home\",\"item\":\"https:\\/\\/cannabis-kiosks.com\\/\"},{\"@type\":\"ListItem\",\"position\":2,\"name\":\"Flower Station \\u2013 Configure Now\"}]},{\"@type\":\"WebSite\",\"@id\":\"https:\\/\\/cannabis-kiosks.com\\/#website\",\"url\":\"https:\\/\\/cannabis-kiosks.com\\/\",\"name\":\"The Peak Beyond \\/ Cannabis Kiosks\",\"description\":\"Interactive shopping kiosks for cannabis retail\",\"publisher\":{\"@id\":\"https:\\/\\/cannabis-kiosks.com\\/#organization\"},\"potentialAction\":[{\"@type\":\"SearchAction\",\"target\":{\"@type\":\"EntryPoint\",\"urlTemplate\":\"https:\\/\\/cannabis-kiosks.com\\/?s={search_term_string}\"},\"query-input\":{\"@type\":\"PropertyValueSpecification\",\"valueRequired\":true,\"valueName\":\"search_term_string\"}}],\"inLanguage\":\"en-US\"},{\"@type\":\"Organization\",\"@id\":\"https:\\/\\/cannabis-kiosks.com\\/#organization\",\"name\":\"The Peak Beyond \\/ Cannabis Kiosks\",\"url\":\"https:\\/\\/cannabis-kiosks.com\\/\",\"logo\":{\"@type\":\"ImageObject\",\"inLanguage\":\"en-US\",\"@id\":\"https:\\/\\/cannabis-kiosks.com\\/#\\/schema\\/logo\\/image\\/\",\"url\":\"https:\\/\\/cannabis-kiosks.com\\/wp-content\\/uploads\\/2025\\/02\\/the-peak-beyond-logo-teal-and-black-icon-small.webp\",\"contentUrl\":\"https:\\/\\/cannabis-kiosks.com\\/wp-content\\/uploads\\/2025\\/02\\/the-peak-beyond-logo-teal-and-black-icon-small.webp\",\"width\":350,\"height\":342,\"caption\":\"The Peak Beyond \\/ Cannabis Kiosks\"},\"image\":{\"@id\":\"https:\\/\\/cannabis-kiosks.com\\/#\\/schema\\/logo\\/image\\/\"},\"sameAs\":[\"https:\\/\\/www.facebook.com\\/thepeakbeyond\\/\",\"https:\\/\\/www.instagram.com\\/thepeakbeyond\\/#\",\"https:\\/\\/www.linkedin.com\\/company\\/the-peak-beyond\"]}]}},\"jetpack_sharing_enabled\":true,\"_links\":{\"self\":[{\"href\":\"https:\\/\\/cannabis-kiosks.com\\/wp-json\\/wc\\/v3\\/products\\/4607\",\"targetHints\":{\"allow\":[\"GET\",\"POST\",\"PUT\",\"PATCH\",\"DELETE\"]}}],\"collection\":[{\"href\":\"https:\\/\\/cannabis-kiosks.com\\/wp-json\\/wc\\/v3\\/products\"}]}}
            [Response] => Array
                (
                    [Code] => 200
                    [Message] => OK
                    [Headers] => WpOrg\Requests\Utility\CaseInsensitiveDictionary Object
                        (
                            [data:protected] => Array
                                (
                                    [date] => Tue, 14 Oct 2025 19:58:28 GMT
                                    [content-length] => 0
                                    [cf-ray] => 98e9a6d58c6ad50e-CDG
                                    [vary] => Origin
                                    [via] => 1.1 google
                                    [cf-cache-status] => DYNAMIC
                                    [strict-transport-security] => max-age=15552000
                                    [server] => cloudflare
                                )

                        )

                    [Body] => 
                )

        )

)
2025-10-14T20:17:41+00:00 INFO Array
(
    [Webhook Delivery] => Array
        (
            [Delivery ID] => 5a05350fa9809a4ff98a26893735c34e
            [Date] => Oct 14, 2025 @ 20:17
            [URL] => https://webhooks.automizely.com/aftership/woocommerce/order/v1
            [Duration] => 0.78596
            [Request] => Array
                (
                    [Method] => POST
                    [Headers] => Array
                        (
                            [User-Agent] => WooCommerce/10.2.2 Hookshot (WordPress/6.8.2)
                            [Content-Type] => application/json
                            [X-WC-Webhook-Source] => https://cannabis-kiosks.com/
                            [X-WC-Webhook-Topic] => order.updated
                            [X-WC-Webhook-Resource] => order
                            [X-WC-Webhook-Event] => updated
                            [X-WC-Webhook-Signature] => BppoPbDA1pN0lrLRKCkxIm9wUmYty6nkzM+NItE55Ws=
                            [X-WC-Webhook-ID] => 55
                            [X-WC-Webhook-Delivery-ID] => 5a05350fa9809a4ff98a26893735c34e
                        )

                )

            [Body] => {\"id\":3016,\"parent_id\":0,\"status\":\"pending\",\"currency\":\"USD\",\"version\":\"10.2.2\",\"prices_include_tax\":false,\"date_created\":\"2025-05-27T20:42:32\",\"date_modified\":\"2025-05-27T21:19:53\",\"discount_total\":\"716.00\",\"discount_tax\":\"53.70\",\"shipping_total\":\"1806.00\",\"shipping_tax\":\"0.00\",\"cart_tax\":\"653.93\",\"total\":\"11178.93\",\"total_tax\":\"653.93\",\"customer_id\":1,\"order_key\":\"wc_order_XfLuR0hXsGWr2\",\"billing\":{\"first_name\":\"Shivam Patel\",\"last_name\":\"\",\"company\":\"\",\"address_1\":\"\",\"address_2\":\"\",\"city\":\"\",\"state\":\"\",\"postcode\":\"\",\"country\":\"\",\"email\":\"jeff@thepeakbeyond.com\",\"phone\":\"\"},\"shipping\":{\"first_name\":\"\",\"last_name\":\"\",\"company\":\"\",\"address_1\":\"\",\"address_2\":\"\",\"city\":\"\",\"state\":\"\",\"postcode\":\"\",\"country\":\"\",\"phone\":\"\"},\"payment_method\":\"\",\"payment_method_title\":\"\",\"transaction_id\":\"\",\"customer_ip_address\":\"98.56.162.34\",\"customer_user_agent\":\"Mozilla\\/5.0 (Macintosh; Intel Mac OS X 10_15_7) AppleWebKit\\/537.36 (KHTML, like Gecko) Chrome\\/136.0.0.0 Safari\\/537.36\",\"created_via\":\"ywraq\",\"customer_note\":\"\",\"date_completed\":null,\"date_paid\":null,\"cart_hash\":\"\",\"number\":\"3016\",\"meta_data\":[{\"id\":31408,\"key\":\"ywraq_raq\",\"value\":\"yes\"},{\"id\":31410,\"key\":\"_current_user\",\"value\":\"1\"},{\"id\":31411,\"key\":\"ywraq_raq_status\",\"value\":\"accepted\"},{\"id\":31413,\"key\":\"_ywraq_version\",\"value\":\"4.33.0\"},{\"id\":31414,\"key\":\"_ywraq_pdf_crypt\",\"value\":\"yes\"},{\"id\":31415,\"key\":\"ywraq_customer_name\",\"value\":\"Shivam Patel\"},{\"id\":31416,\"key\":\"ywraq_customer_message\",\"value\":\"This is a test quote\"},{\"id\":31417,\"key\":\"ywraq_customer_email\",\"value\":\"jeff@thepeakbeyond.com\"},{\"id\":31418,\"key\":\"_raq_request\",\"value\":{\"first_name\":{\"id\":\"first_name\",\"type\":\"text\",\"label\":\"First Name\",\"connect_to_field\":\"\",\"value\":\"Shivam\"},\"last_name\":{\"id\":\"last_name\",\"type\":\"text\",\"label\":\"Last Name\",\"connect_to_field\":\"\",\"value\":\"Patel\"},\"email\":{\"id\":\"email\",\"type\":\"email\",\"label\":\"Email\",\"connect_to_field\":\"\",\"value\":\"jeff@thepeakbeyond.com\"},\"message\":{\"id\":\"message\",\"type\":\"textarea\",\"label\":\"Message\",\"connect_to_field\":\"\",\"value\":\"This is a test quote\"},\"location_name\":{\"id\":\"location_name\",\"type\":\"text\",\"label\":\"Location Name\",\"connect_to_field\":\"\",\"value\":\"Newburgh\"},\"social_equity\":{\"id\":\"social_equity\",\"type\":\"radio\",\"label\":\"Are you a social equity license holder?\",\"connect_to_field\":\"\",\"value\":\"Yes\"},\"customer_id\":1,\"raq_content\":{\"bc99aa09629bfa56cf9ac3de4b3961d7\":{\"product_id\":\"452\",\"variation_id\":\"871\",\"quantity\":\"4\",\"variations\":{\"attribute_pa_remedy-finish\":\"black-acrylic\"}}},\"sent_from_cart\":false,\"user_name\":\"Shivam Patel\",\"user_email\":\"jeff@thepeakbeyond.com\",\"user_message\":\"This is a test quote\"}},{\"id\":31419,\"key\":\"ywraq_other_email_fields\",\"value\":{\"Location Name\":\"Newburgh\",\"Are you a social equity license holder?\":\"Yes\"}},{\"id\":31420,\"key\":\"ywraq_other_email_content\",\"value\":\"<strong>Location Name<\\/strong>: Newburgh<br><strong>Are you a social equity license holder?<\\/strong>: Yes<br>\"},{\"id\":31425,\"key\":\"ac_order_last_synced_time\",\"value\":\"1748380871\"},{\"id\":31426,\"key\":\"ac_datahash\",\"value\":\"420c55d6ad793db0af249219710eb195\"},{\"id\":31436,\"key\":\"_aftership_migrated\",\"value\":\"ok\"},{\"id\":31437,\"key\":\"_ywraq_enable_custom_text\",\"value\":\"no\"},{\"id\":31438,\"key\":\"_ywcm_request_response\",\"value\":\"\"},{\"id\":31439,\"key\":\"_ywraq_request_response_after\",\"value\":\"\"},{\"id\":31440,\"key\":\"_ywraq_optional_attachment\",\"value\":\"\"},{\"id\":31441,\"key\":\"_ywraq_enable_expiry_date\",\"value\":\"no\"},{\"id\":31442,\"key\":\"_ywraq_request_my_account_admin_message\",\"value\":\"Please review the quote and accept if you are ready to move forward with payment.\"},{\"id\":31443,\"key\":\"_ywraq_override_quote_payment_options\",\"value\":\"no\"},{\"id\":31444,\"key\":\"_ywraq_pay_quote_now\",\"value\":\"no\"},{\"id\":31445,\"key\":\"_ywraq_checkout_info\",\"value\":\"-\"},{\"id\":31446,\"key\":\"_ywraq_disable_shipping_method\",\"value\":\"1\"},{\"id\":31447,\"key\":\"_ywraq_lock_editing\",\"value\":\"no\"},{\"id\":31448,\"key\":\"_ywraq_safe_submit_field\",\"value\":\"send_quote\"},{\"id\":31449,\"key\":\"_ywraq_email_preview\",\"value\":{\"email\":\"jeff@thepeakbeyond.com\"}},{\"id\":31462,\"key\":\"_ywcm_request_expire\",\"value\":\"\"},{\"id\":31464,\"key\":\"_ywraq_author\",\"value\":\"1\"},{\"id\":31465,\"key\":\"ywraq_pending_status_date\",\"value\":\"2025-05-27\"},{\"id\":31466,\"key\":\"ywraq_status\",\"value\":\"pending\"},{\"id\":31484,\"key\":\"ac_last_synced_status\",\"value\":\"pending\"},{\"id\":31485,\"key\":\"activecampaign_for_woocommerce_external_checkout_id\",\"value\":\"f1cabe548c7759e6dcdbd7ec19f37abe\"}],\"line_items\":[{\"id\":70,\"name\":\"Counter-top flower display with 8 featured products - Black Acrylic\",\"product_id\":452,\"variation_id\":871,\"quantity\":4,\"tax_class\":\"\",\"subtotal\":\"8600.00\",\"subtotal_tax\":\"645.00\",\"total\":\"8134.00\",\"total_tax\":\"610.05\",\"taxes\":[{\"id\":1,\"total\":\"610.05\",\"subtotal\":\"645.00\"}],\"meta_data\":[{\"id\":569,\"key\":\"pa_remedy-finish\",\"value\":\"black-acrylic\",\"display_key\":\"pa_remedy-finish\",\"display_value\":\"black-acrylic\"}],\"sku\":\"\",\"global_unique_id\":\"\",\"price\":2033.5,\"image\":{\"id\":865,\"src\":\"https:\\/\\/cannabis-kiosks.com\\/wp-content\\/uploads\\/2025\\/02\\/1400x1400-2.jpg\"},\"parent_name\":\"Counter-top flower display with 8 featured products\"},{\"id\":75,\"name\":\"Service -- Display Installation\",\"product_id\":372,\"variation_id\":0,\"quantity\":4,\"tax_class\":\"\",\"subtotal\":\"600.00\",\"subtotal_tax\":\"45.00\",\"total\":\"350.00\",\"total_tax\":\"26.25\",\"taxes\":[{\"id\":1,\"total\":\"26.25\",\"subtotal\":\"45.00\"}],\"meta_data\":[],\"sku\":\"\",\"global_unique_id\":\"\",\"price\":87.5,\"image\":{\"id\":\"\",\"src\":\"\"},\"parent_name\":null}],\"tax_lines\":[{\"id\":71,\"rate_code\":\"US-CA-US-CA-NEVADA COUNTY-GRASS VALLEY TAX-1\",\"rate_id\":1,\"label\":\"US-CA-NEVADA COUNTY-GRASS VALLEY Tax\",\"compound\":false,\"tax_total\":\"653.93\",\"shipping_tax_total\":\"0.00\",\"rate_percent\":7.5,\"meta_data\":[]}],\"shipping_lines\":[{\"id\":72,\"method_title\":\"Shipping\",\"method_id\":\"\",\"instance_id\":\"0\",\"total\":\"1806.00\",\"total_tax\":\"0.00\",\"taxes\":[],\"tax_status\":\"taxable\",\"meta_data\":[]}],\"fee_lines\":[{\"id\":74,\"name\":\"Monthly software license fee\",\"tax_class\":\"\",\"tax_status\":\"taxable\",\"amount\":\"235\",\"total\":\"235.00\",\"total_tax\":\"17.63\",\"taxes\":[{\"id\":1,\"total\":\"17.63\",\"subtotal\":\"\"}],\"meta_data\":[]}],\"coupon_lines\":[],\"refunds\":[],\"payment_url\":\"https:\\/\\/cannabis-kiosks.com\\/checkout\\/order-pay\\/3016\\/?pay_for_order=true&key=wc_order_XfLuR0hXsGWr2\",\"is_editable\":true,\"needs_payment\":true,\"needs_processing\":true,\"date_created_gmt\":\"2025-05-27T20:42:32\",\"date_modified_gmt\":\"2025-05-27T21:19:53\",\"date_completed_gmt\":null,\"date_paid_gmt\":null,\"currency_symbol\":\"$\",\"_links\":{\"self\":[{\"href\":\"https:\\/\\/cannabis-kiosks.com\\/wp-json\\/wc\\/v3\\/orders\\/3016\",\"targetHints\":{\"allow\":[\"GET\",\"POST\",\"PUT\",\"PATCH\",\"DELETE\"]}}],\"collection\":[{\"href\":\"https:\\/\\/cannabis-kiosks.com\\/wp-json\\/wc\\/v3\\/orders\"}],\"email_templates\":[{\"embeddable\":true,\"href\":\"https:\\/\\/cannabis-kiosks.com\\/wp-json\\/wc\\/v3\\/orders\\/3016\\/actions\\/email_templates\"}],\"customer\":[{\"href\":\"https:\\/\\/cannabis-kiosks.com\\/wp-json\\/wc\\/v3\\/customers\\/1\"}]}}
            [Response] => Array
                (
                    [Code] => 200
                    [Message] => OK
                    [Headers] => WpOrg\Requests\Utility\CaseInsensitiveDictionary Object
                        (
                            [data:protected] => Array
                                (
                                    [date] => Tue, 14 Oct 2025 20:17:41 GMT
                                    [content-length] => 0
                                    [cf-ray] => 98e9c2f92f430d9a-CDG
                                    [vary] => Origin
                                    [via] => 1.1 google
                                    [cf-cache-status] => DYNAMIC
                                    [strict-transport-security] => max-age=15552000
                                    [server] => cloudflare
                                )

                        )

                    [Body] => 
                )

        )

)
2025-10-14T21:05:18+00:00 INFO Array
(
    [Webhook Delivery] => Array
        (
            [Delivery ID] => 287db8992be4f8513a1282f2f508b5b5
            [Date] => Oct 14, 2025 @ 21:05
            [URL] => https://webhooks.automizely.com/aftership/woocommerce/product/v1
            [Duration] => 0.58137
            [Request] => Array
                (
                    [Method] => POST
                    [Headers] => Array
                        (
                            [User-Agent] => WooCommerce/10.2.2 Hookshot (WordPress/6.8.2)
                            [Content-Type] => application/json
                            [X-WC-Webhook-Source] => https://cannabis-kiosks.com/
                            [X-WC-Webhook-Topic] => product.updated
                            [X-WC-Webhook-Resource] => product
                            [X-WC-Webhook-Event] => updated
                            [X-WC-Webhook-Signature] => UW1YYsO7a/+txFMjkEhK28wav8xl/RslVTTjHQpOBQo=
                            [X-WC-Webhook-ID] => 58
                            [X-WC-Webhook-Delivery-ID] => 287db8992be4f8513a1282f2f508b5b5
                        )

                )

            [Body] => {\"id\":4607,\"name\":\"Flower Station \\u2013 Configure Now\",\"slug\":\"flower-station-configure-now\",\"permalink\":\"https:\\/\\/cannabis-kiosks.com\\/product\\/flower-station-configure-now\\/\",\"date_created\":\"2025-09-04T19:08:13\",\"date_created_gmt\":\"2025-09-04T19:08:13\",\"date_modified\":\"2025-10-14T21:03:07\",\"date_modified_gmt\":\"2025-10-14T21:03:07\",\"type\":\"af_composite_product\",\"status\":\"publish\",\"featured\":false,\"catalog_visibility\":\"visible\",\"description\":\"<p>Configure your Flower Station hardware to match your store\\u2019s needs. Adjust SKUs, mounting, and finishes.<\\/p>\\n\",\"short_description\":\"<p>This is a test description.<\\/p>\\n\",\"sku\":\"flower-station-base\",\"price\":\"0\",\"regular_price\":\"0\",\"sale_price\":\"\",\"date_on_sale_from\":null,\"date_on_sale_from_gmt\":null,\"date_on_sale_to\":null,\"date_on_sale_to_gmt\":null,\"on_sale\":false,\"purchasable\":true,\"total_sales\":0,\"virtual\":false,\"downloadable\":false,\"downloads\":[],\"download_limit\":-1,\"download_expiry\":-1,\"external_url\":\"\",\"button_text\":\"\",\"tax_status\":\"taxable\",\"tax_class\":\"\",\"manage_stock\":false,\"stock_quantity\":null,\"backorders\":\"no\",\"backorders_allowed\":false,\"backordered\":false,\"low_stock_amount\":null,\"sold_individually\":false,\"weight\":\"\",\"dimensions\":{\"length\":\"\",\"width\":\"\",\"height\":\"\"},\"shipping_required\":true,\"shipping_taxable\":true,\"shipping_class\":\"\",\"shipping_class_id\":0,\"reviews_allowed\":false,\"average_rating\":\"0.00\",\"rating_count\":0,\"upsell_ids\":[],\"cross_sell_ids\":[],\"parent_id\":0,\"purchase_note\":\"\",\"categories\":[{\"id\":20,\"name\":\"All Products\",\"slug\":\"all-products\"}],\"brands\":[],\"tags\":[],\"images\":[{\"id\":4816,\"date_created\":\"2025-10-10T19:38:59\",\"date_created_gmt\":\"2025-10-10T19:38:59\",\"date_modified\":\"2025-10-10T19:38:59\",\"date_modified_gmt\":\"2025-10-10T19:38:59\",\"src\":\"https:\\/\\/cannabis-kiosks.com\\/wp-content\\/uploads\\/2025\\/10\\/post-it-notes2-1.png\",\"name\":\"post-it-notes2\",\"alt\":\"\",\"srcset\":\"https:\\/\\/i0.wp.com\\/cannabis-kiosks.com\\/wp-content\\/uploads\\/2025\\/10\\/post-it-notes2-1.png?w=1768&ssl=1 1768w, https:\\/\\/i0.wp.com\\/cannabis-kiosks.com\\/wp-content\\/uploads\\/2025\\/10\\/post-it-notes2-1.png?resize=300%2C137&ssl=1 300w, https:\\/\\/i0.wp.com\\/cannabis-kiosks.com\\/wp-content\\/uploads\\/2025\\/10\\/post-it-notes2-1.png?resize=1024%2C466&ssl=1 1024w, https:\\/\\/i0.wp.com\\/cannabis-kiosks.com\\/wp-content\\/uploads\\/2025\\/10\\/post-it-notes2-1.png?resize=768%2C350&ssl=1 768w, https:\\/\\/i0.wp.com\\/cannabis-kiosks.com\\/wp-content\\/uploads\\/2025\\/10\\/post-it-notes2-1.png?resize=1536%2C699&ssl=1 1536w, https:\\/\\/i0.wp.com\\/cannabis-kiosks.com\\/wp-content\\/uploads\\/2025\\/10\\/post-it-notes2-1.png?resize=200%2C91&ssl=1 200w\",\"sizes\":\"(max-width: 1768px) 100vw, 1768px\",\"thumbnail\":\"https:\\/\\/cannabis-kiosks.com\\/wp-content\\/uploads\\/2025\\/10\\/post-it-notes2-1-200x200.png\"}],\"attributes\":[],\"default_attributes\":[],\"variations\":[],\"grouped_products\":[],\"menu_order\":0,\"price_html\":\"<span class=\\\"woocommerce-Price-amount amount\\\"><bdi><span class=\\\"woocommerce-Price-currencySymbol\\\">&#36;<\\/span>0.00<\\/bdi><\\/span>\",\"related_ids\":[483,475,477,473,440],\"meta_data\":[{\"id\":56943,\"key\":\"af_comp_product_layout\",\"value\":\"vertical\"},{\"id\":56944,\"key\":\"af_comp_product_adj_min_qty\",\"value\":\"1\"},{\"id\":56945,\"key\":\"af_comp_product_adj_step_qty\",\"value\":\"1\"},{\"id\":56948,\"key\":\"af_comp_product_price_type\",\"value\":\"calculated_price\"},{\"id\":56949,\"key\":\"af_cp_form_location\",\"value\":\"after_sum\"},{\"id\":56950,\"key\":\"af_comp_product_price_adjustment\",\"value\":\"ignore\"},{\"id\":56951,\"key\":\"af_comp_product_adj_value\",\"value\":\"\"},{\"id\":56952,\"key\":\"af_comp_product_adj_max_qty\",\"value\":\"\"},{\"id\":56953,\"key\":\"af_comp_product_text\",\"value\":\"Choose SKUs, Mount, and Finish.\"},{\"id\":56954,\"key\":\"af_cp_allow_edit_in_cart\",\"value\":\"no\"},{\"id\":56955,\"key\":\"af_comp_product_component_name\",\"value\":{\"1\":\"Number of SKUs\",\"2\":\"Build Strategy\",\"4\":\"Choose Your Complete Bundle\"}},{\"id\":56956,\"key\":\"af_comp_product_component_image\",\"value\":{\"1\":\"\",\"2\":\"\",\"4\":\"\"}},{\"id\":56957,\"key\":\"af_comp_product_component_desc\",\"value\":{\"1\":\"How many flower strains would you like to physically feature via jars in front of the display?\",\"2\":\"Choose your build approach - Custom Build for hardware-only or Pre-designed for complete bundles.\",\"4\":\"Select your preferred flower station configuration with hardware and furniture included.\"}},{\"id\":56958,\"key\":\"af_composite_product_all_products\",\"value\":{\"1\":[\"474\",\"499\",\"3800\",\"473\",\"477\"],\"2\":[\"4646\",\"4647\"],\"4\":[\"3867\",\"3868\",\"3866\",\"3865\",\"3864\",\"3863\",\"2936\",\"2915\",\"2913\"]}},{\"id\":56959,\"key\":\"af_composite_product_categories\",\"value\":[]},{\"id\":56960,\"key\":\"af_composite_product_tags\",\"value\":[]},{\"id\":56961,\"key\":\"af_composite_product_default_product\",\"value\":{\"1\":\"474\",\"2\":\"4647\",\"4\":\"3867\"}},{\"id\":56962,\"key\":\"af_composite_product_required_component\",\"value\":{\"1\":\"yes\",\"2\":\"yes\"}},{\"id\":56963,\"key\":\"af_composite_product_quantity_op\",\"value\":{\"1\":\"fixed\",\"2\":\"fixed\",\"4\":\"fixed\"}},{\"id\":56964,\"key\":\"af_composite_product_fixed_qty\",\"value\":{\"1\":\"1\",\"2\":\"1\",\"4\":\"1\"}},{\"id\":56965,\"key\":\"af_composite_product_min_qty\",\"value\":{\"1\":\"1\",\"2\":\"1\",\"4\":\"1\"}},{\"id\":56966,\"key\":\"af_composite_product_max_qty\",\"value\":{\"1\":\"\",\"2\":\"\",\"4\":\"\"}},{\"id\":56967,\"key\":\"af_composite_product_component_style\",\"value\":{\"1\":\"simple\",\"2\":\"radio\",\"4\":\"radio\"}},{\"id\":56968,\"key\":\"af_composite_product_price_style\",\"value\":{\"1\":\"hide\",\"2\":\"hide\",\"4\":\"hide\"}},{\"id\":56969,\"key\":\"af_composite_product_stock_cb\",\"value\":{\"1\":\"hide\",\"2\":\"hide\",\"4\":\"hide\"}},{\"id\":56970,\"key\":\"af_composite_product_order\",\"value\":{\"1\":\"price\",\"2\":\"name\",\"4\":\"name\"}},{\"id\":56971,\"key\":\"af_composite_product_type\",\"value\":{\"1\":\"asc\",\"2\":\"asc\",\"4\":\"asc\"}},{\"id\":56972,\"key\":\"af_composite_product_exclusive_cb\",\"value\":[]},{\"id\":56973,\"key\":\"af_comp_product_scenario_name\",\"value\":{\"4\":\"Custom Build Flow\",\"5\":\"8 SKU Pre-designed Flow\",\"6\":\"16 SKU Pre-designed Flow\",\"7\":\"10 SKU Pre-designed Flow\",\"8\":\"12 SKU Pre-designed Flow\",\"9\":\"20 SKU Pre-designed Flow\"}},{\"id\":56974,\"key\":\"af_comp_product_scenario_desc\",\"value\":{\"4\":\"\\t\\t\\t\\t\\t\\t\\t\\t\\t\\t\\t\\t\\t\\t\\t\\t\\t\\t\\t\\t\\t\\t\\t\\t\\t\\t\\t\\t\\t\\t\\t\\t\\t\\t\\t\\t\\t\\t\\t\\t\\t\\t\\t\\t\\t\\t\\t\\t\\t\\t\\t\\t\\t\\t\\t\\t\\t\\t\\t\\t\\t\\t\\t\\t\\t\\t\\t\\t\\t\\t\\t\\t\\t\\t\\t\\t\\t\\t\\t\\t\\t\\t\\t\\t\\t\\t\\t\\t\\t\\t\\t\\t\\t\\t\\t\\t\\t\\t\\t\\t\\t\\t\\t\\t\\t\\t\\t\\t\\t\\t\\t\\t\\t\\t\\t\\t\\t\\t\\t\\t\\t\\t\\t\\t\\t\\t\\t\\t\\t\\t\\t\\t\\t\\t\\t\\t\\t\\t\\t\\t\\t\\t\\t\\t\\t\\t\\t\\t\\t\\t\\t\\t\\t\\t\\t\\t\\t\\t\\t\\t\\t\\t\\t\\t\\t\\t\\t\\t\\t\\t\\t\\t\\t\\t\\t\\t\\t\\t\\t\\t\\t\\t\\t\\t\\t\\t\\t\\t\\t\\t\\t\\t\\t\\t\\t\\t\\t\\t\\t\\t\\t\\t\\t\\t\\t\\t\\t\\t\\t\\t\\t\\t\\t\\t\\t\\t\\t\\t\\t\\t\\t\\t\\t\\t\\t\\t\\t\\t\\t\\t\\t\\t\\t\\t\\t\\t\\t\\t\\t\\t\\t\\t\\t\\t\\t\\t\\t\\t\\t\\t\\t\\t\\t\\t\\t\\t\\t\\t\\t\\t\\t\\t\\t\\t\\t\\t\\t\\t\\t\\t\\t\\t\\t\\t\\t\\t\\t\\t\\t\\t\\t\\t\\t\\t\\t\\t\\t\\t\\t\\t\\t\\t\\t\\t\\t\\t\\t\\t\\t\\t\\t\\t\\t\\t\\t\\t\\t\\t\\t\\t\\t\\t\\t\\t\\t\\t\\t\\t\\t\\t\\t\\t\\t\\t\\t\\t\\t\\t\\t\\t\\t\\t\\t\\t\\t\\t\\t\\t\\t\\t\\t\\t\\t\\t\\t\\t\\t\\t\\t\\t\\t\\t\\t\\t\\t\\t\\t\\t\\t\\t\\t\\t\\t\\t\\t\\t\\t\\t\\t\\t\\t\\t\\t\\t\\t\\t\\t\\t\\t\\t\\t\\t\\t\\t\\t\\t\\t\\t\\t\\t\\t\\t\\t\\t\\t\\t\\t\\t\\t\\t\\t\\t\\t\\t\\t\\t\\t\\t\\t\\t\\t\\t\\t\\t\\t\\t\\t\\t\\t\\t\\t\\t\\t\\t\\t\\t\\t\\t\\t\\t\\t\\t\\t\\t\\t\\t\\t\\t\\t\\t\\t\\t\\t\\t\\t\\t\\t\\t\\t\\t\\t\\t\\t\\t\\t\\t\\t\\t\\t\\t\\t\\t\\t\\t\\t\\t\\t\\t\\t\\t\\t\\t\\t\\t\\t\\t\\t\\t\\t\\t\\t\\t\\t\\t\\t\\t\\t\\t\\t\\t\\t\\t\\t\\t\\t\\t\\t\\t\\t\\t\\t\\t\\t\\t\\t\\t\\t\\t\\t\\t\\t\\t\\t\\t\\t\\t\\t\\t\\t\\t\\t\\t\\t\\t\\t\\t\\t\\t\\t\\t\\t\\t\\t\\t\\t\\t\\t\\t\\t\\t\\t\\t\\t\\t\\t\\t\\t\\t\\t\\t\\t\\t\\t\\t\\t\\t\\t\\t\\t\\t\\t\\t\\t\\t\\t\\t\\t\\t\\t\\t\\t\\t\\t\\t\\t\\t\\t\\t\\t\\t\\t\\t\\t\\t\\t\\t\\t\\t\\t\\t\\t\\t\\t\\t\\t\\t\\t\\t\\t\\t\\t\\t\\t\\t\\t\\t\\t\\t\\t\\t\\t\\t\\t\\t\\t\\t\\t\\t\\t\\t\\t\\t\\t\\t\\t\\t\\t\\t\\t\\t\\t\\t\\t\\t\\t\\t\\t\\t\\t\\t\\t\\t\\t\\t\\t\\t\\t\\t\\t\\t\\t\\t\\t\\t\\t\\t\\t\\t\\t\\t\\t\\t\\t\\t\\t\\t\\t\\t\\t\\t\\t\\t\\t\\t\\t\\t\\t\\t\\t\\t\\t\\t\\t\\t\\t\\t\\t\\t\\t\\t\\t\\t\\t\\t\\t\\t\\t\\t\\t\\t\\t\\t\\t\\t\\t\\t\\t\\t\\t\\t\\t\\t\\t\\t\\t\\t\\t\\t\\t\\t\\t\\t\\t\\t\\t\\t\\t\\t\\t\\t\\t\\t\\t\\t\\t\\t\\t\\t\\t\\t\\t\\t\\t\\t\\t\\t\\t\\t\\t\\t\\t\\t\\t\\t\\t\\t\\t\\t\\t\\t\\t\\t\\t\\t\\t\\t\\t\\t\\t\\t\\t\\t\\t\\t\\t\\t\\t\\t\\t\\t\\t\\t\\t\\t\\t\\t\\t\\t\\t\\t\\t\\t\\t\\t\\t\\t\\t\\t\\t\\t\\t\\t\\t\\t\\t\\t\\t\\t\\t\\t\\t\\t\\t\\t\\t\\t\\t\\t\\t\\t\\t\\t\\t\\t\\t\\t\\t\\t\\t\\t\\t\\t\\t\\t\\t\\t\\t\\t\\t\\t\\t\\t\\t\\t\\t\\t\\t\\t\\t\\t\\t\\t\\t\\t\\t\\t\\t\\t\\t\\t\\t\\t\\t\\t\\t\\t\\t\\t\\t\\t\\t\\t\\t\\t\\t\\t\\t\\t\\t\\t\\t\\t\\t\\t\\t\\t\\t\\t\\t\\t\\t\\t\\t\\t\\t\\t\\t\\t\\t\\t\\t\\t\\t\\t\\t\\t\\t\\t\\t\\t\\t\\t\\t\\t\\t\\t\\t\\t\\t\\t\\t\\t\\t\\t\\t\\t\\t\\t\\t\\t\\t\\t\\t\\t\\t\\t\\t\\t\\t\\t\\t\\t\\t\\t\\t\\t\\t\\t\\t\\t\\t\\t\\t\\t\\t\\t\\t\\t\\t\\t\\t\\t\\t\\t\\t\\t\\t\\t\\t\\t\\t\\t\\t\\t\\t\\t\\t\\t\\t\\t\\t\\t\\t\\t\\t\\t\\t\\t\\t\\t\\t\\t\\t\\t\\t\\t\\t\\t\\t\\t\\t\\t\\t\\t\\t\\t\\t\\t\\t\\t\\t\\t\\t\\t\\t\\t\\t\\t\\t\\t\\t\\t\\t\\t\\t\\t\\t\\t\\t\\t\\t\\t\\t\\t\\t\\t\\t\\t\\t\\t\\t\\t\\t\\t\\t\\t\\t\\t\\t\\t\\t\\t\\t\\t\\t\\t\\t\\t\\t\\t\\t\\t\\t\\t\\t\\t\\t\\t\\t\\t\\t\\t\\t\\t\\t\\t\\t\\t\\t\\t\\t\\t\\t\\t\\t\\t\\t\\t\\t\\t\\t\\t\\t\\t\\t\\t\\t\\t\\t\\t\\t\\t\\t\\t\\t\\t\\t\\t\\t\\t\\t\\t\\t\\t\\t\\t\\t\\t\\t\\t\\t\\t\\t\\t\\t\\t\\t\\t\\t\\t\\t\\t\\t\\t\\t\\t\\t\\t\\t\\t\\t\\t\\t\\t\\t\\t\\t\\t\\t\\t\\t\\t\\t\\t\\t\\t\\t\\t\\t\\tHide complete bundle selection when Custom Build is chosen\\t\\t\\t\\t\\t\\t\\t\\t\\t\\t\\t\\t\\t\\t\\t\\t\\t\\t\\t\\t\\t\\t\\t\\t\\t\\t\\t\\t\\t\\t\\t\\t\\t\\t\\t\\t\\t\\t\\t\\t\\t\\t\\t\\t\\t\\t\\t\\t\\t\\t\\t\\t\\t\\t\\t\\t\\t\\t\\t\\t\\t\\t\\t\\t\\t\\t\\t\\t\\t\\t\\t\\t\\t\\t\\t\\t\\t\\t\\t\\t\\t\\t\\t\\t\\t\\t\\t\\t\\t\\t\\t\\t\\t\\t\\t\\t\\t\\t\\t\\t\\t\\t\\t\\t\\t\\t\\t\\t\\t\\t\\t\\t\\t\\t\\t\\t\\t\\t\\t\\t\\t\\t\\t\\t\\t\\t\\t\\t\\t\\t\\t\\t\\t\\t\\t\\t\\t\\t\\t\\t\\t\\t\\t\\t\\t\\t\\t\\t\\t\\t\\t\\t\\t\\t\\t\\t\\t\\t\\t\\t\\t\\t\\t\\t\\t\\t\\t\\t\\t\\t\\t\\t\\t\\t\\t\\t\\t\\t\\t\\t\\t\\t\\t\\t\\t\\t\\t\\t\\t\\t\\t\\t\\t\\t\\t\\t\\t\\t\\t\\t\\t\\t\\t\\t\\t\\t\\t\\t\\t\\t\\t\\t\\t\\t\\t\\t\\t\\t\\t\\t\\t\\t\\t\\t\\t\\t\\t\\t\\t\\t\\t\\t\\t\\t\\t\\t\\t\\t\\t\\t\\t\\t\\t\\t\\t\\t\\t\\t\\t\\t\\t\\t\\t\\t\\t\\t\\t\\t\\t\\t\\t\\t\\t\\t\\t\\t\\t\\t\\t\\t\\t\\t\\t\\t\\t\\t\\t\\t\\t\\t\\t\\t\\t\\t\\t\\t\\t\\t\\t\\t\\t\\t\\t\\t\\t\\t\\t\\t\\t\\t\\t\\t\\t\\t\\t\\t\\t\\t\\t\\t\\t\\t\\t\\t\\t\\t\\t\\t\\t\\t\\t\\t\\t\\t\\t\\t\\t\\t\\t\\t\\t\\t\\t\\t\\t\\t\\t\\t\\t\\t\\t\\t\\t\\t\\t\\t\\t\\t\\t\\t\\t\\t\\t\\t\\t\\t\\t\\t\\t\\t\\t\\t\\t\\t\\t\\t\\t\\t\\t\\t\\t\\t\\t\\t\\t\\t\\t\\t\\t\\t\\t\\t\\t\\t\\t\\t\\t\\t\\t\\t\\t\\t\\t\\t\\t\\t\\t\\t\\t\\t\",\"5\":\"\\t\\t\\t\\t\\t\\t\\t\\t\\t\\t\\t\\t\\t\\t\\t\\t\\t\\t\\t\\t\\t\\t\\t\\t\\t\\t\\t\\t\\t\\t\\t\\t\\t\\t\\t\\t\\t\\t\\t\\t\\t\\t\\t\\t\\t\\t\\t\\t\\t\\t\\t\\t\\t\\t\\t\\t\\t\\t\\t\\t\\t\\t\\t\\t\\t\\t\\t\\t\\t\\t\\t\\t\\t\\t\\t\\t\\t\\t\\t\\t\\t\\t\\t\\t\\t\\t\\t\\t\\t\\t\\t\\t\\t\\t\\t\\t\\t\\t\\t\\t\\t\\t\\t\\t\\t\\t\\t\\t\\t\\t\\t\\t\\t\\t\\t\\t\\t\\t\\t\\t\\t\\t\\t\\t\\t\\t\\t\\t\\t\\t\\t\\t\\t\\t\\t\\t\\t\\t\\t\\t\\t\\t\\t\\t\\t\\t\\t\\t\\t\\t\\t\\t\\t\\t\\t\\t\\t\\t\\t\\t\\t\\t\\t\\t\\t\\t\\t\\t\\t\\t\\t\\t\\t\\t\\t\\t\\t\\t\\t\\t\\t\\t\\t\\t\\t\\t\\t\\t\\t\\t\\t\\t\\t\\t\\t\\t\\t\\t\\t\\t\\t\\t\\t\\t\\t\\t\\t\\t\\t\\t\\t\\t\\t\\t\\t\\t\\t\\t\\t\\t\\t\\t\\t\\t\\t\\t\\t\\t\\t\\t\\t\\t\\t\\t\\t\\t\\t\\t\\t\\t\\t\\t\\t\\t\\t\\t\\t\\t\\t\\t\\t\\t\\t\\t\\t\\t\\t\\t\\t\\t\\t\\t\\t\\t\\t\\t\\t\\t\\t\\t\\t\\t\\t\\t\\t\\t\\t\\t\\t\\t\\t\\t\\t\\t\\t\\t\\t\\t\\t\\t\\t\\t\\t\\t\\t\\t\\t\\t\\t\\t\\t\\t\\t\\t\\t\\t\\t\\t\\t\\t\\t\\t\\t\\t\\t\\t\\t\\t\\t\\t\\t\\t\\t\\t\\t\\t\\t\\t\\t\\t\\t\\t\\t\\t\\t\\t\\t\\t\\t\\t\\t\\t\\t\\t\\t\\t\\t\\t\\t\\t\\t\\t\\t\\t\\t\\t\\t\\t\\t\\t\\t\\t\\t\\t\\t\\t\\t\\t\\t\\t\\t\\t\\t\\t\\t\\t\\t\\t\\t\\t\\t\\t\\t\\t\\t\\t\\t\\t\\t\\t\\t\\t\\t\\t\\t\\t\\t\\tShow only 8 SKU bundles when 8 SKU + Pre-designed is selected\\t\\t\\t\\t\\t\\t\\t\\t\\t\\t\\t\\t\\t\\t\\t\\t\\t\\t\\t\\t\\t\\t\\t\\t\\t\\t\\t\\t\\t\\t\\t\\t\\t\\t\\t\\t\\t\\t\\t\\t\\t\\t\\t\\t\\t\\t\\t\\t\\t\\t\\t\\t\\t\\t\\t\\t\\t\\t\\t\\t\\t\\t\\t\\t\\t\\t\\t\\t\\t\\t\\t\\t\\t\\t\\t\\t\\t\\t\\t\\t\\t\\t\\t\\t\\t\\t\\t\\t\\t\\t\\t\\t\\t\\t\\t\\t\\t\\t\\t\\t\\t\\t\\t\\t\\t\\t\\t\\t\\t\\t\\t\\t\\t\\t\\t\\t\\t\\t\\t\\t\\t\\t\\t\\t\\t\\t\\t\\t\\t\\t\\t\\t\\t\\t\\t\\t\\t\\t\\t\\t\\t\\t\\t\\t\\t\\t\\t\\t\\t\\t\\t\\t\\t\\t\\t\\t\\t\\t\\t\\t\\t\\t\\t\\t\\t\\t\\t\\t\\t\\t\\t\\t\\t\\t\\t\\t\\t\\t\\t\\t\\t\\t\\t\\t\\t\\t\\t\\t\\t\\t\\t\\t\\t\\t\\t\\t\\t\\t\\t\\t\\t\\t\\t\\t\\t\\t\\t\\t\\t\\t\\t\\t\\t\\t\\t\\t\\t\\t\\t\\t\\t\\t\\t\\t\\t\\t\\t\\t\\t\\t\\t\\t\\t\\t\\t\\t\\t\\t\\t\\t\\t\\t\\t\\t\\t\\t\\t\\t\\t\\t\\t\\t\\t\\t\\t\\t\\t\\t\\t\\t\\t\\t\\t\\t\\t\\t\\t\\t\\t\\t\\t\\t\\t\\t\\t\\t\\t\\t\\t\\t\\t\\t\\t\\t\\t\\t\\t\\t\\t\\t\\t\\t\\t\\t\\t\\t\\t\\t\\t\\t\\t\\t\\t\\t\\t\\t\\t\\t\\t\\t\\t\\t\\t\\t\\t\\t\\t\\t\\t\\t\\t\\t\\t\\t\\t\\t\\t\\t\\t\\t\\t\\t\\t\\t\\t\\t\\t\\t\\t\\t\\t\\t\\t\\t\\t\\t\\t\\t\\t\\t\\t\\t\\t\\t\\t\\t\\t\\t\\t\\t\\t\\t\\t\\t\\t\\t\\t\\t\\t\\t\\t\\t\\t\\t\\t\\t\\t\\t\\t\\t\",\"6\":\"\\t\\t\\t\\t\\t\\t\\t\\t\\t\\t\\t\\t\\t\\t\\t\\t\\t\\t\\t\\t\\t\\t\\t\\t\\t\\t\\t\\t\\t\\t\\t\\t\\t\\t\\t\\t\\t\\t\\t\\t\\t\\t\\t\\t\\t\\t\\t\\t\\t\\t\\t\\t\\t\\t\\t\\t\\t\\t\\t\\t\\t\\t\\t\\t\\t\\t\\t\\t\\t\\t\\t\\t\\t\\t\\t\\t\\t\\t\\t\\t\\t\\t\\t\\t\\t\\t\\t\\t\\t\\t\\t\\t\\t\\t\\t\\t\\t\\t\\t\\t\\t\\t\\t\\t\\t\\t\\t\\t\\t\\t\\t\\t\\t\\t\\t\\t\\t\\t\\t\\t\\t\\t\\t\\t\\t\\t\\t\\t\\t\\t\\t\\t\\t\\t\\t\\t\\t\\t\\t\\t\\t\\t\\t\\t\\t\\t\\t\\t\\t\\t\\t\\t\\t\\t\\t\\t\\t\\t\\t\\t\\t\\t\\t\\t\\t\\t\\t\\t\\t\\t\\t\\t\\t\\t\\t\\t\\t\\t\\t\\t\\t\\t\\t\\t\\t\\t\\t\\t\\t\\t\\t\\t\\t\\t\\t\\t\\t\\t\\t\\t\\t\\t\\t\\t\\t\\t\\t\\t\\t\\t\\t\\t\\t\\t\\t\\t\\t\\t\\t\\t\\t\\t\\t\\t\\t\\t\\t\\t\\t\\t\\t\\t\\t\\t\\t\\t\\t\\t\\t\\t\\t\\t\\t\\t\\t\\t\\t\\t\\t\\t\\t\\t\\t\\t\\t\\t\\t\\t\\t\\t\\t\\t\\t\\t\\t\\t\\t\\t\\t\\t\\t\\t\\t\\t\\t\\t\\t\\t\\t\\t\\t\\t\\t\\t\\t\\t\\t\\t\\t\\t\\t\\t\\t\\t\\t\\t\\t\\t\\t\\t\\t\\t\\t\\t\\t\\t\\t\\t\\t\\t\\t\\t\\t\\t\\t\\t\\t\\t\\t\\t\\t\\t\\t\\t\\t\\t\\t\\t\\t\\t\\t\\t\\t\\t\\t\\t\\t\\t\\t\\t\\t\\t\\t\\t\\t\\t\\t\\t\\t\\t\\t\\t\\t\\t\\t\\t\\t\\t\\t\\t\\t\\tShow only 16 SKU bundles when 16 SKU + Pre-designed is selected\\t\\t\\t\\t\\t\\t\\t\\t\\t\\t\\t\\t\\t\\t\\t\\t\\t\\t\\t\\t\\t\\t\\t\\t\\t\\t\\t\\t\\t\\t\\t\\t\\t\\t\\t\\t\\t\\t\\t\\t\\t\\t\\t\\t\\t\\t\\t\\t\\t\\t\\t\\t\\t\\t\\t\\t\\t\\t\\t\\t\\t\\t\\t\\t\\t\\t\\t\\t\\t\\t\\t\\t\\t\\t\\t\\t\\t\\t\\t\\t\\t\\t\\t\\t\\t\\t\\t\\t\\t\\t\\t\\t\\t\\t\\t\\t\\t\\t\\t\\t\\t\\t\\t\\t\\t\\t\\t\\t\\t\\t\\t\\t\\t\\t\\t\\t\\t\\t\\t\\t\\t\\t\\t\\t\\t\\t\\t\\t\\t\\t\\t\\t\\t\\t\\t\\t\\t\\t\\t\\t\\t\\t\\t\\t\\t\\t\\t\\t\\t\\t\\t\\t\\t\\t\\t\\t\\t\\t\\t\\t\\t\\t\\t\\t\\t\\t\\t\\t\\t\\t\\t\\t\\t\\t\\t\\t\\t\\t\\t\\t\\t\\t\\t\\t\\t\\t\\t\\t\\t\\t\\t\\t\\t\\t\\t\\t\\t\\t\\t\\t\\t\\t\\t\\t\\t\\t\\t\\t\\t\\t\\t\\t\\t\\t\\t\\t\\t\\t\\t\\t\\t\\t\\t\\t\\t\\t\\t\\t\\t\\t\\t\\t\\t\\t\\t\\t\\t\\t\\t\\t\\t\\t\\t\\t\\t\\t\\t\\t\\t\\t\\t\\t\\t\\t\\t\\t\\t\\t\\t\\t\\t\\t\\t\\t\\t\\t\\t\\t\\t\\t\\t\\t\\t\\t\\t\\t\\t\\t\\t\\t\\t\\t\\t\\t\\t\\t\\t\\t\\t\\t\\t\\t\\t\\t\\t\\t\\t\\t\\t\\t\\t\\t\\t\\t\\t\\t\\t\\t\\t\\t\\t\\t\\t\\t\\t\\t\\t\\t\\t\\t\\t\\t\\t\\t\\t\\t\\t\\t\\t\\t\\t\\t\\t\\t\\t\\t\\t\\t\\t\\t\",\"7\":\"\\t\\t\\t\\t\\t\\t\\t\\t\\t\\t\\t\\t\\t\\t\\t\\t\\t\\t\\t\\t\\t\\t\\t\\t\\t\\t\\t\\t\\t\\t\\t\\t\\t\\t\\t\\t\\t\\t\\t\\t\\t\\t\\t\\t\\t\\t\\t\\t\\t\\t\\t\\t\\t\\t\\t\\t\\t\\t\\t\\t\\t\\t\\t\\t\\t\\t\\t\\t\\t\\t\\t\\t\\t\\t\\t\\t\\t\\t\\t\\t\\t\\t\\t\\t\\t\\t\\t\\t\\t\\t\\t\\t\\t\\t\\t\\t\\t\\t\\t\\t\\t\\t\\t\\t\\t\\t\\t\\t\\t\\t\\t\\t\\t\\t\\t\\t\\t\\t\\t\\t\\t\\t\\t\\t\\t\\t\\t\\t\\t\\t\\t\\t\\t\\t\\t\\t\\t\\t\\t\\t\\t\\t\\t\\t\\t\\t\\t\\t\\t\\t\\t\\t\\t\\t\\t\\t\\t\\t\\t\\t\\t\\t\\t\\t\\t\\t\\t\\t\\t\\t\\t\\t\\t\\t\\t\\t\\t\\t\\t\\t\\t\\t\\t\\t\\t\\t\\t\\t\\t\\t\\t\\t\\t\\t\\t\\t\\t\\t\\t\\t\\t\\t\\t\\t\\t\\t\\t\\t\\t\\t\\t\\t\\t\\t\\t\\t\\t\\t\\t\\t\\t\\t\\t\\t\\t\\t\\t\\t\\t\\t\\t\\t\\t\\t\\t\\t\\t\\t\\t\\t\\t\\t\\t\\t\\t\\t\\t\\t\\t\\t\\t\\t\\t\\t\\t\\t\\t\\t\\t\\t\\t\\t\\t\\t\\t\\t\\t\\t\\t\\t\\t\\t\\t\\t\\t\\t\\t\\t\\t\\t\\t\\t\\t\\t\\t\\t\\t\\t\\t\\t\\t\\t\\t\\t\\t\\t\\t\\t\\t\\t\\t\\t\\t\\t\\t\\t\\t\\t\\t\\t\\t\\t\\t\\t\\t\\t\\t\\t\\t\\t\\t\\t\\t\\t\\t\\t\\t\\t\\t\\t\\t\\t\\t\\t\\t\\t\\t\\t\\t\\t\\t\\t\\t\\t\\t\\t\\t\\t\\t\\t\\t\\t\\t\\t\\t\\t\\t\\t\\t\\t\\t\\t\\t\\t\\t\\t\\t\\t\\t\\t\\t\\t\\t\\t\\t\\t\\t\\t\\t\\t\\t\\t\\t\\t\\t\\t\\t\\t\\t\\t\\t\\t\\t\\t\\t\\t\\t\\t\\t\\t\\t\\t\\t\\t\\t\\t\\t\\t\\t\\t\\t\\t\\t\\t\\t\\t\\t\\t\\t\\t\\t\\t\\t\\t\\t\\t\\t\\t\\t\\t\\t\\t\\t\\t\\t\\t\\tShow only 10 SKU bundles when 8 SKU + Pre-designed is selected\\t\\t\\t\\t\\t\\t\\t\\t\\t\\t\\t\\t\\t\\t\\t\\t\\t\\t\\t\\t\\t\\t\\t\\t\\t\\t\\t\\t\\t\\t\\t\\t\\t\\t\\t\\t\\t\\t\\t\\t\\t\\t\\t\\t\\t\\t\\t\\t\\t\\t\\t\\t\\t\\t\\t\\t\\t\\t\\t\\t\\t\\t\\t\\t\\t\\t\\t\\t\\t\\t\\t\\t\\t\\t\\t\\t\\t\\t\\t\\t\\t\\t\\t\\t\\t\\t\\t\\t\\t\\t\\t\\t\\t\\t\\t\\t\\t\\t\\t\\t\\t\\t\\t\\t\\t\\t\\t\\t\\t\\t\\t\\t\\t\\t\\t\\t\\t\\t\\t\\t\\t\\t\\t\\t\\t\\t\\t\\t\\t\\t\\t\\t\\t\\t\\t\\t\\t\\t\\t\\t\\t\\t\\t\\t\\t\\t\\t\\t\\t\\t\\t\\t\\t\\t\\t\\t\\t\\t\\t\\t\\t\\t\\t\\t\\t\\t\\t\\t\\t\\t\\t\\t\\t\\t\\t\\t\\t\\t\\t\\t\\t\\t\\t\\t\\t\\t\\t\\t\\t\\t\\t\\t\\t\\t\\t\\t\\t\\t\\t\\t\\t\\t\\t\\t\\t\\t\\t\\t\\t\\t\\t\\t\\t\\t\\t\\t\\t\\t\\t\\t\\t\\t\\t\\t\\t\\t\\t\\t\\t\\t\\t\\t\\t\\t\\t\\t\\t\\t\\t\\t\\t\\t\\t\\t\\t\\t\\t\\t\\t\\t\\t\\t\\t\\t\\t\\t\\t\\t\\t\\t\\t\\t\\t\\t\\t\\t\\t\\t\\t\\t\\t\\t\\t\\t\\t\\t\\t\\t\\t\\t\\t\\t\\t\\t\\t\\t\\t\\t\\t\\t\\t\\t\\t\\t\\t\\t\\t\\t\\t\\t\\t\\t\\t\\t\\t\\t\\t\\t\\t\\t\\t\\t\\t\\t\\t\\t\\t\\t\\t\\t\\t\\t\\t\\t\\t\\t\\t\\t\\t\\t\\t\\t\\t\\t\\t\\t\\t\\t\\t\\t\\t\\t\\t\\t\\t\\t\\t\\t\\t\\t\\t\\t\\t\\t\\t\\t\\t\\t\\t\\t\\t\\t\\t\\t\\t\\t\\t\\t\\t\\t\\t\\t\\t\\t\\t\\t\\t\\t\\t\\t\",\"8\":\"\\t\\t\\t\\t\\t\\t\\t\\t\\t\\t\\t\\t\\t\\t\\t\\t\\t\\t\\t\\t\\t\\t\\t\\t\\t\\t\\t\\t\\t\\t\\t\\t\\t\\t\\t\\t\\t\\t\\t\\t\\t\\t\\t\\t\\t\\t\\t\\t\\t\\t\\t\\t\\t\\t\\t\\t\\t\\t\\t\\t\\t\\t\\t\\t\\t\\t\\t\\t\\t\\t\\t\\t\\t\\t\\t\\t\\t\\t\\t\\t\\t\\t\\t\\t\\t\\t\\t\\t\\t\\t\\t\\t\\t\\t\\t\\t\\t\\t\\t\\t\\t\\t\\t\\t\\t\\t\\t\\t\\t\\t\\t\\t\\t\\t\\t\\t\\t\\t\\t\\t\\t\\t\\t\\t\\t\\t\\t\\t\\t\\t\\t\\t\\t\\t\\t\\t\\t\\t\\t\\t\\t\\t\\t\\t\\t\\t\\t\\t\\t\\t\\t\\t\\t\\t\\t\\t\\t\\t\\t\\t\\t\\t\\t\\t\\t\\t\\t\\t\\t\\t\\t\\t\\t\\t\\t\\t\\t\\t\\t\\t\\t\\t\\t\\t\\t\\t\\t\\t\\t\\t\\t\\t\\t\\t\\t\\t\\t\\t\\t\\t\\t\\t\\t\\t\\t\\t\\t\\t\\t\\t\\t\\t\\t\\t\\t\\t\\t\\t\\t\\t\\t\\t\\t\\t\\t\\t\\t\\t\\t\\t\\t\\t\\t\\t\\t\\t\\t\\t\\t\\t\\t\\t\\t\\t\\t\\t\\t\\t\\t\\t\\t\\t\\t\\t\\t\\t\\t\\t\\t\\t\\t\\t\\t\\t\\t\\t\\t\\t\\t\\t\\t\\t\\t\\t\\t\\t\\t\\t\\t\\t\\t\\t\\t\\t\\t\\t\\t\\t\\t\\t\\t\\t\\t\\t\\t\\t\\t\\t\\t\\t\\t\\t\\t\\t\\t\\t\\t\\t\\t\\t\\t\\t\\t\\t\\t\\t\\t\\t\\t\\t\\t\\t\\t\\t\\t\\t\\t\\t\\t\\t\\t\\t\\t\\t\\t\\t\\t\\t\\t\\t\\t\\t\\t\\t\\t\\t\\t\\t\\t\\t\\t\\t\\t\\t\\t\\t\\t\\t\\t\\t\\t\\t\\t\\t\\t\\t\\t\\t\\t\\t\\t\\t\\t\\t\\t\\t\\t\\t\\t\\t\\t\\t\\t\\t\\t\\t\\t\\t\\t\\t\\t\\t\\t\\t\\t\\t\\t\\t\\t\\t\\t\\t\\t\\t\\t\\t\\t\\t\\t\\t\\t\\t\\t\\t\\t\\t\\t\\t\\t\\t\\t\\t\\t\\t\\t\\t\\t\\t\\t\\t\\t\\t\\t\\t\\t\\t\\t\\t\\t\\t\\t\\t\\t\\t\\t\\t\\t\\t\\t\\t\\t\\t\\t\\t\\t\\t\\t\\t\\t\\t\\t\\t\\t\\t\\t\\t\\t\\t\\t\\t\\t\\t\\t\\t\\t\\tShow only 12 SKU bundles when 8 SKU + Pre-designed is selected\\t\\t\\t\\t\\t\\t\\t\\t\\t\\t\\t\\t\\t\\t\\t\\t\\t\\t\\t\\t\\t\\t\\t\\t\\t\\t\\t\\t\\t\\t\\t\\t\\t\\t\\t\\t\\t\\t\\t\\t\\t\\t\\t\\t\\t\\t\\t\\t\\t\\t\\t\\t\\t\\t\\t\\t\\t\\t\\t\\t\\t\\t\\t\\t\\t\\t\\t\\t\\t\\t\\t\\t\\t\\t\\t\\t\\t\\t\\t\\t\\t\\t\\t\\t\\t\\t\\t\\t\\t\\t\\t\\t\\t\\t\\t\\t\\t\\t\\t\\t\\t\\t\\t\\t\\t\\t\\t\\t\\t\\t\\t\\t\\t\\t\\t\\t\\t\\t\\t\\t\\t\\t\\t\\t\\t\\t\\t\\t\\t\\t\\t\\t\\t\\t\\t\\t\\t\\t\\t\\t\\t\\t\\t\\t\\t\\t\\t\\t\\t\\t\\t\\t\\t\\t\\t\\t\\t\\t\\t\\t\\t\\t\\t\\t\\t\\t\\t\\t\\t\\t\\t\\t\\t\\t\\t\\t\\t\\t\\t\\t\\t\\t\\t\\t\\t\\t\\t\\t\\t\\t\\t\\t\\t\\t\\t\\t\\t\\t\\t\\t\\t\\t\\t\\t\\t\\t\\t\\t\\t\\t\\t\\t\\t\\t\\t\\t\\t\\t\\t\\t\\t\\t\\t\\t\\t\\t\\t\\t\\t\\t\\t\\t\\t\\t\\t\\t\\t\\t\\t\\t\\t\\t\\t\\t\\t\\t\\t\\t\\t\\t\\t\\t\\t\\t\\t\\t\\t\\t\\t\\t\\t\\t\\t\\t\\t\\t\\t\\t\\t\\t\\t\\t\\t\\t\\t\\t\\t\\t\\t\\t\\t\\t\\t\\t\\t\\t\\t\\t\\t\\t\\t\\t\\t\\t\\t\\t\\t\\t\\t\\t\\t\\t\\t\\t\\t\\t\\t\\t\\t\\t\\t\\t\\t\\t\\t\\t\\t\\t\\t\\t\\t\\t\\t\\t\\t\\t\\t\\t\\t\\t\\t\\t\\t\\t\\t\\t\\t\\t\\t\\t\\t\\t\\t\\t\\t\\t\\t\\t\\t\\t\\t\\t\\t\\t\\t\\t\\t\\t\\t\\t\\t\\t\\t\\t\\t\\t\\t\\t\\t\\t\\t\\t\\t\\t\\t\\t\\t\\t\\t\\t\",\"9\":\"\\t\\t\\t\\t\\t\\t\\t\\t\\t\\t\\t\\t\\t\\t\\t\\t\\t\\t\\t\\t\\t\\t\\t\\t\\t\\t\\t\\t\\t\\t\\t\\t\\t\\t\\t\\t\\t\\t\\t\\t\\t\\t\\t\\t\\t\\t\\t\\t\\t\\t\\t\\t\\t\\t\\t\\t\\t\\t\\t\\t\\t\\t\\t\\t\\t\\t\\t\\t\\t\\t\\t\\t\\t\\t\\t\\t\\t\\t\\t\\t\\t\\t\\t\\t\\t\\t\\t\\t\\t\\t\\t\\t\\t\\t\\t\\t\\t\\t\\t\\t\\t\\t\\t\\t\\t\\t\\t\\t\\t\\t\\t\\t\\t\\t\\t\\t\\t\\t\\t\\t\\t\\t\\t\\t\\t\\t\\t\\t\\t\\t\\t\\t\\t\\t\\t\\t\\t\\t\\t\\t\\t\\t\\t\\t\\t\\t\\t\\t\\t\\t\\t\\t\\t\\t\\t\\t\\t\\t\\t\\t\\t\\t\\t\\t\\t\\t\\t\\t\\t\\t\\t\\t\\t\\t\\t\\t\\t\\t\\t\\t\\t\\t\\t\\t\\t\\t\\t\\t\\t\\t\\t\\t\\t\\t\\t\\t\\t\\t\\t\\t\\t\\t\\t\\t\\t\\t\\t\\t\\t\\t\\t\\t\\t\\t\\t\\t\\t\\t\\t\\t\\t\\t\\t\\t\\t\\t\\t\\t\\t\\t\\t\\t\\t\\t\\t\\t\\t\\t\\t\\t\\t\\t\\t\\t\\t\\t\\t\\t\\t\\t\\t\\t\\t\\t\\t\\t\\t\\t\\t\\t\\t\\t\\t\\t\\t\\t\\t\\t\\t\\t\\t\\t\\t\\t\\t\\t\\t\\t\\t\\t\\t\\t\\t\\t\\t\\t\\t\\t\\t\\t\\t\\t\\t\\t\\t\\t\\t\\t\\t\\t\\t\\t\\t\\t\\t\\t\\t\\t\\t\\t\\t\\t\\t\\t\\t\\t\\t\\t\\t\\t\\t\\t\\t\\t\\t\\t\\t\\t\\t\\t\\t\\t\\t\\t\\t\\t\\t\\t\\t\\t\\t\\t\\t\\t\\t\\t\\t\\t\\t\\t\\t\\t\\t\\t\\t\\t\\t\\t\\t\\t\\t\\t\\t\\t\\t\\t\\t\\t\\t\\t\\t\\t\\t\\t\\t\\t\\t\\t\\t\\t\\t\\t\\t\\t\\t\\t\\t\\t\\t\\t\\t\\t\\t\\t\\t\\t\\t\\t\\t\\t\\t\\t\\t\\t\\t\\t\\t\\t\\t\\t\\t\\t\\t\\t\\t\\t\\t\\t\\t\\t\\t\\t\\t\\t\\t\\t\\t\\t\\t\\t\\t\\t\\t\\t\\t\\t\\t\\t\\t\\t\\t\\t\\t\\t\\t\\t\\t\\t\\t\\t\\t\\t\\t\\t\\t\\t\\t\\t\\t\\t\\t\\t\\t\\t\\t\\t\\t\\t\\t\\t\\t\\t\\t\\t\\t\\t\\t\\t\\t\\t\\t\\t\\t\\t\\t\\t\\t\\t\\t\\t\\t\\t\\t\\t\\t\\t\\t\\t\\t\\t\\t\\t\\t\\t\\t\\t\\t\\t\\t\\t\\t\\t\\t\\t\\tShow only 20 SKU bundles when 8 SKU + Pre-designed is selected\\t\\t\\t\\t\\t\\t\\t\\t\\t\\t\\t\\t\\t\\t\\t\\t\\t\\t\\t\\t\\t\\t\\t\\t\\t\\t\\t\\t\\t\\t\\t\\t\\t\\t\\t\\t\\t\\t\\t\\t\\t\\t\\t\\t\\t\\t\\t\\t\\t\\t\\t\\t\\t\\t\\t\\t\\t\\t\\t\\t\\t\\t\\t\\t\\t\\t\\t\\t\\t\\t\\t\\t\\t\\t\\t\\t\\t\\t\\t\\t\\t\\t\\t\\t\\t\\t\\t\\t\\t\\t\\t\\t\\t\\t\\t\\t\\t\\t\\t\\t\\t\\t\\t\\t\\t\\t\\t\\t\\t\\t\\t\\t\\t\\t\\t\\t\\t\\t\\t\\t\\t\\t\\t\\t\\t\\t\\t\\t\\t\\t\\t\\t\\t\\t\\t\\t\\t\\t\\t\\t\\t\\t\\t\\t\\t\\t\\t\\t\\t\\t\\t\\t\\t\\t\\t\\t\\t\\t\\t\\t\\t\\t\\t\\t\\t\\t\\t\\t\\t\\t\\t\\t\\t\\t\\t\\t\\t\\t\\t\\t\\t\\t\\t\\t\\t\\t\\t\\t\\t\\t\\t\\t\\t\\t\\t\\t\\t\\t\\t\\t\\t\\t\\t\\t\\t\\t\\t\\t\\t\\t\\t\\t\\t\\t\\t\\t\\t\\t\\t\\t\\t\\t\\t\\t\\t\\t\\t\\t\\t\\t\\t\\t\\t\\t\\t\\t\\t\\t\\t\\t\\t\\t\\t\\t\\t\\t\\t\\t\\t\\t\\t\\t\\t\\t\\t\\t\\t\\t\\t\\t\\t\\t\\t\\t\\t\\t\\t\\t\\t\\t\\t\\t\\t\\t\\t\\t\\t\\t\\t\\t\\t\\t\\t\\t\\t\\t\\t\\t\\t\\t\\t\\t\\t\\t\\t\\t\\t\\t\\t\\t\\t\\t\\t\\t\\t\\t\\t\\t\\t\\t\\t\\t\\t\\t\\t\\t\\t\\t\\t\\t\\t\\t\\t\\t\\t\\t\\t\\t\\t\\t\\t\\t\\t\\t\\t\\t\\t\\t\\t\\t\\t\\t\\t\\t\\t\\t\\t\\t\\t\\t\\t\\t\\t\\t\\t\\t\\t\\t\\t\\t\\t\\t\\t\\t\\t\\t\\t\\t\\t\\t\\t\\t\\t\\t\\t\\t\\t\\t\\t\\t\"}},{\"id\":56975,\"key\":\"af_comp_product_sc_hide_comp_cb\",\"value\":{\"4\":\"yes\"}},{\"id\":56976,\"key\":\"af_comp_product_sc_hide_options_cb\",\"value\":{\"5\":\"yes\",\"6\":\"yes\",\"7\":\"yes\",\"8\":\"yes\",\"9\":\"yes\"}},{\"id\":56977,\"key\":\"af_cp_scenario_condition_comp\",\"value\":{\"4\":{\"1\":\"2\"},\"5\":{\"1\":\"1\",\"2\":\"2\"},\"6\":{\"1\":\"1\",\"2\":\"2\"},\"7\":{\"1\":\"1\"},\"8\":{\"1\":\"1\"},\"9\":{\"1\":\"1\"}}},{\"id\":56978,\"key\":\"af_cp_scenario_action_comp\",\"value\":{\"5\":{\"1\":\"4\"},\"6\":{\"1\":\"4\"},\"7\":{\"1\":\"1\"},\"8\":{\"1\":\"1\"},\"9\":{\"1\":\"1\"}}},{\"id\":56979,\"key\":\"af_cp_action_type\",\"value\":[]},{\"id\":56980,\"key\":\"af_cp_sc_type_selection\",\"value\":[]},{\"id\":56981,\"key\":\"af_cp_scenario_condition_type\",\"value\":{\"4\":{\"1\":\"is\"},\"5\":{\"1\":\"is\",\"2\":\"is\"},\"6\":{\"1\":\"is\",\"2\":\"is\"},\"7\":{\"1\":\"is\"},\"8\":{\"1\":\"is\"},\"9\":{\"1\":\"is\"}}},{\"id\":56982,\"key\":\"af_cp_scenario_condition_products\",\"value\":{\"4\":{\"1\":[\"4646\"]},\"5\":{\"1\":[\"474\"],\"2\":[\"4647\"]},\"6\":{\"1\":[\"473\"],\"2\":[\"4647\"]},\"7\":{\"1\":[\"499\"]},\"8\":{\"1\":[\"3800\"]},\"9\":{\"1\":[\"477\"]}}},{\"id\":56983,\"key\":\"af_cp_scenario_action_type\",\"value\":{\"5\":{\"1\":\"hide\"},\"6\":{\"1\":\"hide\"},\"7\":{\"1\":\"hide\"},\"8\":{\"1\":\"hide\"},\"9\":{\"1\":\"hide\"}}},{\"id\":56984,\"key\":\"af_cp_scenario_action_products\",\"value\":{\"5\":{\"1\":[\"3866\",\"3865\",\"3864\",\"2936\",\"2915\",\"2913\"]},\"6\":{\"1\":[\"3867\",\"3868\",\"3863\",\"2936\"]},\"7\":{\"1\":[\"474\",\"3800\",\"473\",\"477\"]},\"8\":{\"1\":[\"474\",\"499\",\"473\",\"477\"]},\"9\":{\"1\":[\"474\",\"499\",\"3800\",\"473\"]}}},{\"id\":56985,\"key\":\"af_cp_sc_action_type_selection\",\"value\":[]},{\"id\":56986,\"key\":\"af_cp_selection_title_cb\",\"value\":{\"1\":\"yes\",\"2\":\"yes\",\"4\":\"yes\"}},{\"id\":56987,\"key\":\"af_cp_selection_desc_cb\",\"value\":{\"4\":\"yes\"}},{\"id\":56988,\"key\":\"af_cp_selection_thumbnail_cb\",\"value\":{\"4\":\"yes\"}},{\"id\":56989,\"key\":\"af_cp_selection_price_cb\",\"value\":{\"4\":\"yes\"}},{\"id\":56990,\"key\":\"af_cp_selection_stock_cb\",\"value\":{\"1\":\"yes\"}},{\"id\":56991,\"key\":\"af_cp_comp_adj_type\",\"value\":{\"1\":\"same_price\",\"2\":\"fixed_increase\",\"4\":\"fixed_increase\"}},{\"id\":56992,\"key\":\"af_cp_comp_adj_price_value\",\"value\":{\"1\":\"0\",\"2\":\"0\",\"4\":\"0\"}},{\"id\":56993,\"key\":\"af_composite_product_sorting_cb\",\"value\":[]},{\"id\":56994,\"key\":\"af_cp_enable_scenario_cb\",\"value\":{\"4\":\"yes\",\"5\":\"yes\",\"6\":\"yes\",\"7\":\"yes\",\"8\":\"yes\",\"9\":\"yes\"}},{\"id\":56995,\"key\":\"af_cp_sc_hide_comps\",\"value\":{\"4\":[\"4\"]}},{\"id\":57014,\"key\":\"_yoast_wpseo_primary_product_brand\",\"value\":\"\"},{\"id\":57015,\"key\":\"_yoast_wpseo_primary_product_cat\",\"value\":\"\"},{\"id\":57016,\"key\":\"_yoast_wpseo_content_score\",\"value\":\"90\"},{\"id\":57017,\"key\":\"_yoast_wpseo_focuskeywords\",\"value\":\"\"},{\"id\":57018,\"key\":\"_yoast_wpseo_keywordsynonyms\",\"value\":\"\"},{\"id\":57019,\"key\":\"_yoast_wpseo_estimated-reading-time-minutes\",\"value\":\"1\"},{\"id\":57322,\"key\":\"af_cp_shipping_page_type\",\"value\":\"composite\"},{\"id\":59003,\"key\":\"_yoast_indexnow_last_ping\",\"value\":\"1760475787\"},{\"id\":59004,\"key\":\"_wp_old_date\",\"value\":\"2025-09-03\"},{\"id\":70281,\"key\":\"_afcpb_components\",\"value\":{\"1\":{\"title\":\"Number of SKUs\",\"desc\":\"How many flower strains would you like to physically feature via jars in front of the display?\",\"required\":\"yes\",\"type\":\"simple\",\"products\":[\"474\",\"499\",\"3800\",\"473\",\"477\"],\"default_product\":\"474\",\"min_qty\":\"1\",\"max_qty\":\"1\"},\"2\":{\"title\":\"Build Strategy\",\"desc\":\"Choose your build approach - Custom Build for hardware-only or Pre-designed for complete bundles.\",\"required\":\"yes\",\"type\":\"simple\",\"products\":[\"4646\",\"4647\"],\"default_product\":\"4647\",\"min_qty\":\"1\",\"max_qty\":\"1\"},\"4\":{\"title\":\"Choose Your Complete Bundle\",\"desc\":\"Select your preferred flower station configuration with hardware and furniture included.\",\"required\":\"no\",\"type\":\"simple\",\"products\":[\"0\",\"3864\",\"3865\",\"3866\",\"3863\",\"3868\",\"3867\",\"2936\",\"2913\",\"2915\"],\"default_product\":\"3867\",\"min_qty\":\"1\",\"max_qty\":\"1\"}}},{\"id\":70282,\"key\":\"_afcpb_enable\",\"value\":\"yes\"},{\"id\":70283,\"key\":\"_afcpb_price_display\",\"value\":\"yes\"},{\"id\":70284,\"key\":\"_afcpb_total_price\",\"value\":\"0\"},{\"id\":70285,\"key\":\"_afcpb_min_price\",\"value\":\"0\"},{\"id\":70286,\"key\":\"_afcpb_max_price\",\"value\":\"0\"},{\"id\":70724,\"key\":\"_elementor_page_assets\",\"value\":[]}],\"stock_status\":\"instock\",\"has_options\":false,\"post_password\":\"\",\"global_unique_id\":\"\",\"yoast_head\":\"<!-- This site is optimized with the Yoast SEO Premium plugin v26.1 (Yoast SEO v26.1.1) - https:\\/\\/yoast.com\\/wordpress\\/plugins\\/seo\\/ -->\\n<!-- Admin only notice: this page does not show a meta description because it does not have one, either write it for this page specifically or go into the [Yoast SEO - Settings] menu and set up a template. -->\\n<meta name=\\\"robots\\\" content=\\\"index, follow, max-snippet:-1, max-image-preview:large, max-video-preview:-1\\\" \\/>\\n<link rel=\\\"canonical\\\" href=\\\"https:\\/\\/cannabis-kiosks.com\\/product\\/flower-station-configure-now\\/\\\" \\/>\\n<meta property=\\\"og:locale\\\" content=\\\"en_US\\\" \\/>\\n<meta property=\\\"og:type\\\" content=\\\"article\\\" \\/>\\n<meta property=\\\"og:title\\\" content=\\\"Flower Station \\u2013 Configure Now\\\" \\/>\\n<meta property=\\\"og:description\\\" content=\\\"This is a test description.\\\" \\/>\\n<meta property=\\\"og:url\\\" content=\\\"https:\\/\\/cannabis-kiosks.com\\/product\\/flower-station-configure-now\\/\\\" \\/>\\n<meta property=\\\"og:site_name\\\" content=\\\"The Peak Beyond\\\" \\/>\\n<meta property=\\\"article:publisher\\\" content=\\\"https:\\/\\/www.facebook.com\\/thepeakbeyond\\/\\\" \\/>\\n<meta property=\\\"article:modified_time\\\" content=\\\"2025-10-14T21:03:07+00:00\\\" \\/>\\n<meta property=\\\"og:image\\\" content=\\\"https:\\/\\/cannabis-kiosks.com\\/wp-content\\/uploads\\/2025\\/10\\/post-it-notes2-1.png\\\" \\/>\\n\\t<meta property=\\\"og:image:width\\\" content=\\\"1768\\\" \\/>\\n\\t<meta property=\\\"og:image:height\\\" content=\\\"805\\\" \\/>\\n\\t<meta property=\\\"og:image:type\\\" content=\\\"image\\/png\\\" \\/>\\n<meta name=\\\"twitter:card\\\" content=\\\"summary_large_image\\\" \\/>\\n<meta name=\\\"twitter:label1\\\" content=\\\"Est. reading time\\\" \\/>\\n\\t<meta name=\\\"twitter:data1\\\" content=\\\"1 minute\\\" \\/>\\n<script type=\\\"application\\/ld+json\\\" class=\\\"yoast-schema-graph\\\">{\\\"@context\\\":\\\"https:\\/\\/schema.org\\\",\\\"@graph\\\":[{\\\"@type\\\":\\\"WebPage\\\",\\\"@id\\\":\\\"https:\\/\\/cannabis-kiosks.com\\/product\\/flower-station-configure-now\\/\\\",\\\"url\\\":\\\"https:\\/\\/cannabis-kiosks.com\\/product\\/flower-station-configure-now\\/\\\",\\\"name\\\":\\\"Flower Station \\u2013 Configure Now | The Peak Beyond\\\",\\\"isPartOf\\\":{\\\"@id\\\":\\\"https:\\/\\/cannabis-kiosks.com\\/#website\\\"},\\\"datePublished\\\":\\\"2025-09-04T19:08:13+00:00\\\",\\\"dateModified\\\":\\\"2025-10-14T21:03:07+00:00\\\",\\\"breadcrumb\\\":{\\\"@id\\\":\\\"https:\\/\\/cannabis-kiosks.com\\/product\\/flower-station-configure-now\\/#breadcrumb\\\"},\\\"inLanguage\\\":\\\"en-US\\\",\\\"potentialAction\\\":[{\\\"@type\\\":\\\"ReadAction\\\",\\\"target\\\":[\\\"https:\\/\\/cannabis-kiosks.com\\/product\\/flower-station-configure-now\\/\\\"]}]},{\\\"@type\\\":\\\"BreadcrumbList\\\",\\\"@id\\\":\\\"https:\\/\\/cannabis-kiosks.com\\/product\\/flower-station-configure-now\\/#breadcrumb\\\",\\\"itemListElement\\\":[{\\\"@type\\\":\\\"ListItem\\\",\\\"position\\\":1,\\\"name\\\":\\\"Home\\\",\\\"item\\\":\\\"https:\\/\\/cannabis-kiosks.com\\/\\\"},{\\\"@type\\\":\\\"ListItem\\\",\\\"position\\\":2,\\\"name\\\":\\\"Flower Station \\u2013 Configure Now\\\"}]},{\\\"@type\\\":\\\"WebSite\\\",\\\"@id\\\":\\\"https:\\/\\/cannabis-kiosks.com\\/#website\\\",\\\"url\\\":\\\"https:\\/\\/cannabis-kiosks.com\\/\\\",\\\"name\\\":\\\"The Peak Beyond \\/ Cannabis Kiosks\\\",\\\"description\\\":\\\"Interactive shopping kiosks for cannabis retail\\\",\\\"publisher\\\":{\\\"@id\\\":\\\"https:\\/\\/cannabis-kiosks.com\\/#organization\\\"},\\\"potentialAction\\\":[{\\\"@type\\\":\\\"SearchAction\\\",\\\"target\\\":{\\\"@type\\\":\\\"EntryPoint\\\",\\\"urlTemplate\\\":\\\"https:\\/\\/cannabis-kiosks.com\\/?s={search_term_string}\\\"},\\\"query-input\\\":{\\\"@type\\\":\\\"PropertyValueSpecification\\\",\\\"valueRequired\\\":true,\\\"valueName\\\":\\\"search_term_string\\\"}}],\\\"inLanguage\\\":\\\"en-US\\\"},{\\\"@type\\\":\\\"Organization\\\",\\\"@id\\\":\\\"https:\\/\\/cannabis-kiosks.com\\/#organization\\\",\\\"name\\\":\\\"The Peak Beyond \\/ Cannabis Kiosks\\\",\\\"url\\\":\\\"https:\\/\\/cannabis-kiosks.com\\/\\\",\\\"logo\\\":{\\\"@type\\\":\\\"ImageObject\\\",\\\"inLanguage\\\":\\\"en-US\\\",\\\"@id\\\":\\\"https:\\/\\/cannabis-kiosks.com\\/#\\/schema\\/logo\\/image\\/\\\",\\\"url\\\":\\\"https:\\/\\/cannabis-kiosks.com\\/wp-content\\/uploads\\/2025\\/02\\/the-peak-beyond-logo-teal-and-black-icon-small.webp\\\",\\\"contentUrl\\\":\\\"https:\\/\\/cannabis-kiosks.com\\/wp-content\\/uploads\\/2025\\/02\\/the-peak-beyond-logo-teal-and-black-icon-small.webp\\\",\\\"width\\\":350,\\\"height\\\":342,\\\"caption\\\":\\\"The Peak Beyond \\/ Cannabis Kiosks\\\"},\\\"image\\\":{\\\"@id\\\":\\\"https:\\/\\/cannabis-kiosks.com\\/#\\/schema\\/logo\\/image\\/\\\"},\\\"sameAs\\\":[\\\"https:\\/\\/www.facebook.com\\/thepeakbeyond\\/\\\",\\\"https:\\/\\/www.instagram.com\\/thepeakbeyond\\/#\\\",\\\"https:\\/\\/www.linkedin.com\\/company\\/the-peak-beyond\\\"]}]}<\\/script>\\n<!-- \\/ Yoast SEO Premium plugin. -->\",\"yoast_head_json\":{\"robots\":{\"index\":\"index\",\"follow\":\"follow\",\"max-snippet\":\"max-snippet:-1\",\"max-image-preview\":\"max-image-preview:large\",\"max-video-preview\":\"max-video-preview:-1\"},\"canonical\":\"https:\\/\\/cannabis-kiosks.com\\/product\\/flower-station-configure-now\\/\",\"og_locale\":\"en_US\",\"og_type\":\"article\",\"og_title\":\"Flower Station \\u2013 Configure Now\",\"og_description\":\"This is a test description.\",\"og_url\":\"https:\\/\\/cannabis-kiosks.com\\/product\\/flower-station-configure-now\\/\",\"og_site_name\":\"The Peak Beyond\",\"article_publisher\":\"https:\\/\\/www.facebook.com\\/thepeakbeyond\\/\",\"article_modified_time\":\"2025-10-14T21:03:07+00:00\",\"og_image\":[{\"width\":1768,\"height\":805,\"url\":\"https:\\/\\/cannabis-kiosks.com\\/wp-content\\/uploads\\/2025\\/10\\/post-it-notes2-1.png\",\"type\":\"image\\/png\"}],\"twitter_card\":\"summary_large_image\",\"twitter_misc\":{\"Est. reading time\":\"1 minute\"},\"schema\":{\"@context\":\"https:\\/\\/schema.org\",\"@graph\":[{\"@type\":\"WebPage\",\"@id\":\"https:\\/\\/cannabis-kiosks.com\\/product\\/flower-station-configure-now\\/\",\"url\":\"https:\\/\\/cannabis-kiosks.com\\/product\\/flower-station-configure-now\\/\",\"name\":\"Flower Station \\u2013 Configure Now | The Peak Beyond\",\"isPartOf\":{\"@id\":\"https:\\/\\/cannabis-kiosks.com\\/#website\"},\"datePublished\":\"2025-09-04T19:08:13+00:00\",\"dateModified\":\"2025-10-14T21:03:07+00:00\",\"breadcrumb\":{\"@id\":\"https:\\/\\/cannabis-kiosks.com\\/product\\/flower-station-configure-now\\/#breadcrumb\"},\"inLanguage\":\"en-US\",\"potentialAction\":[{\"@type\":\"ReadAction\",\"target\":[\"https:\\/\\/cannabis-kiosks.com\\/product\\/flower-station-configure-now\\/\"]}]},{\"@type\":\"BreadcrumbList\",\"@id\":\"https:\\/\\/cannabis-kiosks.com\\/product\\/flower-station-configure-now\\/#breadcrumb\",\"itemListElement\":[{\"@type\":\"ListItem\",\"position\":1,\"name\":\"Home\",\"item\":\"https:\\/\\/cannabis-kiosks.com\\/\"},{\"@type\":\"ListItem\",\"position\":2,\"name\":\"Flower Station \\u2013 Configure Now\"}]},{\"@type\":\"WebSite\",\"@id\":\"https:\\/\\/cannabis-kiosks.com\\/#website\",\"url\":\"https:\\/\\/cannabis-kiosks.com\\/\",\"name\":\"The Peak Beyond \\/ Cannabis Kiosks\",\"description\":\"Interactive shopping kiosks for cannabis retail\",\"publisher\":{\"@id\":\"https:\\/\\/cannabis-kiosks.com\\/#organization\"},\"potentialAction\":[{\"@type\":\"SearchAction\",\"target\":{\"@type\":\"EntryPoint\",\"urlTemplate\":\"https:\\/\\/cannabis-kiosks.com\\/?s={search_term_string}\"},\"query-input\":{\"@type\":\"PropertyValueSpecification\",\"valueRequired\":true,\"valueName\":\"search_term_string\"}}],\"inLanguage\":\"en-US\"},{\"@type\":\"Organization\",\"@id\":\"https:\\/\\/cannabis-kiosks.com\\/#organization\",\"name\":\"The Peak Beyond \\/ Cannabis Kiosks\",\"url\":\"https:\\/\\/cannabis-kiosks.com\\/\",\"logo\":{\"@type\":\"ImageObject\",\"inLanguage\":\"en-US\",\"@id\":\"https:\\/\\/cannabis-kiosks.com\\/#\\/schema\\/logo\\/image\\/\",\"url\":\"https:\\/\\/cannabis-kiosks.com\\/wp-content\\/uploads\\/2025\\/02\\/the-peak-beyond-logo-teal-and-black-icon-small.webp\",\"contentUrl\":\"https:\\/\\/cannabis-kiosks.com\\/wp-content\\/uploads\\/2025\\/02\\/the-peak-beyond-logo-teal-and-black-icon-small.webp\",\"width\":350,\"height\":342,\"caption\":\"The Peak Beyond \\/ Cannabis Kiosks\"},\"image\":{\"@id\":\"https:\\/\\/cannabis-kiosks.com\\/#\\/schema\\/logo\\/image\\/\"},\"sameAs\":[\"https:\\/\\/www.facebook.com\\/thepeakbeyond\\/\",\"https:\\/\\/www.instagram.com\\/thepeakbeyond\\/#\",\"https:\\/\\/www.linkedin.com\\/company\\/the-peak-beyond\"]}]}},\"jetpack_sharing_enabled\":true,\"_links\":{\"self\":[{\"href\":\"https:\\/\\/cannabis-kiosks.com\\/wp-json\\/wc\\/v3\\/products\\/4607\",\"targetHints\":{\"allow\":[\"GET\",\"POST\",\"PUT\",\"PATCH\",\"DELETE\"]}}],\"collection\":[{\"href\":\"https:\\/\\/cannabis-kiosks.com\\/wp-json\\/wc\\/v3\\/products\"}]}}
            [Response] => Array
                (
                    [Code] => 200
                    [Message] => OK
                    [Headers] => WpOrg\Requests\Utility\CaseInsensitiveDictionary Object
                        (
                            [data:protected] => Array
                                (
                                    [date] => Tue, 14 Oct 2025 21:05:18 GMT
                                    [content-length] => 0
                                    [cf-ray] => 98ea08b7b87799e1-CDG
                                    [vary] => Origin
                                    [via] => 1.1 google
                                    [cf-cache-status] => DYNAMIC
                                    [strict-transport-security] => max-age=15552000
                                    [server] => cloudflare
                                )

                        )

                    [Body] => 
                )

        )

)
2025-10-14T23:09:49+00:00 INFO Array
(
    [Webhook Delivery] => Array
        (
            [Delivery ID] => f254b118260cd9b2ad16568850f6e44f
            [Date] => Oct 14, 2025 @ 23:09
            [URL] => https://webhooks.automizely.com/aftership/woocommerce/product/v1
            [Duration] => 0.69899
            [Request] => Array
                (
                    [Method] => POST
                    [Headers] => Array
                        (
                            [User-Agent] => WooCommerce/10.2.2 Hookshot (WordPress/6.8.2)
                            [Content-Type] => application/json
                            [X-WC-Webhook-Source] => https://cannabis-kiosks.com/
                            [X-WC-Webhook-Topic] => product.updated
                            [X-WC-Webhook-Resource] => product
                            [X-WC-Webhook-Event] => updated
                            [X-WC-Webhook-Signature] => 6xq+9qPuTb9myjF4QKysfvDozHHzkko2lrcOKrflR6s=
                            [X-WC-Webhook-ID] => 58
                            [X-WC-Webhook-Delivery-ID] => f254b118260cd9b2ad16568850f6e44f
                        )

                )

            [Body] => {\"id\":4607,\"name\":\"Flower Station \\u2013 Configure Now\",\"slug\":\"flower-station-configure-now\",\"permalink\":\"https:\\/\\/cannabis-kiosks.com\\/product\\/flower-station-configure-now\\/\",\"date_created\":\"2025-09-04T19:08:13\",\"date_created_gmt\":\"2025-09-04T19:08:13\",\"date_modified\":\"2025-10-14T21:10:43\",\"date_modified_gmt\":\"2025-10-14T21:10:43\",\"type\":\"af_composite_product\",\"status\":\"publish\",\"featured\":false,\"catalog_visibility\":\"visible\",\"description\":\"<p>Configure your Flower Station hardware to match your store\\u2019s needs. Adjust SKUs, mounting, and finishes.<\\/p>\\n\",\"short_description\":\"<p>This is a test description.<\\/p>\\n\",\"sku\":\"flower-station-base\",\"price\":\"0\",\"regular_price\":\"0\",\"sale_price\":\"\",\"date_on_sale_from\":null,\"date_on_sale_from_gmt\":null,\"date_on_sale_to\":null,\"date_on_sale_to_gmt\":null,\"on_sale\":false,\"purchasable\":true,\"total_sales\":0,\"virtual\":false,\"downloadable\":false,\"downloads\":[],\"download_limit\":-1,\"download_expiry\":-1,\"external_url\":\"\",\"button_text\":\"\",\"tax_status\":\"taxable\",\"tax_class\":\"\",\"manage_stock\":false,\"stock_quantity\":null,\"backorders\":\"no\",\"backorders_allowed\":false,\"backordered\":false,\"low_stock_amount\":null,\"sold_individually\":false,\"weight\":\"\",\"dimensions\":{\"length\":\"\",\"width\":\"\",\"height\":\"\"},\"shipping_required\":true,\"shipping_taxable\":true,\"shipping_class\":\"\",\"shipping_class_id\":0,\"reviews_allowed\":false,\"average_rating\":\"0.00\",\"rating_count\":0,\"upsell_ids\":[],\"cross_sell_ids\":[],\"parent_id\":0,\"purchase_note\":\"\",\"categories\":[{\"id\":20,\"name\":\"All Products\",\"slug\":\"all-products\"}],\"brands\":[],\"tags\":[],\"images\":[{\"id\":3991,\"date_created\":\"2025-08-21T19:41:35\",\"date_created_gmt\":\"2025-08-21T19:41:35\",\"date_modified\":\"2025-08-21T19:41:35\",\"date_modified_gmt\":\"2025-08-21T19:41:35\",\"src\":\"https:\\/\\/cannabis-kiosks.com\\/wp-content\\/uploads\\/2025\\/08\\/16-COUNT-JAR_Comp-fs-1.jpg\",\"name\":\"16-COUNT-JAR_Comp-fs-1\",\"alt\":\"\",\"srcset\":\"https:\\/\\/i0.wp.com\\/cannabis-kiosks.com\\/wp-content\\/uploads\\/2025\\/08\\/16-COUNT-JAR_Comp-fs-1.jpg?w=2000&ssl=1 2000w, https:\\/\\/i0.wp.com\\/cannabis-kiosks.com\\/wp-content\\/uploads\\/2025\\/08\\/16-COUNT-JAR_Comp-fs-1.jpg?resize=300%2C300&ssl=1 300w, https:\\/\\/i0.wp.com\\/cannabis-kiosks.com\\/wp-content\\/uploads\\/2025\\/08\\/16-COUNT-JAR_Comp-fs-1.jpg?resize=1024%2C1024&ssl=1 1024w, https:\\/\\/i0.wp.com\\/cannabis-kiosks.com\\/wp-content\\/uploads\\/2025\\/08\\/16-COUNT-JAR_Comp-fs-1.jpg?resize=150%2C150&ssl=1 150w, https:\\/\\/i0.wp.com\\/cannabis-kiosks.com\\/wp-content\\/uploads\\/2025\\/08\\/16-COUNT-JAR_Comp-fs-1.jpg?resize=768%2C768&ssl=1 768w, https:\\/\\/i0.wp.com\\/cannabis-kiosks.com\\/wp-content\\/uploads\\/2025\\/08\\/16-COUNT-JAR_Comp-fs-1.jpg?resize=1536%2C1536&ssl=1 1536w, https:\\/\\/i0.wp.com\\/cannabis-kiosks.com\\/wp-content\\/uploads\\/2025\\/08\\/16-COUNT-JAR_Comp-fs-1.jpg?resize=200%2C200&ssl=1 200w, https:\\/\\/i0.wp.com\\/cannabis-kiosks.com\\/wp-content\\/uploads\\/2025\\/08\\/16-COUNT-JAR_Comp-fs-1.jpg?resize=100%2C100&ssl=1 100w, https:\\/\\/i0.wp.com\\/cannabis-kiosks.com\\/wp-content\\/uploads\\/2025\\/08\\/16-COUNT-JAR_Comp-fs-1.jpg?w=1600&ssl=1 1600w\",\"sizes\":\"(max-width: 2000px) 100vw, 2000px\",\"thumbnail\":\"https:\\/\\/cannabis-kiosks.com\\/wp-content\\/uploads\\/2025\\/08\\/16-COUNT-JAR_Comp-fs-1-200x200.jpg\"}],\"attributes\":[],\"default_attributes\":[],\"variations\":[],\"grouped_products\":[],\"menu_order\":0,\"price_html\":\"<span class=\\\"woocommerce-Price-amount amount\\\"><bdi><span class=\\\"woocommerce-Price-currencySymbol\\\">&#36;<\\/span>0.00<\\/bdi><\\/span>\",\"related_ids\":[307,442,1606,482,390],\"meta_data\":[{\"id\":56943,\"key\":\"af_comp_product_layout\",\"value\":\"vertical\"},{\"id\":56944,\"key\":\"af_comp_product_adj_min_qty\",\"value\":\"1\"},{\"id\":56945,\"key\":\"af_comp_product_adj_step_qty\",\"value\":\"1\"},{\"id\":56948,\"key\":\"af_comp_product_price_type\",\"value\":\"calculated_price\"},{\"id\":56949,\"key\":\"af_cp_form_location\",\"value\":\"after_sum\"},{\"id\":56950,\"key\":\"af_comp_product_price_adjustment\",\"value\":\"ignore\"},{\"id\":56951,\"key\":\"af_comp_product_adj_value\",\"value\":\"\"},{\"id\":56952,\"key\":\"af_comp_product_adj_max_qty\",\"value\":\"\"},{\"id\":56953,\"key\":\"af_comp_product_text\",\"value\":\"Choose SKUs, Mount, and Finish.\"},{\"id\":56954,\"key\":\"af_cp_allow_edit_in_cart\",\"value\":\"no\"},{\"id\":56955,\"key\":\"af_comp_product_component_name\",\"value\":{\"1\":\"Number of SKUs\",\"2\":\"Build Strategy\",\"4\":\"Choose Your Complete Bundle\"}},{\"id\":56956,\"key\":\"af_comp_product_component_image\",\"value\":{\"1\":\"\",\"2\":\"\",\"4\":\"\"}},{\"id\":56957,\"key\":\"af_comp_product_component_desc\",\"value\":{\"1\":\"How many flower strains would you like to physically feature via jars in front of the display?\",\"2\":\"Choose your build approach - Custom Build for hardware-only or Pre-designed for complete bundles.\",\"4\":\"Select your preferred flower station configuration with hardware and furniture included.\"}},{\"id\":56958,\"key\":\"af_composite_product_all_products\",\"value\":{\"1\":[\"474\",\"499\",\"3800\",\"473\",\"477\"],\"2\":[\"4646\",\"4647\"],\"4\":[\"3867\",\"3868\",\"3866\",\"3865\",\"3864\",\"3863\",\"2936\",\"2915\",\"2913\"]}},{\"id\":56959,\"key\":\"af_composite_product_categories\",\"value\":[]},{\"id\":56960,\"key\":\"af_composite_product_tags\",\"value\":[]},{\"id\":56961,\"key\":\"af_composite_product_default_product\",\"value\":{\"1\":\"474\",\"2\":\"4647\",\"4\":\"3867\"}},{\"id\":56962,\"key\":\"af_composite_product_required_component\",\"value\":{\"1\":\"yes\",\"2\":\"yes\"}},{\"id\":56963,\"key\":\"af_composite_product_quantity_op\",\"value\":{\"1\":\"fixed\",\"2\":\"fixed\",\"4\":\"fixed\"}},{\"id\":56964,\"key\":\"af_composite_product_fixed_qty\",\"value\":{\"1\":\"1\",\"2\":\"1\",\"4\":\"1\"}},{\"id\":56965,\"key\":\"af_composite_product_min_qty\",\"value\":{\"1\":\"1\",\"2\":\"1\",\"4\":\"1\"}},{\"id\":56966,\"key\":\"af_composite_product_max_qty\",\"value\":{\"1\":\"\",\"2\":\"\",\"4\":\"\"}},{\"id\":56967,\"key\":\"af_composite_product_component_style\",\"value\":{\"1\":\"simple\",\"2\":\"radio\",\"4\":\"radio\"}},{\"id\":56968,\"key\":\"af_composite_product_price_style\",\"value\":{\"1\":\"hide\",\"2\":\"hide\",\"4\":\"hide\"}},{\"id\":56969,\"key\":\"af_composite_product_stock_cb\",\"value\":{\"1\":\"hide\",\"2\":\"hide\",\"4\":\"hide\"}},{\"id\":56970,\"key\":\"af_composite_product_order\",\"value\":{\"1\":\"price\",\"2\":\"name\",\"4\":\"name\"}},{\"id\":56971,\"key\":\"af_composite_product_type\",\"value\":{\"1\":\"asc\",\"2\":\"asc\",\"4\":\"asc\"}},{\"id\":56972,\"key\":\"af_composite_product_exclusive_cb\",\"value\":[]},{\"id\":56973,\"key\":\"af_comp_product_scenario_name\",\"value\":{\"4\":\"Custom Build Flow\",\"5\":\"8 SKU Pre-designed Flow\",\"6\":\"16 SKU Pre-designed Flow\",\"7\":\"10 SKU Pre-designed Flow\",\"8\":\"12 SKU Pre-designed Flow\",\"9\":\"20 SKU Pre-designed Flow\"}},{\"id\":56974,\"key\":\"af_comp_product_scenario_desc\",\"value\":{\"4\":\"\\t\\t\\t\\t\\t\\t\\t\\t\\t\\t\\t\\t\\t\\t\\t\\t\\t\\t\\t\\t\\t\\t\\t\\t\\t\\t\\t\\t\\t\\t\\t\\t\\t\\t\\t\\t\\t\\t\\t\\t\\t\\t\\t\\t\\t\\t\\t\\t\\t\\t\\t\\t\\t\\t\\t\\t\\t\\t\\t\\t\\t\\t\\t\\t\\t\\t\\t\\t\\t\\t\\t\\t\\t\\t\\t\\t\\t\\t\\t\\t\\t\\t\\t\\t\\t\\t\\t\\t\\t\\t\\t\\t\\t\\t\\t\\t\\t\\t\\t\\t\\t\\t\\t\\t\\t\\t\\t\\t\\t\\t\\t\\t\\t\\t\\t\\t\\t\\t\\t\\t\\t\\t\\t\\t\\t\\t\\t\\t\\t\\t\\t\\t\\t\\t\\t\\t\\t\\t\\t\\t\\t\\t\\t\\t\\t\\t\\t\\t\\t\\t\\t\\t\\t\\t\\t\\t\\t\\t\\t\\t\\t\\t\\t\\t\\t\\t\\t\\t\\t\\t\\t\\t\\t\\t\\t\\t\\t\\t\\t\\t\\t\\t\\t\\t\\t\\t\\t\\t\\t\\t\\t\\t\\t\\t\\t\\t\\t\\t\\t\\t\\t\\t\\t\\t\\t\\t\\t\\t\\t\\t\\t\\t\\t\\t\\t\\t\\t\\t\\t\\t\\t\\t\\t\\t\\t\\t\\t\\t\\t\\t\\t\\t\\t\\t\\t\\t\\t\\t\\t\\t\\t\\t\\t\\t\\t\\t\\t\\t\\t\\t\\t\\t\\t\\t\\t\\t\\t\\t\\t\\t\\t\\t\\t\\t\\t\\t\\t\\t\\t\\t\\t\\t\\t\\t\\t\\t\\t\\t\\t\\t\\t\\t\\t\\t\\t\\t\\t\\t\\t\\t\\t\\t\\t\\t\\t\\t\\t\\t\\t\\t\\t\\t\\t\\t\\t\\t\\t\\t\\t\\t\\t\\t\\t\\t\\t\\t\\t\\t\\t\\t\\t\\t\\t\\t\\t\\t\\t\\t\\t\\t\\t\\t\\t\\t\\t\\t\\t\\t\\t\\t\\t\\t\\t\\t\\t\\t\\t\\t\\t\\t\\t\\t\\t\\t\\t\\t\\t\\t\\t\\t\\t\\t\\t\\t\\t\\t\\t\\t\\t\\t\\t\\t\\t\\t\\t\\t\\t\\t\\t\\t\\t\\t\\t\\t\\t\\t\\t\\t\\t\\t\\t\\t\\t\\t\\t\\t\\t\\t\\t\\t\\t\\t\\t\\t\\t\\t\\t\\t\\t\\t\\t\\t\\t\\t\\t\\t\\t\\t\\t\\t\\t\\t\\t\\t\\t\\t\\t\\t\\t\\t\\t\\t\\t\\t\\t\\t\\t\\t\\t\\t\\t\\t\\t\\t\\t\\t\\t\\t\\t\\t\\t\\t\\t\\t\\t\\t\\t\\t\\t\\t\\t\\t\\t\\t\\t\\t\\t\\t\\t\\t\\t\\t\\t\\t\\t\\t\\t\\t\\t\\t\\t\\t\\t\\t\\t\\t\\t\\t\\t\\t\\t\\t\\t\\t\\t\\t\\t\\t\\t\\t\\t\\t\\t\\t\\t\\t\\t\\t\\t\\t\\t\\t\\t\\t\\t\\t\\t\\t\\t\\t\\t\\t\\t\\t\\t\\t\\t\\t\\t\\t\\t\\t\\t\\t\\t\\t\\t\\t\\t\\t\\t\\t\\t\\t\\t\\t\\t\\t\\t\\t\\t\\t\\t\\t\\t\\t\\t\\t\\t\\t\\t\\t\\t\\t\\t\\t\\t\\t\\t\\t\\t\\t\\t\\t\\t\\t\\t\\t\\t\\t\\t\\t\\t\\t\\t\\t\\t\\t\\t\\t\\t\\t\\t\\t\\t\\t\\t\\t\\t\\t\\t\\t\\t\\t\\t\\t\\t\\t\\t\\t\\t\\t\\t\\t\\t\\t\\t\\t\\t\\t\\t\\t\\t\\t\\t\\t\\t\\t\\t\\t\\t\\t\\t\\t\\t\\t\\t\\t\\t\\t\\t\\t\\t\\t\\t\\t\\t\\t\\t\\t\\t\\t\\t\\t\\t\\t\\t\\t\\t\\t\\t\\t\\t\\t\\t\\t\\t\\t\\t\\t\\t\\t\\t\\t\\t\\t\\t\\t\\t\\t\\t\\t\\t\\t\\t\\t\\t\\t\\t\\t\\t\\t\\t\\t\\t\\t\\t\\t\\t\\t\\t\\t\\t\\t\\t\\t\\t\\t\\t\\t\\t\\t\\t\\t\\t\\t\\t\\t\\t\\t\\t\\t\\t\\t\\t\\t\\t\\t\\t\\t\\t\\t\\t\\t\\t\\t\\t\\t\\t\\t\\t\\t\\t\\t\\t\\t\\t\\t\\t\\t\\t\\t\\t\\t\\t\\t\\t\\t\\t\\t\\t\\t\\t\\t\\t\\t\\t\\t\\t\\t\\t\\t\\t\\t\\t\\t\\t\\t\\t\\t\\t\\t\\t\\t\\t\\t\\t\\t\\t\\t\\t\\t\\t\\t\\t\\t\\t\\t\\t\\t\\t\\t\\t\\t\\t\\t\\t\\t\\t\\t\\t\\t\\t\\t\\t\\t\\t\\t\\t\\t\\t\\t\\t\\t\\t\\t\\t\\t\\t\\t\\t\\t\\t\\t\\t\\t\\t\\t\\t\\t\\t\\t\\t\\t\\t\\t\\t\\t\\t\\t\\t\\t\\t\\t\\t\\t\\t\\t\\t\\t\\t\\t\\t\\t\\t\\t\\t\\t\\t\\t\\t\\t\\t\\t\\t\\t\\t\\t\\t\\t\\t\\t\\t\\t\\t\\t\\t\\t\\t\\t\\t\\t\\t\\t\\t\\t\\t\\t\\t\\t\\t\\t\\t\\t\\t\\t\\t\\t\\t\\t\\t\\t\\t\\t\\t\\t\\t\\t\\t\\t\\t\\t\\t\\t\\t\\t\\t\\t\\t\\t\\t\\t\\t\\t\\t\\t\\t\\t\\t\\t\\t\\t\\t\\t\\t\\t\\t\\t\\t\\t\\t\\t\\t\\t\\t\\t\\t\\t\\t\\t\\t\\t\\t\\t\\t\\t\\t\\t\\t\\t\\t\\t\\t\\t\\t\\t\\t\\t\\t\\t\\t\\t\\t\\t\\t\\t\\t\\t\\t\\t\\t\\t\\t\\t\\t\\t\\t\\t\\t\\t\\t\\t\\t\\t\\t\\t\\t\\t\\t\\t\\t\\t\\t\\t\\t\\t\\t\\t\\t\\t\\t\\t\\t\\t\\t\\t\\t\\t\\t\\t\\t\\t\\t\\t\\t\\t\\t\\t\\t\\t\\t\\t\\t\\t\\t\\t\\t\\t\\t\\t\\t\\t\\t\\t\\t\\t\\t\\t\\t\\t\\t\\t\\t\\t\\t\\t\\t\\t\\t\\t\\t\\t\\t\\t\\t\\t\\t\\t\\t\\t\\t\\t\\t\\t\\t\\t\\t\\t\\t\\t\\t\\t\\t\\t\\t\\t\\t\\t\\t\\t\\t\\t\\t\\t\\t\\t\\t\\t\\t\\t\\t\\t\\t\\t\\t\\t\\t\\t\\t\\t\\t\\t\\t\\t\\t\\t\\t\\t\\t\\t\\t\\t\\t\\t\\t\\t\\t\\t\\t\\t\\t\\t\\t\\t\\t\\t\\t\\t\\t\\t\\t\\t\\t\\t\\t\\t\\t\\t\\t\\t\\t\\t\\t\\t\\t\\t\\t\\t\\t\\t\\t\\t\\t\\t\\t\\t\\t\\t\\tHide complete bundle selection when Custom Build is chosen\\t\\t\\t\\t\\t\\t\\t\\t\\t\\t\\t\\t\\t\\t\\t\\t\\t\\t\\t\\t\\t\\t\\t\\t\\t\\t\\t\\t\\t\\t\\t\\t\\t\\t\\t\\t\\t\\t\\t\\t\\t\\t\\t\\t\\t\\t\\t\\t\\t\\t\\t\\t\\t\\t\\t\\t\\t\\t\\t\\t\\t\\t\\t\\t\\t\\t\\t\\t\\t\\t\\t\\t\\t\\t\\t\\t\\t\\t\\t\\t\\t\\t\\t\\t\\t\\t\\t\\t\\t\\t\\t\\t\\t\\t\\t\\t\\t\\t\\t\\t\\t\\t\\t\\t\\t\\t\\t\\t\\t\\t\\t\\t\\t\\t\\t\\t\\t\\t\\t\\t\\t\\t\\t\\t\\t\\t\\t\\t\\t\\t\\t\\t\\t\\t\\t\\t\\t\\t\\t\\t\\t\\t\\t\\t\\t\\t\\t\\t\\t\\t\\t\\t\\t\\t\\t\\t\\t\\t\\t\\t\\t\\t\\t\\t\\t\\t\\t\\t\\t\\t\\t\\t\\t\\t\\t\\t\\t\\t\\t\\t\\t\\t\\t\\t\\t\\t\\t\\t\\t\\t\\t\\t\\t\\t\\t\\t\\t\\t\\t\\t\\t\\t\\t\\t\\t\\t\\t\\t\\t\\t\\t\\t\\t\\t\\t\\t\\t\\t\\t\\t\\t\\t\\t\\t\\t\\t\\t\\t\\t\\t\\t\\t\\t\\t\\t\\t\\t\\t\\t\\t\\t\\t\\t\\t\\t\\t\\t\\t\\t\\t\\t\\t\\t\\t\\t\\t\\t\\t\\t\\t\\t\\t\\t\\t\\t\\t\\t\\t\\t\\t\\t\\t\\t\\t\\t\\t\\t\\t\\t\\t\\t\\t\\t\\t\\t\\t\\t\\t\\t\\t\\t\\t\\t\\t\\t\\t\\t\\t\\t\\t\\t\\t\\t\\t\\t\\t\\t\\t\\t\\t\\t\\t\\t\\t\\t\\t\\t\\t\\t\\t\\t\\t\\t\\t\\t\\t\\t\\t\\t\\t\\t\\t\\t\\t\\t\\t\\t\\t\\t\\t\\t\\t\\t\\t\\t\\t\\t\\t\\t\\t\\t\\t\\t\\t\\t\\t\\t\\t\\t\\t\\t\\t\\t\\t\\t\\t\\t\\t\\t\\t\\t\\t\\t\\t\\t\\t\\t\\t\\t\\t\\t\\t\\t\\t\\t\\t\\t\\t\\t\\t\\t\\t\\t\\t\\t\\t\\t\\t\\t\\t\\t\\t\\t\\t\\t\\t\\t\\t\\t\\t\\t\\t\\t\\t\\t\\t\\t\\t\\t\\t\",\"5\":\"\\t\\t\\t\\t\\t\\t\\t\\t\\t\\t\\t\\t\\t\\t\\t\\t\\t\\t\\t\\t\\t\\t\\t\\t\\t\\t\\t\\t\\t\\t\\t\\t\\t\\t\\t\\t\\t\\t\\t\\t\\t\\t\\t\\t\\t\\t\\t\\t\\t\\t\\t\\t\\t\\t\\t\\t\\t\\t\\t\\t\\t\\t\\t\\t\\t\\t\\t\\t\\t\\t\\t\\t\\t\\t\\t\\t\\t\\t\\t\\t\\t\\t\\t\\t\\t\\t\\t\\t\\t\\t\\t\\t\\t\\t\\t\\t\\t\\t\\t\\t\\t\\t\\t\\t\\t\\t\\t\\t\\t\\t\\t\\t\\t\\t\\t\\t\\t\\t\\t\\t\\t\\t\\t\\t\\t\\t\\t\\t\\t\\t\\t\\t\\t\\t\\t\\t\\t\\t\\t\\t\\t\\t\\t\\t\\t\\t\\t\\t\\t\\t\\t\\t\\t\\t\\t\\t\\t\\t\\t\\t\\t\\t\\t\\t\\t\\t\\t\\t\\t\\t\\t\\t\\t\\t\\t\\t\\t\\t\\t\\t\\t\\t\\t\\t\\t\\t\\t\\t\\t\\t\\t\\t\\t\\t\\t\\t\\t\\t\\t\\t\\t\\t\\t\\t\\t\\t\\t\\t\\t\\t\\t\\t\\t\\t\\t\\t\\t\\t\\t\\t\\t\\t\\t\\t\\t\\t\\t\\t\\t\\t\\t\\t\\t\\t\\t\\t\\t\\t\\t\\t\\t\\t\\t\\t\\t\\t\\t\\t\\t\\t\\t\\t\\t\\t\\t\\t\\t\\t\\t\\t\\t\\t\\t\\t\\t\\t\\t\\t\\t\\t\\t\\t\\t\\t\\t\\t\\t\\t\\t\\t\\t\\t\\t\\t\\t\\t\\t\\t\\t\\t\\t\\t\\t\\t\\t\\t\\t\\t\\t\\t\\t\\t\\t\\t\\t\\t\\t\\t\\t\\t\\t\\t\\t\\t\\t\\t\\t\\t\\t\\t\\t\\t\\t\\t\\t\\t\\t\\t\\t\\t\\t\\t\\t\\t\\t\\t\\t\\t\\t\\t\\t\\t\\t\\t\\t\\t\\t\\t\\t\\t\\t\\t\\t\\t\\t\\t\\t\\t\\t\\t\\t\\t\\t\\t\\t\\t\\t\\t\\t\\t\\t\\t\\t\\t\\t\\t\\t\\t\\t\\t\\t\\t\\t\\t\\t\\t\\t\\t\\t\\t\\t\\t\\t\\t\\t\\t\\t\\t\\t\\t\\t\\t\\t\\t\\t\\t\\t\\t\\t\\t\\t\\t\\t\\t\\t\\t\\tShow only 8 SKU bundles when 8 SKU + Pre-designed is selected\\t\\t\\t\\t\\t\\t\\t\\t\\t\\t\\t\\t\\t\\t\\t\\t\\t\\t\\t\\t\\t\\t\\t\\t\\t\\t\\t\\t\\t\\t\\t\\t\\t\\t\\t\\t\\t\\t\\t\\t\\t\\t\\t\\t\\t\\t\\t\\t\\t\\t\\t\\t\\t\\t\\t\\t\\t\\t\\t\\t\\t\\t\\t\\t\\t\\t\\t\\t\\t\\t\\t\\t\\t\\t\\t\\t\\t\\t\\t\\t\\t\\t\\t\\t\\t\\t\\t\\t\\t\\t\\t\\t\\t\\t\\t\\t\\t\\t\\t\\t\\t\\t\\t\\t\\t\\t\\t\\t\\t\\t\\t\\t\\t\\t\\t\\t\\t\\t\\t\\t\\t\\t\\t\\t\\t\\t\\t\\t\\t\\t\\t\\t\\t\\t\\t\\t\\t\\t\\t\\t\\t\\t\\t\\t\\t\\t\\t\\t\\t\\t\\t\\t\\t\\t\\t\\t\\t\\t\\t\\t\\t\\t\\t\\t\\t\\t\\t\\t\\t\\t\\t\\t\\t\\t\\t\\t\\t\\t\\t\\t\\t\\t\\t\\t\\t\\t\\t\\t\\t\\t\\t\\t\\t\\t\\t\\t\\t\\t\\t\\t\\t\\t\\t\\t\\t\\t\\t\\t\\t\\t\\t\\t\\t\\t\\t\\t\\t\\t\\t\\t\\t\\t\\t\\t\\t\\t\\t\\t\\t\\t\\t\\t\\t\\t\\t\\t\\t\\t\\t\\t\\t\\t\\t\\t\\t\\t\\t\\t\\t\\t\\t\\t\\t\\t\\t\\t\\t\\t\\t\\t\\t\\t\\t\\t\\t\\t\\t\\t\\t\\t\\t\\t\\t\\t\\t\\t\\t\\t\\t\\t\\t\\t\\t\\t\\t\\t\\t\\t\\t\\t\\t\\t\\t\\t\\t\\t\\t\\t\\t\\t\\t\\t\\t\\t\\t\\t\\t\\t\\t\\t\\t\\t\\t\\t\\t\\t\\t\\t\\t\\t\\t\\t\\t\\t\\t\\t\\t\\t\\t\\t\\t\\t\\t\\t\\t\\t\\t\\t\\t\\t\\t\\t\\t\\t\\t\\t\\t\\t\\t\\t\\t\\t\\t\\t\\t\\t\\t\\t\\t\\t\\t\\t\\t\\t\\t\\t\\t\\t\\t\\t\\t\\t\\t\\t\\t\\t\\t\\t\\t\\t\\t\\t\\t\\t\\t\\t\\t\\t\\t\\t\\t\\t\\t\\t\\t\\t\\t\\t\\t\\t\",\"6\":\"\\t\\t\\t\\t\\t\\t\\t\\t\\t\\t\\t\\t\\t\\t\\t\\t\\t\\t\\t\\t\\t\\t\\t\\t\\t\\t\\t\\t\\t\\t\\t\\t\\t\\t\\t\\t\\t\\t\\t\\t\\t\\t\\t\\t\\t\\t\\t\\t\\t\\t\\t\\t\\t\\t\\t\\t\\t\\t\\t\\t\\t\\t\\t\\t\\t\\t\\t\\t\\t\\t\\t\\t\\t\\t\\t\\t\\t\\t\\t\\t\\t\\t\\t\\t\\t\\t\\t\\t\\t\\t\\t\\t\\t\\t\\t\\t\\t\\t\\t\\t\\t\\t\\t\\t\\t\\t\\t\\t\\t\\t\\t\\t\\t\\t\\t\\t\\t\\t\\t\\t\\t\\t\\t\\t\\t\\t\\t\\t\\t\\t\\t\\t\\t\\t\\t\\t\\t\\t\\t\\t\\t\\t\\t\\t\\t\\t\\t\\t\\t\\t\\t\\t\\t\\t\\t\\t\\t\\t\\t\\t\\t\\t\\t\\t\\t\\t\\t\\t\\t\\t\\t\\t\\t\\t\\t\\t\\t\\t\\t\\t\\t\\t\\t\\t\\t\\t\\t\\t\\t\\t\\t\\t\\t\\t\\t\\t\\t\\t\\t\\t\\t\\t\\t\\t\\t\\t\\t\\t\\t\\t\\t\\t\\t\\t\\t\\t\\t\\t\\t\\t\\t\\t\\t\\t\\t\\t\\t\\t\\t\\t\\t\\t\\t\\t\\t\\t\\t\\t\\t\\t\\t\\t\\t\\t\\t\\t\\t\\t\\t\\t\\t\\t\\t\\t\\t\\t\\t\\t\\t\\t\\t\\t\\t\\t\\t\\t\\t\\t\\t\\t\\t\\t\\t\\t\\t\\t\\t\\t\\t\\t\\t\\t\\t\\t\\t\\t\\t\\t\\t\\t\\t\\t\\t\\t\\t\\t\\t\\t\\t\\t\\t\\t\\t\\t\\t\\t\\t\\t\\t\\t\\t\\t\\t\\t\\t\\t\\t\\t\\t\\t\\t\\t\\t\\t\\t\\t\\t\\t\\t\\t\\t\\t\\t\\t\\t\\t\\t\\t\\t\\t\\t\\t\\t\\t\\t\\t\\t\\t\\t\\t\\t\\t\\t\\t\\t\\t\\t\\t\\t\\t\\t\\t\\t\\t\\t\\t\\t\\t\\t\\t\\t\\t\\t\\t\\t\\t\\t\\t\\t\\t\\tShow only 16 SKU bundles when 16 SKU + Pre-designed is selected\\t\\t\\t\\t\\t\\t\\t\\t\\t\\t\\t\\t\\t\\t\\t\\t\\t\\t\\t\\t\\t\\t\\t\\t\\t\\t\\t\\t\\t\\t\\t\\t\\t\\t\\t\\t\\t\\t\\t\\t\\t\\t\\t\\t\\t\\t\\t\\t\\t\\t\\t\\t\\t\\t\\t\\t\\t\\t\\t\\t\\t\\t\\t\\t\\t\\t\\t\\t\\t\\t\\t\\t\\t\\t\\t\\t\\t\\t\\t\\t\\t\\t\\t\\t\\t\\t\\t\\t\\t\\t\\t\\t\\t\\t\\t\\t\\t\\t\\t\\t\\t\\t\\t\\t\\t\\t\\t\\t\\t\\t\\t\\t\\t\\t\\t\\t\\t\\t\\t\\t\\t\\t\\t\\t\\t\\t\\t\\t\\t\\t\\t\\t\\t\\t\\t\\t\\t\\t\\t\\t\\t\\t\\t\\t\\t\\t\\t\\t\\t\\t\\t\\t\\t\\t\\t\\t\\t\\t\\t\\t\\t\\t\\t\\t\\t\\t\\t\\t\\t\\t\\t\\t\\t\\t\\t\\t\\t\\t\\t\\t\\t\\t\\t\\t\\t\\t\\t\\t\\t\\t\\t\\t\\t\\t\\t\\t\\t\\t\\t\\t\\t\\t\\t\\t\\t\\t\\t\\t\\t\\t\\t\\t\\t\\t\\t\\t\\t\\t\\t\\t\\t\\t\\t\\t\\t\\t\\t\\t\\t\\t\\t\\t\\t\\t\\t\\t\\t\\t\\t\\t\\t\\t\\t\\t\\t\\t\\t\\t\\t\\t\\t\\t\\t\\t\\t\\t\\t\\t\\t\\t\\t\\t\\t\\t\\t\\t\\t\\t\\t\\t\\t\\t\\t\\t\\t\\t\\t\\t\\t\\t\\t\\t\\t\\t\\t\\t\\t\\t\\t\\t\\t\\t\\t\\t\\t\\t\\t\\t\\t\\t\\t\\t\\t\\t\\t\\t\\t\\t\\t\\t\\t\\t\\t\\t\\t\\t\\t\\t\\t\\t\\t\\t\\t\\t\\t\\t\\t\\t\\t\\t\\t\\t\\t\\t\\t\\t\\t\\t\\t\\t\\t\\t\\t\\t\\t\\t\\t\\t\\t\\t\\t\\t\\t\\t\\t\\t\\t\\t\\t\\t\",\"7\":\"\\t\\t\\t\\t\\t\\t\\t\\t\\t\\t\\t\\t\\t\\t\\t\\t\\t\\t\\t\\t\\t\\t\\t\\t\\t\\t\\t\\t\\t\\t\\t\\t\\t\\t\\t\\t\\t\\t\\t\\t\\t\\t\\t\\t\\t\\t\\t\\t\\t\\t\\t\\t\\t\\t\\t\\t\\t\\t\\t\\t\\t\\t\\t\\t\\t\\t\\t\\t\\t\\t\\t\\t\\t\\t\\t\\t\\t\\t\\t\\t\\t\\t\\t\\t\\t\\t\\t\\t\\t\\t\\t\\t\\t\\t\\t\\t\\t\\t\\t\\t\\t\\t\\t\\t\\t\\t\\t\\t\\t\\t\\t\\t\\t\\t\\t\\t\\t\\t\\t\\t\\t\\t\\t\\t\\t\\t\\t\\t\\t\\t\\t\\t\\t\\t\\t\\t\\t\\t\\t\\t\\t\\t\\t\\t\\t\\t\\t\\t\\t\\t\\t\\t\\t\\t\\t\\t\\t\\t\\t\\t\\t\\t\\t\\t\\t\\t\\t\\t\\t\\t\\t\\t\\t\\t\\t\\t\\t\\t\\t\\t\\t\\t\\t\\t\\t\\t\\t\\t\\t\\t\\t\\t\\t\\t\\t\\t\\t\\t\\t\\t\\t\\t\\t\\t\\t\\t\\t\\t\\t\\t\\t\\t\\t\\t\\t\\t\\t\\t\\t\\t\\t\\t\\t\\t\\t\\t\\t\\t\\t\\t\\t\\t\\t\\t\\t\\t\\t\\t\\t\\t\\t\\t\\t\\t\\t\\t\\t\\t\\t\\t\\t\\t\\t\\t\\t\\t\\t\\t\\t\\t\\t\\t\\t\\t\\t\\t\\t\\t\\t\\t\\t\\t\\t\\t\\t\\t\\t\\t\\t\\t\\t\\t\\t\\t\\t\\t\\t\\t\\t\\t\\t\\t\\t\\t\\t\\t\\t\\t\\t\\t\\t\\t\\t\\t\\t\\t\\t\\t\\t\\t\\t\\t\\t\\t\\t\\t\\t\\t\\t\\t\\t\\t\\t\\t\\t\\t\\t\\t\\t\\t\\t\\t\\t\\t\\t\\t\\t\\t\\t\\t\\t\\t\\t\\t\\t\\t\\t\\t\\t\\t\\t\\t\\t\\t\\t\\t\\t\\t\\t\\t\\t\\t\\t\\t\\t\\t\\t\\t\\t\\t\\t\\t\\t\\t\\t\\t\\t\\t\\t\\t\\t\\t\\t\\t\\t\\t\\t\\t\\t\\t\\t\\t\\t\\t\\t\\t\\t\\t\\t\\t\\t\\t\\t\\t\\t\\t\\t\\t\\t\\t\\t\\t\\t\\t\\t\\t\\t\\t\\t\\t\\t\\t\\t\\t\\t\\t\\t\\t\\t\\t\\t\\t\\t\\t\\t\\t\\t\\t\\t\\t\\t\\t\\t\\t\\t\\t\\t\\t\\t\\t\\t\\t\\t\\t\\t\\tShow only 10 SKU bundles when 8 SKU + Pre-designed is selected\\t\\t\\t\\t\\t\\t\\t\\t\\t\\t\\t\\t\\t\\t\\t\\t\\t\\t\\t\\t\\t\\t\\t\\t\\t\\t\\t\\t\\t\\t\\t\\t\\t\\t\\t\\t\\t\\t\\t\\t\\t\\t\\t\\t\\t\\t\\t\\t\\t\\t\\t\\t\\t\\t\\t\\t\\t\\t\\t\\t\\t\\t\\t\\t\\t\\t\\t\\t\\t\\t\\t\\t\\t\\t\\t\\t\\t\\t\\t\\t\\t\\t\\t\\t\\t\\t\\t\\t\\t\\t\\t\\t\\t\\t\\t\\t\\t\\t\\t\\t\\t\\t\\t\\t\\t\\t\\t\\t\\t\\t\\t\\t\\t\\t\\t\\t\\t\\t\\t\\t\\t\\t\\t\\t\\t\\t\\t\\t\\t\\t\\t\\t\\t\\t\\t\\t\\t\\t\\t\\t\\t\\t\\t\\t\\t\\t\\t\\t\\t\\t\\t\\t\\t\\t\\t\\t\\t\\t\\t\\t\\t\\t\\t\\t\\t\\t\\t\\t\\t\\t\\t\\t\\t\\t\\t\\t\\t\\t\\t\\t\\t\\t\\t\\t\\t\\t\\t\\t\\t\\t\\t\\t\\t\\t\\t\\t\\t\\t\\t\\t\\t\\t\\t\\t\\t\\t\\t\\t\\t\\t\\t\\t\\t\\t\\t\\t\\t\\t\\t\\t\\t\\t\\t\\t\\t\\t\\t\\t\\t\\t\\t\\t\\t\\t\\t\\t\\t\\t\\t\\t\\t\\t\\t\\t\\t\\t\\t\\t\\t\\t\\t\\t\\t\\t\\t\\t\\t\\t\\t\\t\\t\\t\\t\\t\\t\\t\\t\\t\\t\\t\\t\\t\\t\\t\\t\\t\\t\\t\\t\\t\\t\\t\\t\\t\\t\\t\\t\\t\\t\\t\\t\\t\\t\\t\\t\\t\\t\\t\\t\\t\\t\\t\\t\\t\\t\\t\\t\\t\\t\\t\\t\\t\\t\\t\\t\\t\\t\\t\\t\\t\\t\\t\\t\\t\\t\\t\\t\\t\\t\\t\\t\\t\\t\\t\\t\\t\\t\\t\\t\\t\\t\\t\\t\\t\\t\\t\\t\\t\\t\\t\\t\\t\\t\\t\\t\\t\\t\\t\\t\\t\\t\\t\\t\\t\\t\\t\\t\\t\\t\\t\\t\\t\\t\\t\\t\\t\\t\\t\\t\\t\\t\\t\\t\\t\\t\\t\\t\\t\\t\\t\\t\\t\\t\\t\\t\\t\\t\\t\\t\\t\",\"8\":\"\\t\\t\\t\\t\\t\\t\\t\\t\\t\\t\\t\\t\\t\\t\\t\\t\\t\\t\\t\\t\\t\\t\\t\\t\\t\\t\\t\\t\\t\\t\\t\\t\\t\\t\\t\\t\\t\\t\\t\\t\\t\\t\\t\\t\\t\\t\\t\\t\\t\\t\\t\\t\\t\\t\\t\\t\\t\\t\\t\\t\\t\\t\\t\\t\\t\\t\\t\\t\\t\\t\\t\\t\\t\\t\\t\\t\\t\\t\\t\\t\\t\\t\\t\\t\\t\\t\\t\\t\\t\\t\\t\\t\\t\\t\\t\\t\\t\\t\\t\\t\\t\\t\\t\\t\\t\\t\\t\\t\\t\\t\\t\\t\\t\\t\\t\\t\\t\\t\\t\\t\\t\\t\\t\\t\\t\\t\\t\\t\\t\\t\\t\\t\\t\\t\\t\\t\\t\\t\\t\\t\\t\\t\\t\\t\\t\\t\\t\\t\\t\\t\\t\\t\\t\\t\\t\\t\\t\\t\\t\\t\\t\\t\\t\\t\\t\\t\\t\\t\\t\\t\\t\\t\\t\\t\\t\\t\\t\\t\\t\\t\\t\\t\\t\\t\\t\\t\\t\\t\\t\\t\\t\\t\\t\\t\\t\\t\\t\\t\\t\\t\\t\\t\\t\\t\\t\\t\\t\\t\\t\\t\\t\\t\\t\\t\\t\\t\\t\\t\\t\\t\\t\\t\\t\\t\\t\\t\\t\\t\\t\\t\\t\\t\\t\\t\\t\\t\\t\\t\\t\\t\\t\\t\\t\\t\\t\\t\\t\\t\\t\\t\\t\\t\\t\\t\\t\\t\\t\\t\\t\\t\\t\\t\\t\\t\\t\\t\\t\\t\\t\\t\\t\\t\\t\\t\\t\\t\\t\\t\\t\\t\\t\\t\\t\\t\\t\\t\\t\\t\\t\\t\\t\\t\\t\\t\\t\\t\\t\\t\\t\\t\\t\\t\\t\\t\\t\\t\\t\\t\\t\\t\\t\\t\\t\\t\\t\\t\\t\\t\\t\\t\\t\\t\\t\\t\\t\\t\\t\\t\\t\\t\\t\\t\\t\\t\\t\\t\\t\\t\\t\\t\\t\\t\\t\\t\\t\\t\\t\\t\\t\\t\\t\\t\\t\\t\\t\\t\\t\\t\\t\\t\\t\\t\\t\\t\\t\\t\\t\\t\\t\\t\\t\\t\\t\\t\\t\\t\\t\\t\\t\\t\\t\\t\\t\\t\\t\\t\\t\\t\\t\\t\\t\\t\\t\\t\\t\\t\\t\\t\\t\\t\\t\\t\\t\\t\\t\\t\\t\\t\\t\\t\\t\\t\\t\\t\\t\\t\\t\\t\\t\\t\\t\\t\\t\\t\\t\\t\\t\\t\\t\\t\\t\\t\\t\\t\\t\\t\\t\\t\\t\\t\\t\\t\\t\\t\\t\\t\\t\\t\\t\\t\\t\\t\\t\\t\\t\\t\\t\\t\\t\\t\\t\\t\\t\\t\\t\\t\\t\\t\\t\\t\\t\\t\\t\\t\\t\\t\\t\\t\\t\\t\\t\\t\\t\\t\\t\\t\\t\\t\\t\\t\\t\\t\\t\\t\\tShow only 12 SKU bundles when 8 SKU + Pre-designed is selected\\t\\t\\t\\t\\t\\t\\t\\t\\t\\t\\t\\t\\t\\t\\t\\t\\t\\t\\t\\t\\t\\t\\t\\t\\t\\t\\t\\t\\t\\t\\t\\t\\t\\t\\t\\t\\t\\t\\t\\t\\t\\t\\t\\t\\t\\t\\t\\t\\t\\t\\t\\t\\t\\t\\t\\t\\t\\t\\t\\t\\t\\t\\t\\t\\t\\t\\t\\t\\t\\t\\t\\t\\t\\t\\t\\t\\t\\t\\t\\t\\t\\t\\t\\t\\t\\t\\t\\t\\t\\t\\t\\t\\t\\t\\t\\t\\t\\t\\t\\t\\t\\t\\t\\t\\t\\t\\t\\t\\t\\t\\t\\t\\t\\t\\t\\t\\t\\t\\t\\t\\t\\t\\t\\t\\t\\t\\t\\t\\t\\t\\t\\t\\t\\t\\t\\t\\t\\t\\t\\t\\t\\t\\t\\t\\t\\t\\t\\t\\t\\t\\t\\t\\t\\t\\t\\t\\t\\t\\t\\t\\t\\t\\t\\t\\t\\t\\t\\t\\t\\t\\t\\t\\t\\t\\t\\t\\t\\t\\t\\t\\t\\t\\t\\t\\t\\t\\t\\t\\t\\t\\t\\t\\t\\t\\t\\t\\t\\t\\t\\t\\t\\t\\t\\t\\t\\t\\t\\t\\t\\t\\t\\t\\t\\t\\t\\t\\t\\t\\t\\t\\t\\t\\t\\t\\t\\t\\t\\t\\t\\t\\t\\t\\t\\t\\t\\t\\t\\t\\t\\t\\t\\t\\t\\t\\t\\t\\t\\t\\t\\t\\t\\t\\t\\t\\t\\t\\t\\t\\t\\t\\t\\t\\t\\t\\t\\t\\t\\t\\t\\t\\t\\t\\t\\t\\t\\t\\t\\t\\t\\t\\t\\t\\t\\t\\t\\t\\t\\t\\t\\t\\t\\t\\t\\t\\t\\t\\t\\t\\t\\t\\t\\t\\t\\t\\t\\t\\t\\t\\t\\t\\t\\t\\t\\t\\t\\t\\t\\t\\t\\t\\t\\t\\t\\t\\t\\t\\t\\t\\t\\t\\t\\t\\t\\t\\t\\t\\t\\t\\t\\t\\t\\t\\t\\t\\t\\t\\t\\t\\t\\t\\t\\t\\t\\t\\t\\t\\t\\t\\t\\t\\t\\t\\t\\t\\t\\t\\t\\t\\t\\t\\t\\t\\t\\t\\t\\t\\t\\t\\t\\t\\t\\t\\t\\t\\t\\t\\t\\t\\t\\t\\t\\t\\t\\t\\t\\t\\t\\t\\t\\t\",\"9\":\"\\t\\t\\t\\t\\t\\t\\t\\t\\t\\t\\t\\t\\t\\t\\t\\t\\t\\t\\t\\t\\t\\t\\t\\t\\t\\t\\t\\t\\t\\t\\t\\t\\t\\t\\t\\t\\t\\t\\t\\t\\t\\t\\t\\t\\t\\t\\t\\t\\t\\t\\t\\t\\t\\t\\t\\t\\t\\t\\t\\t\\t\\t\\t\\t\\t\\t\\t\\t\\t\\t\\t\\t\\t\\t\\t\\t\\t\\t\\t\\t\\t\\t\\t\\t\\t\\t\\t\\t\\t\\t\\t\\t\\t\\t\\t\\t\\t\\t\\t\\t\\t\\t\\t\\t\\t\\t\\t\\t\\t\\t\\t\\t\\t\\t\\t\\t\\t\\t\\t\\t\\t\\t\\t\\t\\t\\t\\t\\t\\t\\t\\t\\t\\t\\t\\t\\t\\t\\t\\t\\t\\t\\t\\t\\t\\t\\t\\t\\t\\t\\t\\t\\t\\t\\t\\t\\t\\t\\t\\t\\t\\t\\t\\t\\t\\t\\t\\t\\t\\t\\t\\t\\t\\t\\t\\t\\t\\t\\t\\t\\t\\t\\t\\t\\t\\t\\t\\t\\t\\t\\t\\t\\t\\t\\t\\t\\t\\t\\t\\t\\t\\t\\t\\t\\t\\t\\t\\t\\t\\t\\t\\t\\t\\t\\t\\t\\t\\t\\t\\t\\t\\t\\t\\t\\t\\t\\t\\t\\t\\t\\t\\t\\t\\t\\t\\t\\t\\t\\t\\t\\t\\t\\t\\t\\t\\t\\t\\t\\t\\t\\t\\t\\t\\t\\t\\t\\t\\t\\t\\t\\t\\t\\t\\t\\t\\t\\t\\t\\t\\t\\t\\t\\t\\t\\t\\t\\t\\t\\t\\t\\t\\t\\t\\t\\t\\t\\t\\t\\t\\t\\t\\t\\t\\t\\t\\t\\t\\t\\t\\t\\t\\t\\t\\t\\t\\t\\t\\t\\t\\t\\t\\t\\t\\t\\t\\t\\t\\t\\t\\t\\t\\t\\t\\t\\t\\t\\t\\t\\t\\t\\t\\t\\t\\t\\t\\t\\t\\t\\t\\t\\t\\t\\t\\t\\t\\t\\t\\t\\t\\t\\t\\t\\t\\t\\t\\t\\t\\t\\t\\t\\t\\t\\t\\t\\t\\t\\t\\t\\t\\t\\t\\t\\t\\t\\t\\t\\t\\t\\t\\t\\t\\t\\t\\t\\t\\t\\t\\t\\t\\t\\t\\t\\t\\t\\t\\t\\t\\t\\t\\t\\t\\t\\t\\t\\t\\t\\t\\t\\t\\t\\t\\t\\t\\t\\t\\t\\t\\t\\t\\t\\t\\t\\t\\t\\t\\t\\t\\t\\t\\t\\t\\t\\t\\t\\t\\t\\t\\t\\t\\t\\t\\t\\t\\t\\t\\t\\t\\t\\t\\t\\t\\t\\t\\t\\t\\t\\t\\t\\t\\t\\t\\t\\t\\t\\t\\t\\t\\t\\t\\t\\t\\t\\t\\t\\t\\t\\t\\t\\t\\t\\t\\t\\t\\t\\t\\t\\t\\t\\t\\t\\t\\t\\t\\t\\t\\t\\t\\t\\t\\t\\t\\t\\t\\t\\t\\t\\t\\t\\t\\t\\t\\t\\t\\t\\t\\t\\t\\t\\t\\t\\t\\t\\t\\t\\t\\t\\t\\t\\t\\t\\t\\t\\t\\t\\tShow only 20 SKU bundles when 8 SKU + Pre-designed is selected\\t\\t\\t\\t\\t\\t\\t\\t\\t\\t\\t\\t\\t\\t\\t\\t\\t\\t\\t\\t\\t\\t\\t\\t\\t\\t\\t\\t\\t\\t\\t\\t\\t\\t\\t\\t\\t\\t\\t\\t\\t\\t\\t\\t\\t\\t\\t\\t\\t\\t\\t\\t\\t\\t\\t\\t\\t\\t\\t\\t\\t\\t\\t\\t\\t\\t\\t\\t\\t\\t\\t\\t\\t\\t\\t\\t\\t\\t\\t\\t\\t\\t\\t\\t\\t\\t\\t\\t\\t\\t\\t\\t\\t\\t\\t\\t\\t\\t\\t\\t\\t\\t\\t\\t\\t\\t\\t\\t\\t\\t\\t\\t\\t\\t\\t\\t\\t\\t\\t\\t\\t\\t\\t\\t\\t\\t\\t\\t\\t\\t\\t\\t\\t\\t\\t\\t\\t\\t\\t\\t\\t\\t\\t\\t\\t\\t\\t\\t\\t\\t\\t\\t\\t\\t\\t\\t\\t\\t\\t\\t\\t\\t\\t\\t\\t\\t\\t\\t\\t\\t\\t\\t\\t\\t\\t\\t\\t\\t\\t\\t\\t\\t\\t\\t\\t\\t\\t\\t\\t\\t\\t\\t\\t\\t\\t\\t\\t\\t\\t\\t\\t\\t\\t\\t\\t\\t\\t\\t\\t\\t\\t\\t\\t\\t\\t\\t\\t\\t\\t\\t\\t\\t\\t\\t\\t\\t\\t\\t\\t\\t\\t\\t\\t\\t\\t\\t\\t\\t\\t\\t\\t\\t\\t\\t\\t\\t\\t\\t\\t\\t\\t\\t\\t\\t\\t\\t\\t\\t\\t\\t\\t\\t\\t\\t\\t\\t\\t\\t\\t\\t\\t\\t\\t\\t\\t\\t\\t\\t\\t\\t\\t\\t\\t\\t\\t\\t\\t\\t\\t\\t\\t\\t\\t\\t\\t\\t\\t\\t\\t\\t\\t\\t\\t\\t\\t\\t\\t\\t\\t\\t\\t\\t\\t\\t\\t\\t\\t\\t\\t\\t\\t\\t\\t\\t\\t\\t\\t\\t\\t\\t\\t\\t\\t\\t\\t\\t\\t\\t\\t\\t\\t\\t\\t\\t\\t\\t\\t\\t\\t\\t\\t\\t\\t\\t\\t\\t\\t\\t\\t\\t\\t\\t\\t\\t\\t\\t\\t\\t\\t\\t\\t\\t\\t\\t\\t\\t\\t\\t\\t\\t\\t\\t\\t\\t\\t\\t\\t\\t\\t\\t\\t\\t\\t\\t\\t\\t\\t\\t\\t\\t\"}},{\"id\":56975,\"key\":\"af_comp_product_sc_hide_comp_cb\",\"value\":{\"4\":\"yes\"}},{\"id\":56976,\"key\":\"af_comp_product_sc_hide_options_cb\",\"value\":{\"5\":\"yes\",\"6\":\"yes\",\"7\":\"yes\",\"8\":\"yes\",\"9\":\"yes\"}},{\"id\":56977,\"key\":\"af_cp_scenario_condition_comp\",\"value\":{\"4\":{\"1\":\"2\"},\"5\":{\"1\":\"1\",\"2\":\"2\"},\"6\":{\"1\":\"1\",\"2\":\"2\"},\"7\":{\"1\":\"1\"},\"8\":{\"1\":\"1\"},\"9\":{\"1\":\"1\"}}},{\"id\":56978,\"key\":\"af_cp_scenario_action_comp\",\"value\":{\"5\":{\"1\":\"4\"},\"6\":{\"1\":\"4\"},\"7\":{\"1\":\"1\"},\"8\":{\"1\":\"1\"},\"9\":{\"1\":\"1\"}}},{\"id\":56979,\"key\":\"af_cp_action_type\",\"value\":[]},{\"id\":56980,\"key\":\"af_cp_sc_type_selection\",\"value\":[]},{\"id\":56981,\"key\":\"af_cp_scenario_condition_type\",\"value\":{\"4\":{\"1\":\"is\"},\"5\":{\"1\":\"is\",\"2\":\"is\"},\"6\":{\"1\":\"is\",\"2\":\"is\"},\"7\":{\"1\":\"is\"},\"8\":{\"1\":\"is\"},\"9\":{\"1\":\"is\"}}},{\"id\":56982,\"key\":\"af_cp_scenario_condition_products\",\"value\":{\"4\":{\"1\":[\"4646\"]},\"5\":{\"1\":[\"474\"],\"2\":[\"4647\"]},\"6\":{\"1\":[\"473\"],\"2\":[\"4647\"]},\"7\":{\"1\":[\"499\"]},\"8\":{\"1\":[\"3800\"]},\"9\":{\"1\":[\"477\"]}}},{\"id\":56983,\"key\":\"af_cp_scenario_action_type\",\"value\":{\"5\":{\"1\":\"hide\"},\"6\":{\"1\":\"hide\"},\"7\":{\"1\":\"hide\"},\"8\":{\"1\":\"hide\"},\"9\":{\"1\":\"hide\"}}},{\"id\":56984,\"key\":\"af_cp_scenario_action_products\",\"value\":{\"5\":{\"1\":[\"3866\",\"3865\",\"3864\",\"2936\",\"2915\",\"2913\"]},\"6\":{\"1\":[\"3867\",\"3868\",\"3863\",\"2936\"]},\"7\":{\"1\":[\"474\",\"3800\",\"473\",\"477\"]},\"8\":{\"1\":[\"474\",\"499\",\"473\",\"477\"]},\"9\":{\"1\":[\"474\",\"499\",\"3800\",\"473\"]}}},{\"id\":56985,\"key\":\"af_cp_sc_action_type_selection\",\"value\":[]},{\"id\":56986,\"key\":\"af_cp_selection_title_cb\",\"value\":{\"1\":\"yes\",\"2\":\"yes\",\"4\":\"yes\"}},{\"id\":56987,\"key\":\"af_cp_selection_desc_cb\",\"value\":{\"4\":\"yes\"}},{\"id\":56988,\"key\":\"af_cp_selection_thumbnail_cb\",\"value\":{\"4\":\"yes\"}},{\"id\":56989,\"key\":\"af_cp_selection_price_cb\",\"value\":{\"4\":\"yes\"}},{\"id\":56990,\"key\":\"af_cp_selection_stock_cb\",\"value\":{\"1\":\"yes\"}},{\"id\":56991,\"key\":\"af_cp_comp_adj_type\",\"value\":{\"1\":\"same_price\",\"2\":\"fixed_increase\",\"4\":\"fixed_increase\"}},{\"id\":56992,\"key\":\"af_cp_comp_adj_price_value\",\"value\":{\"1\":\"0\",\"2\":\"0\",\"4\":\"0\"}},{\"id\":56993,\"key\":\"af_composite_product_sorting_cb\",\"value\":[]},{\"id\":56994,\"key\":\"af_cp_enable_scenario_cb\",\"value\":{\"4\":\"yes\",\"5\":\"yes\",\"6\":\"yes\",\"7\":\"yes\",\"8\":\"yes\",\"9\":\"yes\"}},{\"id\":56995,\"key\":\"af_cp_sc_hide_comps\",\"value\":{\"4\":[\"4\"]}},{\"id\":57014,\"key\":\"_yoast_wpseo_primary_product_brand\",\"value\":\"\"},{\"id\":57015,\"key\":\"_yoast_wpseo_primary_product_cat\",\"value\":\"\"},{\"id\":57016,\"key\":\"_yoast_wpseo_content_score\",\"value\":\"90\"},{\"id\":57017,\"key\":\"_yoast_wpseo_focuskeywords\",\"value\":\"\"},{\"id\":57018,\"key\":\"_yoast_wpseo_keywordsynonyms\",\"value\":\"\"},{\"id\":57019,\"key\":\"_yoast_wpseo_estimated-reading-time-minutes\",\"value\":\"1\"},{\"id\":57322,\"key\":\"af_cp_shipping_page_type\",\"value\":\"composite\"},{\"id\":59003,\"key\":\"_yoast_indexnow_last_ping\",\"value\":\"1760476242\"},{\"id\":59004,\"key\":\"_wp_old_date\",\"value\":\"2025-09-03\"},{\"id\":70281,\"key\":\"_afcpb_components\",\"value\":{\"1\":{\"title\":\"Number of SKUs\",\"desc\":\"How many flower strains would you like to physically feature via jars in front of the display?\",\"required\":\"yes\",\"type\":\"simple\",\"products\":[\"474\",\"499\",\"3800\",\"473\",\"477\"],\"default_product\":\"474\",\"min_qty\":\"1\",\"max_qty\":\"1\"},\"2\":{\"title\":\"Build Strategy\",\"desc\":\"Choose your build approach - Custom Build for hardware-only or Pre-designed for complete bundles.\",\"required\":\"yes\",\"type\":\"simple\",\"products\":[\"4646\",\"4647\"],\"default_product\":\"4647\",\"min_qty\":\"1\",\"max_qty\":\"1\"},\"4\":{\"title\":\"Choose Your Complete Bundle\",\"desc\":\"Select your preferred flower station configuration with hardware and furniture included.\",\"required\":\"no\",\"type\":\"simple\",\"products\":[\"0\",\"3864\",\"3865\",\"3866\",\"3863\",\"3868\",\"3867\",\"2936\",\"2913\",\"2915\"],\"default_product\":\"3867\",\"min_qty\":\"1\",\"max_qty\":\"1\"}}},{\"id\":70282,\"key\":\"_afcpb_enable\",\"value\":\"yes\"},{\"id\":70283,\"key\":\"_afcpb_price_display\",\"value\":\"yes\"},{\"id\":70284,\"key\":\"_afcpb_total_price\",\"value\":\"0\"},{\"id\":70285,\"key\":\"_afcpb_min_price\",\"value\":\"0\"},{\"id\":70286,\"key\":\"_afcpb_max_price\",\"value\":\"0\"}],\"stock_status\":\"instock\",\"has_options\":false,\"post_password\":\"\",\"global_unique_id\":\"\",\"yoast_head\":\"<!-- This site is optimized with the Yoast SEO Premium plugin v26.1 (Yoast SEO v26.1.1) - https:\\/\\/yoast.com\\/wordpress\\/plugins\\/seo\\/ -->\\n<title>Flower Station \\u2013 Configure Now | The Peak Beyond<\\/title>\\n<!-- Admin only notice: this page does not show a meta description because it does not have one, either write it for this page specifically or go into the [Yoast SEO - Settings] menu and set up a template. -->\\n<meta name=\\\"robots\\\" content=\\\"index, follow, max-snippet:-1, max-image-preview:large, max-video-preview:-1\\\" \\/>\\n<link rel=\\\"canonical\\\" href=\\\"https:\\/\\/cannabis-kiosks.com\\/product\\/flower-station-configure-now\\/\\\" \\/>\\n<meta property=\\\"og:locale\\\" content=\\\"en_US\\\" \\/>\\n<meta property=\\\"og:type\\\" content=\\\"article\\\" \\/>\\n<meta property=\\\"og:title\\\" content=\\\"Flower Station \\u2013 Configure Now\\\" \\/>\\n<meta property=\\\"og:description\\\" content=\\\"This is a test description.\\\" \\/>\\n<meta property=\\\"og:url\\\" content=\\\"https:\\/\\/cannabis-kiosks.com\\/product\\/flower-station-configure-now\\/\\\" \\/>\\n<meta property=\\\"og:site_name\\\" content=\\\"The Peak Beyond\\\" \\/>\\n<meta property=\\\"article:publisher\\\" content=\\\"https:\\/\\/www.facebook.com\\/thepeakbeyond\\/\\\" \\/>\\n<meta property=\\\"article:modified_time\\\" content=\\\"2025-10-14T21:10:43+00:00\\\" \\/>\\n<meta property=\\\"og:image\\\" content=\\\"https:\\/\\/cannabis-kiosks.com\\/wp-content\\/uploads\\/2025\\/08\\/16-COUNT-JAR_Comp-fs-1.jpg\\\" \\/>\\n\\t<meta property=\\\"og:image:width\\\" content=\\\"2000\\\" \\/>\\n\\t<meta property=\\\"og:image:height\\\" content=\\\"2000\\\" \\/>\\n\\t<meta property=\\\"og:image:type\\\" content=\\\"image\\/jpeg\\\" \\/>\\n<meta name=\\\"twitter:card\\\" content=\\\"summary_large_image\\\" \\/>\\n<meta name=\\\"twitter:label1\\\" content=\\\"Est. reading time\\\" \\/>\\n\\t<meta name=\\\"twitter:data1\\\" content=\\\"1 minute\\\" \\/>\\n<script type=\\\"application\\/ld+json\\\" class=\\\"yoast-schema-graph\\\">{\\\"@context\\\":\\\"https:\\/\\/schema.org\\\",\\\"@graph\\\":[{\\\"@type\\\":\\\"WebPage\\\",\\\"@id\\\":\\\"https:\\/\\/cannabis-kiosks.com\\/product\\/flower-station-configure-now\\/\\\",\\\"url\\\":\\\"https:\\/\\/cannabis-kiosks.com\\/product\\/flower-station-configure-now\\/\\\",\\\"name\\\":\\\"Flower Station \\u2013 Configure Now | The Peak Beyond\\\",\\\"isPartOf\\\":{\\\"@id\\\":\\\"https:\\/\\/cannabis-kiosks.com\\/#website\\\"},\\\"datePublished\\\":\\\"2025-09-04T19:08:13+00:00\\\",\\\"dateModified\\\":\\\"2025-10-14T21:10:43+00:00\\\",\\\"breadcrumb\\\":{\\\"@id\\\":\\\"https:\\/\\/cannabis-kiosks.com\\/product\\/flower-station-configure-now\\/#breadcrumb\\\"},\\\"inLanguage\\\":\\\"en-US\\\",\\\"potentialAction\\\":[{\\\"@type\\\":\\\"ReadAction\\\",\\\"target\\\":[\\\"https:\\/\\/cannabis-kiosks.com\\/product\\/flower-station-configure-now\\/\\\"]}]},{\\\"@type\\\":\\\"BreadcrumbList\\\",\\\"@id\\\":\\\"https:\\/\\/cannabis-kiosks.com\\/product\\/flower-station-configure-now\\/#breadcrumb\\\",\\\"itemListElement\\\":[{\\\"@type\\\":\\\"ListItem\\\",\\\"position\\\":1,\\\"name\\\":\\\"Home\\\",\\\"item\\\":\\\"https:\\/\\/cannabis-kiosks.com\\/\\\"},{\\\"@type\\\":\\\"ListItem\\\",\\\"position\\\":2,\\\"name\\\":\\\"Products\\\",\\\"item\\\":\\\"https:\\/\\/cannabis-kiosks.com\\/shop\\/\\\"},{\\\"@type\\\":\\\"ListItem\\\",\\\"position\\\":3,\\\"name\\\":\\\"Flower Station \\u2013 Configure Now\\\"}]},{\\\"@type\\\":\\\"WebSite\\\",\\\"@id\\\":\\\"https:\\/\\/cannabis-kiosks.com\\/#website\\\",\\\"url\\\":\\\"https:\\/\\/cannabis-kiosks.com\\/\\\",\\\"name\\\":\\\"The Peak Beyond \\/ Cannabis Kiosks\\\",\\\"description\\\":\\\"Interactive shopping kiosks for cannabis retail\\\",\\\"publisher\\\":{\\\"@id\\\":\\\"https:\\/\\/cannabis-kiosks.com\\/#organization\\\"},\\\"potentialAction\\\":[{\\\"@type\\\":\\\"SearchAction\\\",\\\"target\\\":{\\\"@type\\\":\\\"EntryPoint\\\",\\\"urlTemplate\\\":\\\"https:\\/\\/cannabis-kiosks.com\\/?s={search_term_string}\\\"},\\\"query-input\\\":{\\\"@type\\\":\\\"PropertyValueSpecification\\\",\\\"valueRequired\\\":true,\\\"valueName\\\":\\\"search_term_string\\\"}}],\\\"inLanguage\\\":\\\"en-US\\\"},{\\\"@type\\\":\\\"Organization\\\",\\\"@id\\\":\\\"https:\\/\\/cannabis-kiosks.com\\/#organization\\\",\\\"name\\\":\\\"The Peak Beyond \\/ Cannabis Kiosks\\\",\\\"url\\\":\\\"https:\\/\\/cannabis-kiosks.com\\/\\\",\\\"logo\\\":{\\\"@type\\\":\\\"ImageObject\\\",\\\"inLanguage\\\":\\\"en-US\\\",\\\"@id\\\":\\\"https:\\/\\/cannabis-kiosks.com\\/#\\/schema\\/logo\\/image\\/\\\",\\\"url\\\":\\\"https:\\/\\/cannabis-kiosks.com\\/wp-content\\/uploads\\/2025\\/02\\/the-peak-beyond-logo-teal-and-black-icon-small.webp\\\",\\\"contentUrl\\\":\\\"https:\\/\\/cannabis-kiosks.com\\/wp-content\\/uploads\\/2025\\/02\\/the-peak-beyond-logo-teal-and-black-icon-small.webp\\\",\\\"width\\\":350,\\\"height\\\":342,\\\"caption\\\":\\\"The Peak Beyond \\/ Cannabis Kiosks\\\"},\\\"image\\\":{\\\"@id\\\":\\\"https:\\/\\/cannabis-kiosks.com\\/#\\/schema\\/logo\\/image\\/\\\"},\\\"sameAs\\\":[\\\"https:\\/\\/www.facebook.com\\/thepeakbeyond\\/\\\",\\\"https:\\/\\/www.instagram.com\\/thepeakbeyond\\/#\\\",\\\"https:\\/\\/www.linkedin.com\\/company\\/the-peak-beyond\\\"]}]}<\\/script>\\n<!-- \\/ Yoast SEO Premium plugin. -->\",\"yoast_head_json\":{\"title\":\"Flower Station \\u2013 Configure Now | The Peak Beyond\",\"robots\":{\"index\":\"index\",\"follow\":\"follow\",\"max-snippet\":\"max-snippet:-1\",\"max-image-preview\":\"max-image-preview:large\",\"max-video-preview\":\"max-video-preview:-1\"},\"canonical\":\"https:\\/\\/cannabis-kiosks.com\\/product\\/flower-station-configure-now\\/\",\"og_locale\":\"en_US\",\"og_type\":\"article\",\"og_title\":\"Flower Station \\u2013 Configure Now\",\"og_description\":\"This is a test description.\",\"og_url\":\"https:\\/\\/cannabis-kiosks.com\\/product\\/flower-station-configure-now\\/\",\"og_site_name\":\"The Peak Beyond\",\"article_publisher\":\"https:\\/\\/www.facebook.com\\/thepeakbeyond\\/\",\"article_modified_time\":\"2025-10-14T21:10:43+00:00\",\"og_image\":[{\"width\":2000,\"height\":2000,\"url\":\"https:\\/\\/cannabis-kiosks.com\\/wp-content\\/uploads\\/2025\\/08\\/16-COUNT-JAR_Comp-fs-1.jpg\",\"type\":\"image\\/jpeg\"}],\"twitter_card\":\"summary_large_image\",\"twitter_misc\":{\"Est. reading time\":\"1 minute\"},\"schema\":{\"@context\":\"https:\\/\\/schema.org\",\"@graph\":[{\"@type\":\"WebPage\",\"@id\":\"https:\\/\\/cannabis-kiosks.com\\/product\\/flower-station-configure-now\\/\",\"url\":\"https:\\/\\/cannabis-kiosks.com\\/product\\/flower-station-configure-now\\/\",\"name\":\"Flower Station \\u2013 Configure Now | The Peak Beyond\",\"isPartOf\":{\"@id\":\"https:\\/\\/cannabis-kiosks.com\\/#website\"},\"datePublished\":\"2025-09-04T19:08:13+00:00\",\"dateModified\":\"2025-10-14T21:10:43+00:00\",\"breadcrumb\":{\"@id\":\"https:\\/\\/cannabis-kiosks.com\\/product\\/flower-station-configure-now\\/#breadcrumb\"},\"inLanguage\":\"en-US\",\"potentialAction\":[{\"@type\":\"ReadAction\",\"target\":[\"https:\\/\\/cannabis-kiosks.com\\/product\\/flower-station-configure-now\\/\"]}]},{\"@type\":\"BreadcrumbList\",\"@id\":\"https:\\/\\/cannabis-kiosks.com\\/product\\/flower-station-configure-now\\/#breadcrumb\",\"itemListElement\":[{\"@type\":\"ListItem\",\"position\":1,\"name\":\"Home\",\"item\":\"https:\\/\\/cannabis-kiosks.com\\/\"},{\"@type\":\"ListItem\",\"position\":2,\"name\":\"Products\",\"item\":\"https:\\/\\/cannabis-kiosks.com\\/shop\\/\"},{\"@type\":\"ListItem\",\"position\":3,\"name\":\"Flower Station \\u2013 Configure Now\"}]},{\"@type\":\"WebSite\",\"@id\":\"https:\\/\\/cannabis-kiosks.com\\/#website\",\"url\":\"https:\\/\\/cannabis-kiosks.com\\/\",\"name\":\"The Peak Beyond \\/ Cannabis Kiosks\",\"description\":\"Interactive shopping kiosks for cannabis retail\",\"publisher\":{\"@id\":\"https:\\/\\/cannabis-kiosks.com\\/#organization\"},\"potentialAction\":[{\"@type\":\"SearchAction\",\"target\":{\"@type\":\"EntryPoint\",\"urlTemplate\":\"https:\\/\\/cannabis-kiosks.com\\/?s={search_term_string}\"},\"query-input\":{\"@type\":\"PropertyValueSpecification\",\"valueRequired\":true,\"valueName\":\"search_term_string\"}}],\"inLanguage\":\"en-US\"},{\"@type\":\"Organization\",\"@id\":\"https:\\/\\/cannabis-kiosks.com\\/#organization\",\"name\":\"The Peak Beyond \\/ Cannabis Kiosks\",\"url\":\"https:\\/\\/cannabis-kiosks.com\\/\",\"logo\":{\"@type\":\"ImageObject\",\"inLanguage\":\"en-US\",\"@id\":\"https:\\/\\/cannabis-kiosks.com\\/#\\/schema\\/logo\\/image\\/\",\"url\":\"https:\\/\\/cannabis-kiosks.com\\/wp-content\\/uploads\\/2025\\/02\\/the-peak-beyond-logo-teal-and-black-icon-small.webp\",\"contentUrl\":\"https:\\/\\/cannabis-kiosks.com\\/wp-content\\/uploads\\/2025\\/02\\/the-peak-beyond-logo-teal-and-black-icon-small.webp\",\"width\":350,\"height\":342,\"caption\":\"The Peak Beyond \\/ Cannabis Kiosks\"},\"image\":{\"@id\":\"https:\\/\\/cannabis-kiosks.com\\/#\\/schema\\/logo\\/image\\/\"},\"sameAs\":[\"https:\\/\\/www.facebook.com\\/thepeakbeyond\\/\",\"https:\\/\\/www.instagram.com\\/thepeakbeyond\\/#\",\"https:\\/\\/www.linkedin.com\\/company\\/the-peak-beyond\"]}]}},\"jetpack_sharing_enabled\":true,\"_links\":{\"self\":[{\"href\":\"https:\\/\\/cannabis-kiosks.com\\/wp-json\\/wc\\/v3\\/products\\/4607\",\"targetHints\":{\"allow\":[\"GET\",\"POST\",\"PUT\",\"PATCH\",\"DELETE\"]}}],\"collection\":[{\"href\":\"https:\\/\\/cannabis-kiosks.com\\/wp-json\\/wc\\/v3\\/products\"}]}}
            [Response] => Array
                (
                    [Code] => 200
                    [Message] => OK
                    [Headers] => WpOrg\Requests\Utility\CaseInsensitiveDictionary Object
                        (
                            [data:protected] => Array
                                (
                                    [date] => Tue, 14 Oct 2025 23:09:49 GMT
                                    [content-length] => 0
                                    [cf-ray] => 98eabf1f6f596f51-CDG
                                    [vary] => Origin
                                    [via] => 1.1 google
                                    [cf-cache-status] => DYNAMIC
                                    [strict-transport-security] => max-age=15552000
                                    [server] => cloudflare
                                )

                        )

                    [Body] => 
                )

        )

)
2025-10-14T23:09:50+00:00 INFO Array
(
    [Webhook Delivery] => Array
        (
            [Delivery ID] => 30ab5ae296c2b1111f26bf6665e05efd
            [Date] => Oct 14, 2025 @ 23:09
            [URL] => https://webhooks.automizely.com/aftership/woocommerce/order/v1
            [Duration] => 0.27158
            [Request] => Array
                (
                    [Method] => POST
                    [Headers] => Array
                        (
                            [User-Agent] => WooCommerce/10.2.2 Hookshot (WordPress/6.8.2)
                            [Content-Type] => application/json
                            [X-WC-Webhook-Source] => https://cannabis-kiosks.com/
                            [X-WC-Webhook-Topic] => order.updated
                            [X-WC-Webhook-Resource] => order
                            [X-WC-Webhook-Event] => updated
                            [X-WC-Webhook-Signature] => BppoPbDA1pN0lrLRKCkxIm9wUmYty6nkzM+NItE55Ws=
                            [X-WC-Webhook-ID] => 55
                            [X-WC-Webhook-Delivery-ID] => 30ab5ae296c2b1111f26bf6665e05efd
                        )

                )

            [Body] => {\"id\":3016,\"parent_id\":0,\"status\":\"pending\",\"currency\":\"USD\",\"version\":\"10.2.2\",\"prices_include_tax\":false,\"date_created\":\"2025-05-27T20:42:32\",\"date_modified\":\"2025-05-27T21:19:53\",\"discount_total\":\"716.00\",\"discount_tax\":\"53.70\",\"shipping_total\":\"1806.00\",\"shipping_tax\":\"0.00\",\"cart_tax\":\"653.93\",\"total\":\"11178.93\",\"total_tax\":\"653.93\",\"customer_id\":1,\"order_key\":\"wc_order_XfLuR0hXsGWr2\",\"billing\":{\"first_name\":\"Shivam Patel\",\"last_name\":\"\",\"company\":\"\",\"address_1\":\"\",\"address_2\":\"\",\"city\":\"\",\"state\":\"\",\"postcode\":\"\",\"country\":\"\",\"email\":\"jeff@thepeakbeyond.com\",\"phone\":\"\"},\"shipping\":{\"first_name\":\"\",\"last_name\":\"\",\"company\":\"\",\"address_1\":\"\",\"address_2\":\"\",\"city\":\"\",\"state\":\"\",\"postcode\":\"\",\"country\":\"\",\"phone\":\"\"},\"payment_method\":\"\",\"payment_method_title\":\"\",\"transaction_id\":\"\",\"customer_ip_address\":\"98.56.162.34\",\"customer_user_agent\":\"Mozilla\\/5.0 (Macintosh; Intel Mac OS X 10_15_7) AppleWebKit\\/537.36 (KHTML, like Gecko) Chrome\\/136.0.0.0 Safari\\/537.36\",\"created_via\":\"ywraq\",\"customer_note\":\"\",\"date_completed\":null,\"date_paid\":null,\"cart_hash\":\"\",\"number\":\"3016\",\"meta_data\":[{\"id\":31408,\"key\":\"ywraq_raq\",\"value\":\"yes\"},{\"id\":31410,\"key\":\"_current_user\",\"value\":\"1\"},{\"id\":31411,\"key\":\"ywraq_raq_status\",\"value\":\"accepted\"},{\"id\":31413,\"key\":\"_ywraq_version\",\"value\":\"4.33.0\"},{\"id\":31414,\"key\":\"_ywraq_pdf_crypt\",\"value\":\"yes\"},{\"id\":31415,\"key\":\"ywraq_customer_name\",\"value\":\"Shivam Patel\"},{\"id\":31416,\"key\":\"ywraq_customer_message\",\"value\":\"This is a test quote\"},{\"id\":31417,\"key\":\"ywraq_customer_email\",\"value\":\"jeff@thepeakbeyond.com\"},{\"id\":31418,\"key\":\"_raq_request\",\"value\":{\"first_name\":{\"id\":\"first_name\",\"type\":\"text\",\"label\":\"First Name\",\"connect_to_field\":\"\",\"value\":\"Shivam\"},\"last_name\":{\"id\":\"last_name\",\"type\":\"text\",\"label\":\"Last Name\",\"connect_to_field\":\"\",\"value\":\"Patel\"},\"email\":{\"id\":\"email\",\"type\":\"email\",\"label\":\"Email\",\"connect_to_field\":\"\",\"value\":\"jeff@thepeakbeyond.com\"},\"message\":{\"id\":\"message\",\"type\":\"textarea\",\"label\":\"Message\",\"connect_to_field\":\"\",\"value\":\"This is a test quote\"},\"location_name\":{\"id\":\"location_name\",\"type\":\"text\",\"label\":\"Location Name\",\"connect_to_field\":\"\",\"value\":\"Newburgh\"},\"social_equity\":{\"id\":\"social_equity\",\"type\":\"radio\",\"label\":\"Are you a social equity license holder?\",\"connect_to_field\":\"\",\"value\":\"Yes\"},\"customer_id\":1,\"raq_content\":{\"bc99aa09629bfa56cf9ac3de4b3961d7\":{\"product_id\":\"452\",\"variation_id\":\"871\",\"quantity\":\"4\",\"variations\":{\"attribute_pa_remedy-finish\":\"black-acrylic\"}}},\"sent_from_cart\":false,\"user_name\":\"Shivam Patel\",\"user_email\":\"jeff@thepeakbeyond.com\",\"user_message\":\"This is a test quote\"}},{\"id\":31419,\"key\":\"ywraq_other_email_fields\",\"value\":{\"Location Name\":\"Newburgh\",\"Are you a social equity license holder?\":\"Yes\"}},{\"id\":31420,\"key\":\"ywraq_other_email_content\",\"value\":\"<strong>Location Name<\\/strong>: Newburgh<br><strong>Are you a social equity license holder?<\\/strong>: Yes<br>\"},{\"id\":31425,\"key\":\"ac_order_last_synced_time\",\"value\":\"1748380871\"},{\"id\":31426,\"key\":\"ac_datahash\",\"value\":\"420c55d6ad793db0af249219710eb195\"},{\"id\":31436,\"key\":\"_aftership_migrated\",\"value\":\"ok\"},{\"id\":31437,\"key\":\"_ywraq_enable_custom_text\",\"value\":\"no\"},{\"id\":31438,\"key\":\"_ywcm_request_response\",\"value\":\"\"},{\"id\":31439,\"key\":\"_ywraq_request_response_after\",\"value\":\"\"},{\"id\":31440,\"key\":\"_ywraq_optional_attachment\",\"value\":\"\"},{\"id\":31441,\"key\":\"_ywraq_enable_expiry_date\",\"value\":\"no\"},{\"id\":31442,\"key\":\"_ywraq_request_my_account_admin_message\",\"value\":\"Please review the quote and accept if you are ready to move forward with payment.\"},{\"id\":31443,\"key\":\"_ywraq_override_quote_payment_options\",\"value\":\"no\"},{\"id\":31444,\"key\":\"_ywraq_pay_quote_now\",\"value\":\"no\"},{\"id\":31445,\"key\":\"_ywraq_checkout_info\",\"value\":\"-\"},{\"id\":31446,\"key\":\"_ywraq_disable_shipping_method\",\"value\":\"1\"},{\"id\":31447,\"key\":\"_ywraq_lock_editing\",\"value\":\"no\"},{\"id\":31448,\"key\":\"_ywraq_safe_submit_field\",\"value\":\"send_quote\"},{\"id\":31449,\"key\":\"_ywraq_email_preview\",\"value\":{\"email\":\"jeff@thepeakbeyond.com\"}},{\"id\":31462,\"key\":\"_ywcm_request_expire\",\"value\":\"\"},{\"id\":31464,\"key\":\"_ywraq_author\",\"value\":\"1\"},{\"id\":31465,\"key\":\"ywraq_pending_status_date\",\"value\":\"2025-05-27\"},{\"id\":31466,\"key\":\"ywraq_status\",\"value\":\"pending\"},{\"id\":31484,\"key\":\"ac_last_synced_status\",\"value\":\"pending\"},{\"id\":31485,\"key\":\"activecampaign_for_woocommerce_external_checkout_id\",\"value\":\"f1cabe548c7759e6dcdbd7ec19f37abe\"}],\"line_items\":[{\"id\":70,\"name\":\"Counter-top flower display with 8 featured products - Black Acrylic\",\"product_id\":452,\"variation_id\":871,\"quantity\":4,\"tax_class\":\"\",\"subtotal\":\"8600.00\",\"subtotal_tax\":\"645.00\",\"total\":\"8134.00\",\"total_tax\":\"610.05\",\"taxes\":[{\"id\":1,\"total\":\"610.05\",\"subtotal\":\"645.00\"}],\"meta_data\":[{\"id\":569,\"key\":\"pa_remedy-finish\",\"value\":\"black-acrylic\",\"display_key\":\"pa_remedy-finish\",\"display_value\":\"black-acrylic\"}],\"sku\":\"\",\"global_unique_id\":\"\",\"price\":2033.5,\"image\":{\"id\":865,\"src\":\"https:\\/\\/cannabis-kiosks.com\\/wp-content\\/uploads\\/2025\\/02\\/1400x1400-2.jpg\"},\"parent_name\":\"Counter-top flower display with 8 featured products\"},{\"id\":75,\"name\":\"Service -- Display Installation\",\"product_id\":372,\"variation_id\":0,\"quantity\":4,\"tax_class\":\"\",\"subtotal\":\"600.00\",\"subtotal_tax\":\"45.00\",\"total\":\"350.00\",\"total_tax\":\"26.25\",\"taxes\":[{\"id\":1,\"total\":\"26.25\",\"subtotal\":\"45.00\"}],\"meta_data\":[],\"sku\":\"\",\"global_unique_id\":\"\",\"price\":87.5,\"image\":{\"id\":\"\",\"src\":\"\"},\"parent_name\":null}],\"tax_lines\":[{\"id\":71,\"rate_code\":\"US-CA-US-CA-NEVADA COUNTY-GRASS VALLEY TAX-1\",\"rate_id\":1,\"label\":\"US-CA-NEVADA COUNTY-GRASS VALLEY Tax\",\"compound\":false,\"tax_total\":\"653.93\",\"shipping_tax_total\":\"0.00\",\"rate_percent\":7.5,\"meta_data\":[]}],\"shipping_lines\":[{\"id\":72,\"method_title\":\"Shipping\",\"method_id\":\"\",\"instance_id\":\"0\",\"total\":\"1806.00\",\"total_tax\":\"0.00\",\"taxes\":[],\"tax_status\":\"taxable\",\"meta_data\":[]}],\"fee_lines\":[{\"id\":74,\"name\":\"Monthly software license fee\",\"tax_class\":\"\",\"tax_status\":\"taxable\",\"amount\":\"235\",\"total\":\"235.00\",\"total_tax\":\"17.63\",\"taxes\":[{\"id\":1,\"total\":\"17.63\",\"subtotal\":\"\"}],\"meta_data\":[]}],\"coupon_lines\":[],\"refunds\":[],\"payment_url\":\"https:\\/\\/cannabis-kiosks.com\\/checkout\\/order-pay\\/3016\\/?pay_for_order=true&key=wc_order_XfLuR0hXsGWr2\",\"is_editable\":true,\"needs_payment\":true,\"needs_processing\":true,\"date_created_gmt\":\"2025-05-27T20:42:32\",\"date_modified_gmt\":\"2025-05-27T21:19:53\",\"date_completed_gmt\":null,\"date_paid_gmt\":null,\"currency_symbol\":\"$\",\"_links\":{\"self\":[{\"href\":\"https:\\/\\/cannabis-kiosks.com\\/wp-json\\/wc\\/v3\\/orders\\/3016\",\"targetHints\":{\"allow\":[\"GET\",\"POST\",\"PUT\",\"PATCH\",\"DELETE\"]}}],\"collection\":[{\"href\":\"https:\\/\\/cannabis-kiosks.com\\/wp-json\\/wc\\/v3\\/orders\"}],\"email_templates\":[{\"embeddable\":true,\"href\":\"https:\\/\\/cannabis-kiosks.com\\/wp-json\\/wc\\/v3\\/orders\\/3016\\/actions\\/email_templates\"}],\"customer\":[{\"href\":\"https:\\/\\/cannabis-kiosks.com\\/wp-json\\/wc\\/v3\\/customers\\/1\"}]}}
            [Response] => Array
                (
                    [Code] => 200
                    [Message] => OK
                    [Headers] => WpOrg\Requests\Utility\CaseInsensitiveDictionary Object
                        (
                            [data:protected] => Array
                                (
                                    [date] => Tue, 14 Oct 2025 23:09:50 GMT
                                    [content-length] => 0
                                    [cf-ray] => 98eabf282911db93-CDG
                                    [vary] => Origin
                                    [via] => 1.1 google
                                    [cf-cache-status] => DYNAMIC
                                    [strict-transport-security] => max-age=15552000
                                    [server] => cloudflare
                                )

                        )

                    [Body] => 
                )

        )

)
